This is pdfTeX, Version 3.141592653-2.6-1.40.25 (TeX Live 2023/Debian) (preloaded format=pdflatex 2025.9.19)  7 SEP 2026 03:52
entering extended mode
 restricted \write18 enabled.
 %&-line parsing enabled.
**acceptance_slides.tex
(./acceptance_slides.tex
LaTeX2e <2023-11-01> patch level 1
L3 programming layer <2024-01-22>
(/usr/share/texlive/texmf-dist/tex/latex/beamer/beamer.cls
Document Class: beamer 2024/01/06 v3.71 A class for typesetting presentations
(/usr/share/texlive/texmf-dist/tex/latex/beamer/beamerbasemodes.sty
(/usr/share/texlive/texmf-dist/tex/latex/etoolbox/etoolbox.sty
Package: etoolbox 2020/10/05 v2.5k e-TeX tools for LaTeX (JAW)
\etb@tempcnta=\count187
)
\beamer@tempbox=\box51
\beamer@tempcount=\count188
\c@beamerpauses=\count189

(/usr/share/texlive/texmf-dist/tex/latex/beamer/beamerbasedecode.sty
\beamer@slideinframe=\count190
\beamer@minimum=\count191
\beamer@decode@box=\box52
)
\beamer@commentbox=\box53
\beamer@modecount=\count192
)
(/usr/share/texlive/texmf-dist/tex/generic/iftex/iftex.sty
Package: iftex 2022/02/03 v1.0f TeX engine tests
)
\headdp=\dimen140
\footheight=\dimen141
\sidebarheight=\dimen142
\beamer@tempdim=\dimen143
\beamer@finalheight=\dimen144
\beamer@animht=\dimen145
\beamer@animdp=\dimen146
\beamer@animwd=\dimen147
\beamer@leftmargin=\dimen148
\beamer@rightmargin=\dimen149
\beamer@leftsidebar=\dimen150
\beamer@rightsidebar=\dimen151
\beamer@boxsize=\dimen152
\beamer@vboxoffset=\dimen153
\beamer@descdefault=\dimen154
\beamer@descriptionwidth=\dimen155
\beamer@lastskip=\skip48
\beamer@areabox=\box54
\beamer@animcurrent=\box55
\beamer@animshowbox=\box56
\beamer@sectionbox=\box57
\beamer@logobox=\box58
\beamer@linebox=\box59
\beamer@sectioncount=\count193
\beamer@subsubsectionmax=\count194
\beamer@subsectionmax=\count195
\beamer@sectionmax=\count196
\beamer@totalheads=\count197
\beamer@headcounter=\count198
\beamer@partstartpage=\count199
\beamer@sectionstartpage=\count266
\beamer@subsectionstartpage=\count267
\beamer@animationtempa=\count268
\beamer@animationtempb=\count269
\beamer@xpos=\count270
\beamer@ypos=\count271
\beamer@ypos@offset=\count272
\beamer@showpartnumber=\count273
\beamer@currentsubsection=\count274
\beamer@coveringdepth=\count275
\beamer@sectionadjust=\count276
\beamer@toclastsection=\count277
\beamer@tocsectionnumber=\count278

(/usr/share/texlive/texmf-dist/tex/latex/beamer/beamerbaseoptions.sty
(/usr/share/texlive/texmf-dist/tex/latex/graphics/keyval.sty
Package: keyval 2022/05/29 v1.15 key=value parser (DPC)
\KV@toks@=\toks17
))
\beamer@paperwidth=\skip49
\beamer@paperheight=\skip50

(/usr/share/texlive/texmf-dist/tex/latex/geometry/geometry.sty
Package: geometry 2020/01/02 v5.9 Page Geometry

(/usr/share/texlive/texmf-dist/tex/generic/iftex/ifvtex.sty
Package: ifvtex 2019/10/25 v1.7 ifvtex legacy package. Use iftex instead.
)
\Gm@cnth=\count279
\Gm@cntv=\count280
\c@Gm@tempcnt=\count281
\Gm@bindingoffset=\dimen156
\Gm@wd@mp=\dimen157
\Gm@odd@mp=\dimen158
\Gm@even@mp=\dimen159
\Gm@layoutwidth=\dimen160
\Gm@layoutheight=\dimen161
\Gm@layouthoffset=\dimen162
\Gm@layoutvoffset=\dimen163
\Gm@dimlist=\toks18
)
(/usr/share/texlive/texmf-dist/tex/latex/pgf/math/pgfmath.sty
(/usr/share/texlive/texmf-dist/tex/latex/pgf/utilities/pgfrcs.sty
(/usr/share/texlive/texmf-dist/tex/generic/pgf/utilities/pgfutil-common.tex
\pgfutil@everybye=\toks19
\pgfutil@tempdima=\dimen164
\pgfutil@tempdimb=\dimen165
)
(/usr/share/texlive/texmf-dist/tex/generic/pgf/utilities/pgfutil-latex.def
\pgfutil@abb=\box60
)
(/usr/share/texlive/texmf-dist/tex/generic/pgf/utilities/pgfrcs.code.tex
(/usr/share/texlive/texmf-dist/tex/generic/pgf/pgf.revision.tex)
Package: pgfrcs 2023-01-15 v3.1.10 (3.1.10)
))
(/usr/share/texlive/texmf-dist/tex/latex/pgf/utilities/pgfkeys.sty
(/usr/share/texlive/texmf-dist/tex/generic/pgf/utilities/pgfkeys.code.tex
\pgfkeys@pathtoks=\toks20
\pgfkeys@temptoks=\toks21

(/usr/share/texlive/texmf-dist/tex/generic/pgf/utilities/pgfkeyslibraryfiltered
.code.tex
\pgfkeys@tmptoks=\toks22
)))
(/usr/share/texlive/texmf-dist/tex/generic/pgf/math/pgfmath.code.tex
(/usr/share/texlive/texmf-dist/tex/generic/pgf/math/pgfmathutil.code.tex
\pgf@x=\dimen166
\pgf@xa=\dimen167
\pgf@xb=\dimen168
\pgf@xc=\dimen169
\pgf@y=\dimen170
\pgf@ya=\dimen171
\pgf@yb=\dimen172
\pgf@yc=\dimen173
\c@pgf@counta=\count282
\c@pgf@countb=\count283
\c@pgf@countc=\count284
\c@pgf@countd=\count285
)
(/usr/share/texlive/texmf-dist/tex/generic/pgf/math/pgfmathparser.code.tex
\pgfmath@dimen=\dimen174
\pgfmath@count=\count286
\pgfmath@box=\box61
\pgfmath@toks=\toks23
\pgfmath@stack@operand=\toks24
\pgfmath@stack@operation=\toks25
)
(/usr/share/texlive/texmf-dist/tex/generic/pgf/math/pgfmathfunctions.code.tex)
(/usr/share/texlive/texmf-dist/tex/generic/pgf/math/pgfmathfunctions.basic.code
.tex)
(/usr/share/texlive/texmf-dist/tex/generic/pgf/math/pgfmathfunctions.trigonomet
ric.code.tex)
(/usr/share/texlive/texmf-dist/tex/generic/pgf/math/pgfmathfunctions.random.cod
e.tex)
(/usr/share/texlive/texmf-dist/tex/generic/pgf/math/pgfmathfunctions.comparison
.code.tex)
(/usr/share/texlive/texmf-dist/tex/generic/pgf/math/pgfmathfunctions.base.code.
tex)
(/usr/share/texlive/texmf-dist/tex/generic/pgf/math/pgfmathfunctions.round.code
.tex)
(/usr/share/texlive/texmf-dist/tex/generic/pgf/math/pgfmathfunctions.misc.code.
tex)
(/usr/share/texlive/texmf-dist/tex/generic/pgf/math/pgfmathfunctions.integerari
thmetics.code.tex)
(/usr/share/texlive/texmf-dist/tex/generic/pgf/math/pgfmathcalc.code.tex)
(/usr/share/texlive/texmf-dist/tex/generic/pgf/math/pgfmathfloat.code.tex
\c@pgfmathroundto@lastzeros=\count287
)))
(/usr/share/texlive/texmf-dist/tex/latex/base/size11.clo
File: size11.clo 2023/05/17 v1.4n Standard LaTeX file (size option)
)
(/usr/share/texlive/texmf-dist/tex/latex/pgf/basiclayer/pgfcore.sty
(/usr/share/texlive/texmf-dist/tex/latex/graphics/graphicx.sty
Package: graphicx 2021/09/16 v1.2d Enhanced LaTeX Graphics (DPC,SPQR)

(/usr/share/texlive/texmf-dist/tex/latex/graphics/graphics.sty
Package: graphics 2022/03/10 v1.4e Standard LaTeX Graphics (DPC,SPQR)

(/usr/share/texlive/texmf-dist/tex/latex/graphics/trig.sty
Package: trig 2021/08/11 v1.11 sin cos tan (DPC)
)
(/usr/share/texlive/texmf-dist/tex/latex/graphics-cfg/graphics.cfg
File: graphics.cfg 2016/06/04 v1.11 sample graphics configuration
)
Package graphics Info: Driver file: pdftex.def on input line 107.

(/usr/share/texlive/texmf-dist/tex/latex/graphics-def/pdftex.def
File: pdftex.def 2022/09/22 v1.2b Graphics/color driver for pdftex
))
\Gin@req@height=\dimen175
\Gin@req@width=\dimen176
)
(/usr/share/texlive/texmf-dist/tex/latex/pgf/systemlayer/pgfsys.sty
(/usr/share/texlive/texmf-dist/tex/generic/pgf/systemlayer/pgfsys.code.tex
Package: pgfsys 2023-01-15 v3.1.10 (3.1.10)
\pgf@x=\dimen177
\pgf@y=\dimen178
\pgf@xa=\dimen179
\pgf@ya=\dimen180
\pgf@xb=\dimen181
\pgf@yb=\dimen182
\pgf@xc=\dimen183
\pgf@yc=\dimen184
\pgf@xd=\dimen185
\pgf@yd=\dimen186
\w@pgf@writea=\write3
\r@pgf@reada=\read2
\c@pgf@counta=\count288
\c@pgf@countb=\count289
\c@pgf@countc=\count290
\c@pgf@countd=\count291
\t@pgf@toka=\toks26
\t@pgf@tokb=\toks27
\t@pgf@tokc=\toks28
\pgf@sys@id@count=\count292

(/usr/share/texlive/texmf-dist/tex/generic/pgf/systemlayer/pgf.cfg
File: pgf.cfg 2023-01-15 v3.1.10 (3.1.10)
)
Driver file for pgf: pgfsys-pdftex.def

(/usr/share/texlive/texmf-dist/tex/generic/pgf/systemlayer/pgfsys-pdftex.def
File: pgfsys-pdftex.def 2023-01-15 v3.1.10 (3.1.10)

(/usr/share/texlive/texmf-dist/tex/generic/pgf/systemlayer/pgfsys-common-pdf.de
f
File: pgfsys-common-pdf.def 2023-01-15 v3.1.10 (3.1.10)
)))
(/usr/share/texlive/texmf-dist/tex/generic/pgf/systemlayer/pgfsyssoftpath.code.
tex
File: pgfsyssoftpath.code.tex 2023-01-15 v3.1.10 (3.1.10)
\pgfsyssoftpath@smallbuffer@items=\count293
\pgfsyssoftpath@bigbuffer@items=\count294
)
(/usr/share/texlive/texmf-dist/tex/generic/pgf/systemlayer/pgfsysprotocol.code.
tex
File: pgfsysprotocol.code.tex 2023-01-15 v3.1.10 (3.1.10)
)) (/usr/share/texlive/texmf-dist/tex/latex/xcolor/xcolor.sty
Package: xcolor 2023/11/15 v3.01 LaTeX color extensions (UK)

(/usr/share/texlive/texmf-dist/tex/latex/graphics-cfg/color.cfg
File: color.cfg 2016/01/02 v1.6 sample color configuration
)
Package xcolor Info: Driver file: pdftex.def on input line 274.

(/usr/share/texlive/texmf-dist/tex/latex/graphics/mathcolor.ltx)
Package xcolor Info: Model `cmy' substituted by `cmy0' on input line 1350.
Package xcolor Info: Model `hsb' substituted by `rgb' on input line 1354.
Package xcolor Info: Model `RGB' extended on input line 1366.
Package xcolor Info: Model `HTML' substituted by `rgb' on input line 1368.
Package xcolor Info: Model `Hsb' substituted by `hsb' on input line 1369.
Package xcolor Info: Model `tHsb' substituted by `hsb' on input line 1370.
Package xcolor Info: Model `HSB' substituted by `hsb' on input line 1371.
Package xcolor Info: Model `Gray' substituted by `gray' on input line 1372.
Package xcolor Info: Model `wave' substituted by `hsb' on input line 1373.
)
(/usr/share/texlive/texmf-dist/tex/generic/pgf/basiclayer/pgfcore.code.tex
Package: pgfcore 2023-01-15 v3.1.10 (3.1.10)

(/usr/share/texlive/texmf-dist/tex/generic/pgf/math/pgfint.code.tex)
(/usr/share/texlive/texmf-dist/tex/generic/pgf/basiclayer/pgfcorepoints.code.te
x
File: pgfcorepoints.code.tex 2023-01-15 v3.1.10 (3.1.10)
\pgf@picminx=\dimen187
\pgf@picmaxx=\dimen188
\pgf@picminy=\dimen189
\pgf@picmaxy=\dimen190
\pgf@pathminx=\dimen191
\pgf@pathmaxx=\dimen192
\pgf@pathminy=\dimen193
\pgf@pathmaxy=\dimen194
\pgf@xx=\dimen195
\pgf@xy=\dimen196
\pgf@yx=\dimen197
\pgf@yy=\dimen198
\pgf@zx=\dimen199
\pgf@zy=\dimen256
)
(/usr/share/texlive/texmf-dist/tex/generic/pgf/basiclayer/pgfcorepathconstruct.
code.tex
File: pgfcorepathconstruct.code.tex 2023-01-15 v3.1.10 (3.1.10)
\pgf@path@lastx=\dimen257
\pgf@path@lasty=\dimen258
)
(/usr/share/texlive/texmf-dist/tex/generic/pgf/basiclayer/pgfcorepathusage.code
.tex
File: pgfcorepathusage.code.tex 2023-01-15 v3.1.10 (3.1.10)
\pgf@shorten@end@additional=\dimen259
\pgf@shorten@start@additional=\dimen260
)
(/usr/share/texlive/texmf-dist/tex/generic/pgf/basiclayer/pgfcorescopes.code.te
x
File: pgfcorescopes.code.tex 2023-01-15 v3.1.10 (3.1.10)
\pgfpic=\box62
\pgf@hbox=\box63
\pgf@layerbox@main=\box64
\pgf@picture@serial@count=\count295
)
(/usr/share/texlive/texmf-dist/tex/generic/pgf/basiclayer/pgfcoregraphicstate.c
ode.tex
File: pgfcoregraphicstate.code.tex 2023-01-15 v3.1.10 (3.1.10)
\pgflinewidth=\dimen261
)
(/usr/share/texlive/texmf-dist/tex/generic/pgf/basiclayer/pgfcoretransformation
s.code.tex
File: pgfcoretransformations.code.tex 2023-01-15 v3.1.10 (3.1.10)
\pgf@pt@x=\dimen262
\pgf@pt@y=\dimen263
\pgf@pt@temp=\dimen264
)
(/usr/share/texlive/texmf-dist/tex/generic/pgf/basiclayer/pgfcorequick.code.tex
File: pgfcorequick.code.tex 2023-01-15 v3.1.10 (3.1.10)
)
(/usr/share/texlive/texmf-dist/tex/generic/pgf/basiclayer/pgfcoreobjects.code.t
ex
File: pgfcoreobjects.code.tex 2023-01-15 v3.1.10 (3.1.10)
)
(/usr/share/texlive/texmf-dist/tex/generic/pgf/basiclayer/pgfcorepathprocessing
.code.tex
File: pgfcorepathprocessing.code.tex 2023-01-15 v3.1.10 (3.1.10)
)
(/usr/share/texlive/texmf-dist/tex/generic/pgf/basiclayer/pgfcorearrows.code.te
x
File: pgfcorearrows.code.tex 2023-01-15 v3.1.10 (3.1.10)
\pgfarrowsep=\dimen265
)
(/usr/share/texlive/texmf-dist/tex/generic/pgf/basiclayer/pgfcoreshade.code.tex
File: pgfcoreshade.code.tex 2023-01-15 v3.1.10 (3.1.10)
\pgf@max=\dimen266
\pgf@sys@shading@range@num=\count296
\pgf@shadingcount=\count297
)
(/usr/share/texlive/texmf-dist/tex/generic/pgf/basiclayer/pgfcoreimage.code.tex
File: pgfcoreimage.code.tex 2023-01-15 v3.1.10 (3.1.10)
)
(/usr/share/texlive/texmf-dist/tex/generic/pgf/basiclayer/pgfcoreexternal.code.
tex
File: pgfcoreexternal.code.tex 2023-01-15 v3.1.10 (3.1.10)
\pgfexternal@startupbox=\box65
)
(/usr/share/texlive/texmf-dist/tex/generic/pgf/basiclayer/pgfcorelayers.code.te
x
File: pgfcorelayers.code.tex 2023-01-15 v3.1.10 (3.1.10)
)
(/usr/share/texlive/texmf-dist/tex/generic/pgf/basiclayer/pgfcoretransparency.c
ode.tex
File: pgfcoretransparency.code.tex 2023-01-15 v3.1.10 (3.1.10)
)
(/usr/share/texlive/texmf-dist/tex/generic/pgf/basiclayer/pgfcorepatterns.code.
tex
File: pgfcorepatterns.code.tex 2023-01-15 v3.1.10 (3.1.10)
)
(/usr/share/texlive/texmf-dist/tex/generic/pgf/basiclayer/pgfcorerdf.code.tex
File: pgfcorerdf.code.tex 2023-01-15 v3.1.10 (3.1.10)
))) (/usr/share/texlive/texmf-dist/tex/latex/pgf/utilities/xxcolor.sty
Package: xxcolor 2003/10/24 ver 0.1
\XC@nummixins=\count298
\XC@countmixins=\count299
)
(/usr/share/texlive/texmf-dist/tex/latex/base/atbegshi-ltx.sty
Package: atbegshi-ltx 2021/01/10 v1.0c Emulation of the original atbegshi
package with kernel methods
)
(/usr/share/texlive/texmf-dist/tex/latex/hyperref/hyperref.sty
Package: hyperref 2024-01-20 v7.01h Hypertext links for LaTeX

(/usr/share/texlive/texmf-dist/tex/latex/kvsetkeys/kvsetkeys.sty
Package: kvsetkeys 2022-10-05 v1.19 Key value parser (HO)
)
(/usr/share/texlive/texmf-dist/tex/generic/kvdefinekeys/kvdefinekeys.sty
Package: kvdefinekeys 2019-12-19 v1.6 Define keys (HO)
)
(/usr/share/texlive/texmf-dist/tex/generic/pdfescape/pdfescape.sty
Package: pdfescape 2019/12/09 v1.15 Implements pdfTeX's escape features (HO)

(/usr/share/texlive/texmf-dist/tex/generic/ltxcmds/ltxcmds.sty
Package: ltxcmds 2023-12-04 v1.26 LaTeX kernel commands for general use (HO)
)
(/usr/share/texlive/texmf-dist/tex/generic/pdftexcmds/pdftexcmds.sty
Package: pdftexcmds 2020-06-27 v0.33 Utility functions of pdfTeX for LuaTeX (HO
)

(/usr/share/texlive/texmf-dist/tex/generic/infwarerr/infwarerr.sty
Package: infwarerr 2019/12/03 v1.5 Providing info/warning/error messages (HO)
)
Package pdftexcmds Info: \pdf@primitive is available.
Package pdftexcmds Info: \pdf@ifprimitive is available.
Package pdftexcmds Info: \pdfdraftmode found.
))
(/usr/share/texlive/texmf-dist/tex/latex/hycolor/hycolor.sty
Package: hycolor 2020-01-27 v1.10 Color options for hyperref/bookmark (HO)
)
(/usr/share/texlive/texmf-dist/tex/latex/auxhook/auxhook.sty
Package: auxhook 2019-12-17 v1.6 Hooks for auxiliary files (HO)
)
(/usr/share/texlive/texmf-dist/tex/latex/hyperref/nameref.sty
Package: nameref 2023-11-26 v2.56 Cross-referencing by name of section

(/usr/share/texlive/texmf-dist/tex/latex/refcount/refcount.sty
Package: refcount 2019/12/15 v3.6 Data extraction from label references (HO)
)
(/usr/share/texlive/texmf-dist/tex/generic/gettitlestring/gettitlestring.sty
Package: gettitlestring 2019/12/15 v1.6 Cleanup title references (HO)

(/usr/share/texlive/texmf-dist/tex/latex/kvoptions/kvoptions.sty
Package: kvoptions 2022-06-15 v3.15 Key value format for package options (HO)
))
\c@section@level=\count300
)
\@linkdim=\dimen267
\Hy@linkcounter=\count301
\Hy@pagecounter=\count302

(/usr/share/texlive/texmf-dist/tex/latex/hyperref/pd1enc.def
File: pd1enc.def 2024-01-20 v7.01h Hyperref: PDFDocEncoding definition (HO)
Now handling font encoding PD1 ...
... no UTF-8 mapping file for font encoding PD1
)
(/usr/share/texlive/texmf-dist/tex/generic/intcalc/intcalc.sty
Package: intcalc 2019/12/15 v1.3 Expandable calculations with integers (HO)
)
\Hy@SavedSpaceFactor=\count303

(/usr/share/texlive/texmf-dist/tex/latex/hyperref/puenc.def
File: puenc.def 2024-01-20 v7.01h Hyperref: PDF Unicode definition (HO)
Now handling font encoding PU ...
... no UTF-8 mapping file for font encoding PU
)
Package hyperref Info: Option `bookmarks' set `true' on input line 4062.
Package hyperref Info: Option `bookmarksopen' set `true' on input line 4062.
Package hyperref Info: Option `implicit' set `false' on input line 4062.
Package hyperref Info: Hyper figures OFF on input line 4179.
Package hyperref Info: Link nesting OFF on input line 4184.
Package hyperref Info: Hyper index ON on input line 4187.
Package hyperref Info: Plain pages OFF on input line 4194.
Package hyperref Info: Backreferencing OFF on input line 4199.
Package hyperref Info: Implicit mode OFF; no redefinition of LaTeX internals.
Package hyperref Info: Bookmarks ON on input line 4446.
\c@Hy@tempcnt=\count304

(/usr/share/texlive/texmf-dist/tex/latex/url/url.sty
\Urlmuskip=\muskip16
Package: url 2013/09/16  ver 3.4  Verb mode for urls, etc.
)
LaTeX Info: Redefining \url on input line 4784.
\XeTeXLinkMargin=\dimen268

(/usr/share/texlive/texmf-dist/tex/generic/bitset/bitset.sty
Package: bitset 2019/12/09 v1.3 Handle bit-vector datatype (HO)

(/usr/share/texlive/texmf-dist/tex/generic/bigintcalc/bigintcalc.sty
Package: bigintcalc 2019/12/15 v1.5 Expandable calculations on big integers (HO
)
))
\Fld@menulength=\count305
\Field@Width=\dimen269
\Fld@charsize=\dimen270
Package hyperref Info: Hyper figures OFF on input line 6063.
Package hyperref Info: Link nesting OFF on input line 6068.
Package hyperref Info: Hyper index ON on input line 6071.
Package hyperref Info: backreferencing OFF on input line 6078.
Package hyperref Info: Link coloring OFF on input line 6083.
Package hyperref Info: Link coloring with OCG OFF on input line 6088.
Package hyperref Info: PDF/A mode OFF on input line 6093.
\Hy@abspage=\count306


Package hyperref Message: Stopped early.

)
Package hyperref Info: Driver (autodetected): hpdftex.
 (/usr/share/texlive/texmf-dist/tex/latex/hyperref/hpdftex.def
File: hpdftex.def 2024-01-20 v7.01h Hyperref driver for pdfTeX

(/usr/share/texlive/texmf-dist/tex/latex/base/atveryend-ltx.sty
Package: atveryend-ltx 2020/08/19 v1.0a Emulation of the original atveryend pac
kage
with kernel methods
)
\Fld@listcount=\count307
\c@bookmark@seq@number=\count308

(/usr/share/texlive/texmf-dist/tex/latex/rerunfilecheck/rerunfilecheck.sty
Package: rerunfilecheck 2022-07-10 v1.10 Rerun checks for auxiliary files (HO)

(/usr/share/texlive/texmf-dist/tex/generic/uniquecounter/uniquecounter.sty
Package: uniquecounter 2019/12/15 v1.4 Provide unlimited unique counter (HO)
)
Package uniquecounter Info: New unique counter `rerunfilecheck' on input line 2
85.
))
(/usr/share/texlive/texmf-dist/tex/latex/beamer/beamerbaserequires.sty
(/usr/share/texlive/texmf-dist/tex/latex/beamer/beamerbasecompatibility.sty)
(/usr/share/texlive/texmf-dist/tex/latex/beamer/beamerbasefont.sty
(/usr/share/texlive/texmf-dist/tex/latex/amsfonts/amssymb.sty
Package: amssymb 2013/01/14 v3.01 AMS font symbols

(/usr/share/texlive/texmf-dist/tex/latex/amsfonts/amsfonts.sty
Package: amsfonts 2013/01/14 v3.01 Basic AMSFonts support
\@emptytoks=\toks29
\symAMSa=\mathgroup4
\symAMSb=\mathgroup5
LaTeX Font Info:    Redeclaring math symbol \hbar on input line 98.
LaTeX Font Info:    Overwriting math alphabet `\mathfrak' in version `bold'
(Font)                  U/euf/m/n --> U/euf/b/n on input line 106.
))
(/usr/share/texlive/texmf-dist/tex/latex/sansmathaccent/sansmathaccent.sty
Package: sansmathaccent 2020/01/31

(/usr/share/texlive/texmf-dist/tex/latex/koma-script/scrlfile.sty
Package: scrlfile 2023/07/07 v3.41 KOMA-Script package (file load hooks)

(/usr/share/texlive/texmf-dist/tex/latex/koma-script/scrlfile-hook.sty
Package: scrlfile-hook 2023/07/07 v3.41 KOMA-Script package (using LaTeX hooks)


(/usr/share/texlive/texmf-dist/tex/latex/koma-script/scrlogo.sty
Package: scrlogo 2023/07/07 v3.41 KOMA-Script package (logo)
)))))
(/usr/share/texlive/texmf-dist/tex/latex/beamer/beamerbasetranslator.sty
(/usr/share/texlive/texmf-dist/tex/latex/translator/translator.sty
Package: translator 2021-05-31 v1.12d Easy translation of strings in LaTeX
))
(/usr/share/texlive/texmf-dist/tex/latex/beamer/beamerbasemisc.sty)
(/usr/share/texlive/texmf-dist/tex/latex/beamer/beamerbasetwoscreens.sty)
(/usr/share/texlive/texmf-dist/tex/latex/beamer/beamerbaseoverlay.sty
\beamer@argscount=\count309
\beamer@lastskipcover=\skip51
\beamer@trivlistdepth=\count310
)
(/usr/share/texlive/texmf-dist/tex/latex/beamer/beamerbasetitle.sty)
(/usr/share/texlive/texmf-dist/tex/latex/beamer/beamerbasesection.sty
\c@lecture=\count311
\c@part=\count312
\c@section=\count313
\c@subsection=\count314
\c@subsubsection=\count315
)
(/usr/share/texlive/texmf-dist/tex/latex/beamer/beamerbaseframe.sty
\beamer@framebox=\box66
\beamer@frametitlebox=\box67
\beamer@zoombox=\box68
\beamer@zoomcount=\count316
\beamer@zoomframecount=\count317
\beamer@frametextheight=\dimen271
\c@subsectionslide=\count318
\beamer@frametopskip=\skip52
\beamer@framebottomskip=\skip53
\beamer@frametopskipautobreak=\skip54
\beamer@framebottomskipautobreak=\skip55
\beamer@envbody=\toks30
\framewidth=\dimen272
\c@framenumber=\count319
)
(/usr/share/texlive/texmf-dist/tex/latex/beamer/beamerbaseverbatim.sty
\beamer@verbatimfileout=\write4
)
(/usr/share/texlive/texmf-dist/tex/latex/beamer/beamerbaseframesize.sty
\beamer@splitbox=\box69
\beamer@autobreakcount=\count320
\beamer@autobreaklastheight=\dimen273
\beamer@frametitletoks=\toks31
\beamer@framesubtitletoks=\toks32
)
(/usr/share/texlive/texmf-dist/tex/latex/beamer/beamerbaseframecomponents.sty
\beamer@footins=\box70
)
(/usr/share/texlive/texmf-dist/tex/latex/beamer/beamerbasecolor.sty)
(/usr/share/texlive/texmf-dist/tex/latex/beamer/beamerbasenotes.sty
\beamer@frameboxcopy=\box71
)
(/usr/share/texlive/texmf-dist/tex/latex/beamer/beamerbasetoc.sty)
(/usr/share/texlive/texmf-dist/tex/latex/beamer/beamerbasetemplates.sty
\beamer@sbttoks=\toks33

(/usr/share/texlive/texmf-dist/tex/latex/beamer/beamerbaseauxtemplates.sty
(/usr/share/texlive/texmf-dist/tex/latex/beamer/beamerbaseboxes.sty
\bmb@box=\box72
\bmb@colorbox=\box73
\bmb@boxwidth=\dimen274
\bmb@boxheight=\dimen275
\bmb@prevheight=\dimen276
\bmb@temp=\dimen277
\bmb@dima=\dimen278
\bmb@dimb=\dimen279
\bmb@prevheight=\dimen280
)
\beamer@blockheadheight=\dimen281
))
(/usr/share/texlive/texmf-dist/tex/latex/beamer/beamerbaselocalstructure.sty
(/usr/share/texlive/texmf-dist/tex/latex/tools/enumerate.sty
Package: enumerate 2023/07/04 v3.00 enumerate extensions (DPC)
\@enLab=\toks34
)
\beamer@bibiconwidth=\skip56
\c@figure=\count321
\c@table=\count322
\abovecaptionskip=\skip57
\belowcaptionskip=\skip58
)
(/usr/share/texlive/texmf-dist/tex/latex/beamer/beamerbasenavigation.sty
(/usr/share/texlive/texmf-dist/tex/latex/beamer/beamerbasenavigationsymbols.tex
)
\beamer@section@min@dim=\dimen282
) (/usr/share/texlive/texmf-dist/tex/latex/beamer/beamerbasetheorems.sty
(/usr/share/texlive/texmf-dist/tex/latex/amsmath/amsmath.sty
Package: amsmath 2023/05/13 v2.17o AMS math features
\@mathmargin=\skip59

For additional information on amsmath, use the `?' option.
(/usr/share/texlive/texmf-dist/tex/latex/amsmath/amstext.sty
Package: amstext 2021/08/26 v2.01 AMS text

(/usr/share/texlive/texmf-dist/tex/latex/amsmath/amsgen.sty
File: amsgen.sty 1999/11/30 v2.0 generic functions
\@emptytoks=\toks35
\ex@=\dimen283
))
(/usr/share/texlive/texmf-dist/tex/latex/amsmath/amsbsy.sty
Package: amsbsy 1999/11/29 v1.2d Bold Symbols
\pmbraise@=\dimen284
)
(/usr/share/texlive/texmf-dist/tex/latex/amsmath/amsopn.sty
Package: amsopn 2022/04/08 v2.04 operator names
)
\inf@bad=\count323
LaTeX Info: Redefining \frac on input line 234.
\uproot@=\count324
\leftroot@=\count325
LaTeX Info: Redefining \overline on input line 399.
LaTeX Info: Redefining \colon on input line 410.
\classnum@=\count326
\DOTSCASE@=\count327
LaTeX Info: Redefining \ldots on input line 496.
LaTeX Info: Redefining \dots on input line 499.
LaTeX Info: Redefining \cdots on input line 620.
\Mathstrutbox@=\box74
\strutbox@=\box75
LaTeX Info: Redefining \big on input line 722.
LaTeX Info: Redefining \Big on input line 723.
LaTeX Info: Redefining \bigg on input line 724.
LaTeX Info: Redefining \Bigg on input line 725.
\big@size=\dimen285
LaTeX Font Info:    Redeclaring font encoding OML on input line 743.
LaTeX Font Info:    Redeclaring font encoding OMS on input line 744.
\macc@depth=\count328
LaTeX Info: Redefining \bmod on input line 905.
LaTeX Info: Redefining \pmod on input line 910.
LaTeX Info: Redefining \smash on input line 940.
LaTeX Info: Redefining \relbar on input line 970.
LaTeX Info: Redefining \Relbar on input line 971.
\c@MaxMatrixCols=\count329
\dotsspace@=\muskip17
\c@parentequation=\count330
\dspbrk@lvl=\count331
\tag@help=\toks36
\row@=\count332
\column@=\count333
\maxfields@=\count334
\andhelp@=\toks37
\eqnshift@=\dimen286
\alignsep@=\dimen287
\tagshift@=\dimen288
\tagwidth@=\dimen289
\totwidth@=\dimen290
\lineht@=\dimen291
\@envbody=\toks38
\multlinegap=\skip60
\multlinetaggap=\skip61
\mathdisplay@stack=\toks39
LaTeX Info: Redefining \[ on input line 2953.
LaTeX Info: Redefining \] on input line 2954.
)
(/usr/share/texlive/texmf-dist/tex/latex/amscls/amsthm.sty
Package: amsthm 2020/05/29 v2.20.6
\thm@style=\toks40
\thm@bodyfont=\toks41
\thm@headfont=\toks42
\thm@notefont=\toks43
\thm@headpunct=\toks44
\thm@preskip=\skip62
\thm@postskip=\skip63
\thm@headsep=\skip64
\dth@everypar=\toks45
)
\c@theorem=\count335
)
(/usr/share/texlive/texmf-dist/tex/latex/beamer/beamerbasethemes.sty))
(/usr/share/texlive/texmf-dist/tex/latex/beamer/beamerthemedefault.sty
(/usr/share/texlive/texmf-dist/tex/latex/beamer/beamerfontthemedefault.sty)
(/usr/share/texlive/texmf-dist/tex/latex/beamer/beamercolorthemedefault.sty)
(/usr/share/texlive/texmf-dist/tex/latex/beamer/beamerinnerthemedefault.sty
\beamer@dima=\dimen292
\beamer@dimb=\dimen293
)
(/usr/share/texlive/texmf-dist/tex/latex/beamer/beamerouterthemedefault.sty)))
(/usr/share/texlive/texmf-dist/tex/latex/beamer/beamerthemeMadrid.sty
(/usr/share/texlive/texmf-dist/tex/latex/beamer/beamercolorthemewhale.sty)
(/usr/share/texlive/texmf-dist/tex/latex/beamer/beamercolorthemeorchid.sty)
(/usr/share/texlive/texmf-dist/tex/latex/beamer/beamerinnerthemerounded.sty)
(/usr/share/texlive/texmf-dist/tex/latex/beamer/beamerouterthemeinfolines.sty))
(/usr/share/texlive/texmf-dist/tex/latex/l3backend/l3backend-pdftex.def
File: l3backend-pdftex.def 2024-01-04 L3 backend support: PDF output (pdfTeX)
\l__color_backend_stack_int=\count336
\l__pdf_internal_box=\box76
)
(./acceptance_slides.aux)
\openout1 = `acceptance_slides.aux'.

LaTeX Font Info:    Checking defaults for OML/cmm/m/it on input line 16.
LaTeX Font Info:    ... okay on input line 16.
LaTeX Font Info:    Checking defaults for OMS/cmsy/m/n on input line 16.
LaTeX Font Info:    ... okay on input line 16.
LaTeX Font Info:    Checking defaults for OT1/cmr/m/n on input line 16.
LaTeX Font Info:    ... okay on input line 16.
LaTeX Font Info:    Checking defaults for T1/cmr/m/n on input line 16.
LaTeX Font Info:    ... okay on input line 16.
LaTeX Font Info:    Checking defaults for TS1/cmr/m/n on input line 16.
LaTeX Font Info:    ... okay on input line 16.
LaTeX Font Info:    Checking defaults for OMX/cmex/m/n on input line 16.
LaTeX Font Info:    ... okay on input line 16.
LaTeX Font Info:    Checking defaults for U/cmr/m/n on input line 16.
LaTeX Font Info:    ... okay on input line 16.
LaTeX Font Info:    Checking defaults for PD1/pdf/m/n on input line 16.
LaTeX Font Info:    ... okay on input line 16.
LaTeX Font Info:    Checking defaults for PU/pdf/m/n on input line 16.
LaTeX Font Info:    ... okay on input line 16.

*geometry* driver: auto-detecting
*geometry* detected driver: pdftex
*geometry* verbose mode - [ preamble ] result:
* driver: pdftex
* paper: custom
* layout: <same size as paper>
* layoutoffset:(h,v)=(0.0pt,0.0pt)
* modes: includehead includefoot 
* h-part:(L,W,R)=(10.95003pt, 433.34402pt, 10.95003pt)
* v-part:(T,H,B)=(0.0pt, 256.0748pt, 0.0pt)
* \paperwidth=455.24408pt
* \paperheight=256.0748pt
* \textwidth=433.34402pt
* \textheight=227.62207pt
* \oddsidemargin=-61.31996pt
* \evensidemargin=-61.31996pt
* \topmargin=-72.26999pt
* \headheight=14.22636pt
* \headsep=0.0pt
* \topskip=11.0pt
* \footskip=14.22636pt
* \marginparwidth=4.0pt
* \marginparsep=10.0pt
* \columnsep=10.0pt
* \skip\footins=10.0pt plus 4.0pt minus 2.0pt
* \hoffset=0.0pt
* \voffset=0.0pt
* \mag=1000
* \@twocolumnfalse
* \@twosidefalse
* \@mparswitchfalse
* \@reversemarginfalse
* (1in=72.27pt=25.4mm, 1cm=28.453pt)

(/usr/share/texlive/texmf-dist/tex/context/base/mkii/supp-pdf.mkii
[Loading MPS to PDF converter (version 2006.09.02).]
\scratchcounter=\count337
\scratchdimen=\dimen294
\scratchbox=\box77
\nofMPsegments=\count338
\nofMParguments=\count339
\everyMPshowfont=\toks46
\MPscratchCnt=\count340
\MPscratchDim=\dimen295
\MPnumerator=\count341
\makeMPintoPDFobject=\count342
\everyMPtoPDFconversion=\toks47
) (/usr/share/texlive/texmf-dist/tex/latex/epstopdf-pkg/epstopdf-base.sty
Package: epstopdf-base 2020-01-24 v2.11 Base part for package epstopdf
Package epstopdf-base Info: Redefining graphics rule for `.eps' on input line 4
85.

(/usr/share/texlive/texmf-dist/tex/latex/latexconfig/epstopdf-sys.cfg
File: epstopdf-sys.cfg 2010/07/13 v1.3 Configuration of (r)epstopdf for TeX Liv
e
))
Package hyperref Info: Link coloring OFF on input line 16.

(./acceptance_slides.out) (./acceptance_slides.out)
\@outlinefile=\write5
\openout5 = `acceptance_slides.out'.

LaTeX Font Info:    Overwriting symbol font `operators' in version `normal'
(Font)                  OT1/cmr/m/n --> OT1/cmss/m/n on input line 16.
LaTeX Font Info:    Overwriting symbol font `operators' in version `bold'
(Font)                  OT1/cmr/bx/n --> OT1/cmss/b/n on input line 16.
\symnumbers=\mathgroup6
\sympureletters=\mathgroup7
LaTeX Font Info:    Overwriting math alphabet `\mathrm' in version `normal'
(Font)                  OT1/cmss/m/n --> OT1/cmr/m/n on input line 16.
LaTeX Font Info:    Redeclaring math alphabet \mathbf on input line 16.
LaTeX Font Info:    Overwriting math alphabet `\mathbf' in version `normal'
(Font)                  OT1/cmr/bx/n --> OT1/cmss/b/n on input line 16.
LaTeX Font Info:    Overwriting math alphabet `\mathbf' in version `bold'
(Font)                  OT1/cmr/bx/n --> OT1/cmss/b/n on input line 16.
LaTeX Font Info:    Redeclaring math alphabet \mathsf on input line 16.
LaTeX Font Info:    Overwriting math alphabet `\mathsf' in version `normal'
(Font)                  OT1/cmss/m/n --> OT1/cmss/m/n on input line 16.
LaTeX Font Info:    Overwriting math alphabet `\mathsf' in version `bold'
(Font)                  OT1/cmss/bx/n --> OT1/cmss/m/n on input line 16.
LaTeX Font Info:    Redeclaring math alphabet \mathit on input line 16.
LaTeX Font Info:    Overwriting math alphabet `\mathit' in version `normal'
(Font)                  OT1/cmr/m/it --> OT1/cmss/m/it on input line 16.
LaTeX Font Info:    Overwriting math alphabet `\mathit' in version `bold'
(Font)                  OT1/cmr/bx/it --> OT1/cmss/m/it on input line 16.
LaTeX Font Info:    Redeclaring math alphabet \mathtt on input line 16.
LaTeX Font Info:    Overwriting math alphabet `\mathtt' in version `normal'
(Font)                  OT1/cmtt/m/n --> OT1/cmtt/m/n on input line 16.
LaTeX Font Info:    Overwriting math alphabet `\mathtt' in version `bold'
(Font)                  OT1/cmtt/m/n --> OT1/cmtt/m/n on input line 16.
LaTeX Font Info:    Overwriting symbol font `numbers' in version `bold'
(Font)                  OT1/cmss/m/n --> OT1/cmss/b/n on input line 16.
LaTeX Font Info:    Overwriting symbol font `pureletters' in version `bold'
(Font)                  OT1/cmss/m/it --> OT1/cmss/b/it on input line 16.
LaTeX Font Info:    Overwriting math alphabet `\mathrm' in version `bold'
(Font)                  OT1/cmss/b/n --> OT1/cmr/b/n on input line 16.
LaTeX Font Info:    Overwriting math alphabet `\mathbf' in version `bold'
(Font)                  OT1/cmss/b/n --> OT1/cmss/b/n on input line 16.
LaTeX Font Info:    Overwriting math alphabet `\mathsf' in version `bold'
(Font)                  OT1/cmss/m/n --> OT1/cmss/b/n on input line 16.
LaTeX Font Info:    Overwriting math alphabet `\mathit' in version `bold'
(Font)                  OT1/cmss/m/it --> OT1/cmss/b/it on input line 16.
LaTeX Font Info:    Overwriting math alphabet `\mathtt' in version `bold'
(Font)                  OT1/cmtt/m/n --> OT1/cmtt/b/n on input line 16.
LaTeX Font Info:    Redeclaring symbol font `pureletters' on input line 16.
LaTeX Font Info:    Overwriting symbol font `pureletters' in version `normal'
(Font)                  OT1/cmss/m/it --> OT1/mathkerncmss/m/sl on input line 1
6.
LaTeX Font Info:    Overwriting symbol font `pureletters' in version `bold'
(Font)                  OT1/cmss/b/it --> OT1/mathkerncmss/m/sl on input line 1
6.
LaTeX Font Info:    Overwriting symbol font `pureletters' in version `bold'
(Font)                  OT1/mathkerncmss/m/sl --> OT1/mathkerncmss/bx/sl on inp
ut line 16.

(/usr/share/texlive/texmf-dist/tex/latex/translator/translator-basic-dictionary
-English.dict
Dictionary: translator-basic-dictionary, Language: English 
)
(/usr/share/texlive/texmf-dist/tex/latex/translator/translator-bibliography-dic
tionary-English.dict
Dictionary: translator-bibliography-dictionary, Language: English 
)
(/usr/share/texlive/texmf-dist/tex/latex/translator/translator-environment-dict
ionary-English.dict
Dictionary: translator-environment-dictionary, Language: English 
)
(/usr/share/texlive/texmf-dist/tex/latex/translator/translator-months-dictionar
y-English.dict
Dictionary: translator-months-dictionary, Language: English 
)
(/usr/share/texlive/texmf-dist/tex/latex/translator/translator-numbers-dictiona
ry-English.dict
Dictionary: translator-numbers-dictionary, Language: English 
)
(/usr/share/texlive/texmf-dist/tex/latex/translator/translator-theorem-dictiona
ry-English.dict
Dictionary: translator-theorem-dictionary, Language: English 
) (./acceptance_slides.nav) [1

{/var/lib/texmf/fonts/map/pdftex/updmap/pdftex.map}]
LaTeX Font Info:    Trying to load font information for U+msa on input line 34.

 (/usr/share/texlive/texmf-dist/tex/latex/amsfonts/umsa.fd
File: umsa.fd 2013/01/14 v3.01 AMS symbols A
)
LaTeX Font Info:    Trying to load font information for U+msb on input line 34.


(/usr/share/texlive/texmf-dist/tex/latex/amsfonts/umsb.fd
File: umsb.fd 2013/01/14 v3.01 AMS symbols B
)
LaTeX Font Info:    Trying to load font information for OT1+mathkerncmss on inp
ut line 34.

(/usr/share/texlive/texmf-dist/tex/latex/sansmathaccent/ot1mathkerncmss.fd
File: ot1mathkerncmss.fd 2020/01/31 Fontinst v1.933 font definitions for OT1/ma
thkerncmss.
)
[2

] [3

] [4

]
<acceptance_overlay_Integrated_mass.pdf, id=94, 569.12625pt x 408.52625pt>
File: acceptance_overlay_Integrated_mass.pdf Graphic file (type pdf)
<use acceptance_overlay_Integrated_mass.pdf>
Package pdftex.def Info: acceptance_overlay_Integrated_mass.pdf  used on input 
line 108.
(pdftex.def)             Requested size: 216.67201pt x 155.52834pt.
<acceptance_ratio_Integrated_mass.pdf, id=95, 569.12625pt x 408.52625pt>
File: acceptance_ratio_Integrated_mass.pdf Graphic file (type pdf)
<use acceptance_ratio_Integrated_mass.pdf>
Package pdftex.def Info: acceptance_ratio_Integrated_mass.pdf  used on input li
ne 108.
(pdftex.def)             Requested size: 216.67201pt x 155.52834pt.
 [5

 <./acceptance_overlay_Integrated_mass.pdf, page is rotated 90 degrees> <./acce
ptance_ratio_Integrated_mass.pdf, page is rotated 90 degrees>]
<Split_Mass_All_xF_pT.pdf, id=189, 569.12625pt x 552.0625pt>
File: Split_Mass_All_xF_pT.pdf Graphic file (type pdf)
<use Split_Mass_All_xF_pT.pdf>
Package pdftex.def Info: Split_Mass_All_xF_pT.pdf  used on input line 114.
(pdftex.def)             Requested size: 213.29155pt x 206.89842pt.

Overfull \vbox (2.89966pt too high) detected at line 114
 []

[6

 <./Split_Mass_All_xF_pT.pdf, page is rotated 90 degrees>]
<Split_Mass_0.0_xF_0.4.pdf, id=242, 569.12625pt x 552.0625pt>
File: Split_Mass_0.0_xF_0.4.pdf Graphic file (type pdf)
<use Split_Mass_0.0_xF_0.4.pdf>
Package pdftex.def Info: Split_Mass_0.0_xF_0.4.pdf  used on input line 120.
(pdftex.def)             Requested size: 213.29155pt x 206.89842pt.

Overfull \vbox (2.89966pt too high) detected at line 120
 []

[7

 <./Split_Mass_0.0_xF_0.4.pdf, page is rotated 90 degrees>]
<Split_Mass_0.4_xF_0.8.pdf, id=295, 569.12625pt x 552.0625pt>
File: Split_Mass_0.4_xF_0.8.pdf Graphic file (type pdf)
<use Split_Mass_0.4_xF_0.8.pdf>
Package pdftex.def Info: Split_Mass_0.4_xF_0.8.pdf  used on input line 126.
(pdftex.def)             Requested size: 213.29155pt x 206.89842pt.

Overfull \vbox (2.89966pt too high) detected at line 126
 []

[8

 <./Split_Mass_0.4_xF_0.8.pdf, page is rotated 90 degrees>]

Package hyperref Warning: Token not allowed in a PDF string (Unicode):
(hyperref)                removing `math shift' on input line 127.


Package hyperref Warning: Token not allowed in a PDF string (Unicode):
(hyperref)                removing `subscript' on input line 127.


Package hyperref Warning: Token not allowed in a PDF string (Unicode):
(hyperref)                removing `math shift' on input line 127.

<acceptance_overlay_Integrated_xF.pdf, id=346, 569.12625pt x 408.52625pt>
File: acceptance_overlay_Integrated_xF.pdf Graphic file (type pdf)
<use acceptance_overlay_Integrated_xF.pdf>
Package pdftex.def Info: acceptance_overlay_Integrated_xF.pdf  used on input li
ne 140.
(pdftex.def)             Requested size: 216.67201pt x 155.52834pt.
<acceptance_ratio_Integrated_xF.pdf, id=347, 569.12625pt x 408.52625pt>
File: acceptance_ratio_Integrated_xF.pdf Graphic file (type pdf)
<use acceptance_ratio_Integrated_xF.pdf>
Package pdftex.def Info: acceptance_ratio_Integrated_xF.pdf  used on input line
 140.
(pdftex.def)             Requested size: 216.67201pt x 155.52834pt.
[9

 <./acceptance_overlay_Integrated_xF.pdf, page is rotated 90 degrees> <./accept
ance_ratio_Integrated_xF.pdf, page is rotated 90 degrees>]
<Split_xF_All_Mass_pT.pdf, id=441, 569.12625pt x 552.0625pt>
File: Split_xF_All_Mass_pT.pdf Graphic file (type pdf)
<use Split_xF_All_Mass_pT.pdf>
Package pdftex.def Info: Split_xF_All_Mass_pT.pdf  used on input line 146.
(pdftex.def)             Requested size: 213.29155pt x 206.89842pt.

Overfull \vbox (2.89966pt too high) detected at line 146
 []

[10

 <./Split_xF_All_Mass_pT.pdf, page is rotated 90 degrees>]
<Split_xF_4.2_Mass_5.5.pdf, id=493, 569.12625pt x 552.0625pt>
File: Split_xF_4.2_Mass_5.5.pdf Graphic file (type pdf)
<use Split_xF_4.2_Mass_5.5.pdf>
Package pdftex.def Info: Split_xF_4.2_Mass_5.5.pdf  used on input line 152.
(pdftex.def)             Requested size: 213.29155pt x 206.89842pt.

Overfull \vbox (2.89966pt too high) detected at line 152
 []

[11

 <./Split_xF_4.2_Mass_5.5.pdf, page is rotated 90 degrees>]
<Split_xF_5.5_Mass_8.8.pdf, id=544, 569.12625pt x 552.0625pt>
File: Split_xF_5.5_Mass_8.8.pdf Graphic file (type pdf)
<use Split_xF_5.5_Mass_8.8.pdf>
Package pdftex.def Info: Split_xF_5.5_Mass_8.8.pdf  used on input line 158.
(pdftex.def)             Requested size: 213.29155pt x 206.89842pt.

Overfull \vbox (2.89966pt too high) detected at line 158
 []

[12

 <./Split_xF_5.5_Mass_8.8.pdf, page is rotated 90 degrees>]
<Acceptance_xF_All_Mass_pT.pdf, id=595, 569.12625pt x 552.0625pt>
File: Acceptance_xF_All_Mass_pT.pdf Graphic file (type pdf)
<use Acceptance_xF_All_Mass_pT.pdf>
Package pdftex.def Info: Acceptance_xF_All_Mass_pT.pdf  used on input line 164.

(pdftex.def)             Requested size: 213.29155pt x 206.89842pt.

Overfull \vbox (2.89966pt too high) detected at line 164
 []

[13

 <./Acceptance_xF_All_Mass_pT.pdf, page is rotated 90 degrees>]
<Acceptance_xF_4.2_Mass_5.5.pdf, id=647, 569.12625pt x 552.0625pt>
File: Acceptance_xF_4.2_Mass_5.5.pdf Graphic file (type pdf)
<use Acceptance_xF_4.2_Mass_5.5.pdf>
Package pdftex.def Info: Acceptance_xF_4.2_Mass_5.5.pdf  used on input line 170
.
(pdftex.def)             Requested size: 213.29155pt x 206.89842pt.

Overfull \vbox (2.89966pt too high) detected at line 170
 []

[14

 <./Acceptance_xF_4.2_Mass_5.5.pdf, page is rotated 90 degrees>]
<Acceptance_xF_5.5_Mass_8.7.pdf, id=699, 569.12625pt x 552.0625pt>
File: Acceptance_xF_5.5_Mass_8.7.pdf Graphic file (type pdf)
<use Acceptance_xF_5.5_Mass_8.7.pdf>
Package pdftex.def Info: Acceptance_xF_5.5_Mass_8.7.pdf  used on input line 176
.
(pdftex.def)             Requested size: 213.29155pt x 206.89842pt.

Overfull \vbox (2.89966pt too high) detected at line 176
 []

[15

 <./Acceptance_xF_5.5_Mass_8.7.pdf, page is rotated 90 degrees>]

Package hyperref Warning: Token not allowed in a PDF string (Unicode):
(hyperref)                removing `math shift' on input line 177.


Package hyperref Warning: Token not allowed in a PDF string (Unicode):
(hyperref)                removing `subscript' on input line 177.


Package hyperref Warning: Token not allowed in a PDF string (Unicode):
(hyperref)                removing `math shift' on input line 177.

<acceptance_overlay_Integrated_pT.pdf, id=750, 569.12625pt x 408.52625pt>
File: acceptance_overlay_Integrated_pT.pdf Graphic file (type pdf)
<use acceptance_overlay_Integrated_pT.pdf>
Package pdftex.def Info: acceptance_overlay_Integrated_pT.pdf  used on input li
ne 190.
(pdftex.def)             Requested size: 216.67201pt x 155.52834pt.
<acceptance_ratio_Integrated_pT.pdf, id=751, 569.12625pt x 408.52625pt>
File: acceptance_ratio_Integrated_pT.pdf Graphic file (type pdf)
<use acceptance_ratio_Integrated_pT.pdf>
Package pdftex.def Info: acceptance_ratio_Integrated_pT.pdf  used on input line
 190.
(pdftex.def)             Requested size: 216.67201pt x 155.52834pt.
[16

 <./acceptance_overlay_Integrated_pT.pdf, page is rotated 90 degrees> <./accept
ance_ratio_Integrated_pT.pdf, page is rotated 90 degrees>]
<Split_pT_Fine_All_Mass_xF.pdf, id=845, 569.12625pt x 552.0625pt>
File: Split_pT_Fine_All_Mass_xF.pdf Graphic file (type pdf)
<use Split_pT_Fine_All_Mass_xF.pdf>
Package pdftex.def Info: Split_pT_Fine_All_Mass_xF.pdf  used on input line 196.

(pdftex.def)             Requested size: 213.29155pt x 206.89842pt.

Overfull \vbox (2.89966pt too high) detected at line 196
 []

[17

 <./Split_pT_Fine_All_Mass_xF.pdf, page is rotated 90 degrees>]
<Split_pT_Fine_0.0_xF_0.4.pdf, id=896, 569.12625pt x 552.0625pt>
File: Split_pT_Fine_0.0_xF_0.4.pdf Graphic file (type pdf)
<use Split_pT_Fine_0.0_xF_0.4.pdf>
Package pdftex.def Info: Split_pT_Fine_0.0_xF_0.4.pdf  used on input line 202.
(pdftex.def)             Requested size: 213.29155pt x 206.89842pt.

Overfull \vbox (2.89966pt too high) detected at line 202
 []

[18

 <./Split_pT_Fine_0.0_xF_0.4.pdf, page is rotated 90 degrees>]
<Split_pT_Fine_0.4_xF_0.8.pdf, id=948, 569.12625pt x 552.0625pt>
File: Split_pT_Fine_0.4_xF_0.8.pdf Graphic file (type pdf)
<use Split_pT_Fine_0.4_xF_0.8.pdf>
Package pdftex.def Info: Split_pT_Fine_0.4_xF_0.8.pdf  used on input line 208.
(pdftex.def)             Requested size: 213.29155pt x 206.89842pt.

Overfull \vbox (2.89966pt too high) detected at line 208
 []

[19

 <./Split_pT_Fine_0.4_xF_0.8.pdf, page is rotated 90 degrees>]
<Split_pT_Fine_4.2_Mass_5.5.pdf, id=1000, 569.12625pt x 552.0625pt>
File: Split_pT_Fine_4.2_Mass_5.5.pdf Graphic file (type pdf)
<use Split_pT_Fine_4.2_Mass_5.5.pdf>
Package pdftex.def Info: Split_pT_Fine_4.2_Mass_5.5.pdf  used on input line 214
.
(pdftex.def)             Requested size: 213.29155pt x 206.89842pt.

Overfull \vbox (2.89966pt too high) detected at line 214
 []

[20

 <./Split_pT_Fine_4.2_Mass_5.5.pdf, page is rotated 90 degrees>]
<Split_pT_Fine_5.5_Mass_8.7.pdf, id=1051, 569.12625pt x 552.0625pt>
File: Split_pT_Fine_5.5_Mass_8.7.pdf Graphic file (type pdf)
<use Split_pT_Fine_5.5_Mass_8.7.pdf>
Package pdftex.def Info: Split_pT_Fine_5.5_Mass_8.7.pdf  used on input line 220
.
(pdftex.def)             Requested size: 213.29155pt x 206.89842pt.

Overfull \vbox (2.89966pt too high) detected at line 220
 []

[21

 <./Split_pT_Fine_5.5_Mass_8.7.pdf, page is rotated 90 degrees>]
<Split_pT_User_All_Mass_xF.pdf, id=1102, 569.12625pt x 552.0625pt>
File: Split_pT_User_All_Mass_xF.pdf Graphic file (type pdf)
<use Split_pT_User_All_Mass_xF.pdf>
Package pdftex.def Info: Split_pT_User_All_Mass_xF.pdf  used on input line 226.

(pdftex.def)             Requested size: 213.29155pt x 206.89842pt.

Overfull \vbox (2.89966pt too high) detected at line 226
 []

[22

 <./Split_pT_User_All_Mass_xF.pdf, page is rotated 90 degrees>]
<Split_pT_User_0.0_xF_0.4.pdf, id=1154, 569.12625pt x 552.0625pt>
File: Split_pT_User_0.0_xF_0.4.pdf Graphic file (type pdf)
<use Split_pT_User_0.0_xF_0.4.pdf>
Package pdftex.def Info: Split_pT_User_0.0_xF_0.4.pdf  used on input line 232.
(pdftex.def)             Requested size: 213.29155pt x 206.89842pt.

Overfull \vbox (2.89966pt too high) detected at line 232
 []

[23

 <./Split_pT_User_0.0_xF_0.4.pdf, page is rotated 90 degrees>]
<Split_pT_User_0.4_xF_0.8.pdf, id=1205, 569.12625pt x 552.0625pt>
File: Split_pT_User_0.4_xF_0.8.pdf Graphic file (type pdf)
<use Split_pT_User_0.4_xF_0.8.pdf>
Package pdftex.def Info: Split_pT_User_0.4_xF_0.8.pdf  used on input line 238.
(pdftex.def)             Requested size: 213.29155pt x 206.89842pt.

Overfull \vbox (2.89966pt too high) detected at line 238
 []

[24

 <./Split_pT_User_0.4_xF_0.8.pdf, page is rotated 90 degrees>]
<Split_pT_User_4.2_Mass_5.5.pdf, id=1256, 569.12625pt x 552.0625pt>
File: Split_pT_User_4.2_Mass_5.5.pdf Graphic file (type pdf)
<use Split_pT_User_4.2_Mass_5.5.pdf>
Package pdftex.def Info: Split_pT_User_4.2_Mass_5.5.pdf  used on input line 244
.
(pdftex.def)             Requested size: 213.29155pt x 206.89842pt.

Overfull \vbox (2.89966pt too high) detected at line 244
 []

[25

 <./Split_pT_User_4.2_Mass_5.5.pdf, page is rotated 90 degrees>]
<Split_pT_User_5.5_Mass_8.7.pdf, id=1308, 569.12625pt x 552.0625pt>
File: Split_pT_User_5.5_Mass_8.7.pdf Graphic file (type pdf)
<use Split_pT_User_5.5_Mass_8.7.pdf>
Package pdftex.def Info: Split_pT_User_5.5_Mass_8.7.pdf  used on input line 250
.
(pdftex.def)             Requested size: 213.29155pt x 206.89842pt.

Overfull \vbox (2.89966pt too high) detected at line 250
 []

[26

 <./Split_pT_User_5.5_Mass_8.7.pdf, page is rotated 90 degrees>]
<Acceptance_pT_All_Mass_xF.pdf, id=1360, 569.12625pt x 552.0625pt>
File: Acceptance_pT_All_Mass_xF.pdf Graphic file (type pdf)
<use Acceptance_pT_All_Mass_xF.pdf>
Package pdftex.def Info: Acceptance_pT_All_Mass_xF.pdf  used on input line 256.

(pdftex.def)             Requested size: 213.29155pt x 206.89842pt.

Overfull \vbox (2.89966pt too high) detected at line 256
 []

[27

 <./Acceptance_pT_All_Mass_xF.pdf, page is rotated 90 degrees>]
<Acceptance_pT_0.0_xF_0.4.pdf, id=1411, 569.12625pt x 552.0625pt>
File: Acceptance_pT_0.0_xF_0.4.pdf Graphic file (type pdf)
<use Acceptance_pT_0.0_xF_0.4.pdf>
Package pdftex.def Info: Acceptance_pT_0.0_xF_0.4.pdf  used on input line 262.
(pdftex.def)             Requested size: 213.29155pt x 206.89842pt.

Overfull \vbox (2.89966pt too high) detected at line 262
 []

[28

 <./Acceptance_pT_0.0_xF_0.4.pdf, page is rotated 90 degrees>]
<Acceptance_pT_0.4_xF_0.8.pdf, id=1462, 569.12625pt x 552.0625pt>
File: Acceptance_pT_0.4_xF_0.8.pdf Graphic file (type pdf)
<use Acceptance_pT_0.4_xF_0.8.pdf>
Package pdftex.def Info: Acceptance_pT_0.4_xF_0.8.pdf  used on input line 268.
(pdftex.def)             Requested size: 213.29155pt x 206.89842pt.

Overfull \vbox (2.89966pt too high) detected at line 268
 []

[29

 <./Acceptance_pT_0.4_xF_0.8.pdf, page is rotated 90 degrees>]
<Acceptance_pT_4.2_Mass_5.5.pdf, id=1513, 569.12625pt x 552.0625pt>
File: Acceptance_pT_4.2_Mass_5.5.pdf Graphic file (type pdf)
<use Acceptance_pT_4.2_Mass_5.5.pdf>
Package pdftex.def Info: Acceptance_pT_4.2_Mass_5.5.pdf  used on input line 274
.
(pdftex.def)             Requested size: 213.29155pt x 206.89842pt.

Overfull \vbox (2.89966pt too high) detected at line 274
 []

[30

 <./Acceptance_pT_4.2_Mass_5.5.pdf, page is rotated 90 degrees>]
<Acceptance_pT_5.5_Mass_8.7.pdf, id=1564, 569.12625pt x 552.0625pt>
File: Acceptance_pT_5.5_Mass_8.7.pdf Graphic file (type pdf)
<use Acceptance_pT_5.5_Mass_8.7.pdf>
Package pdftex.def Info: Acceptance_pT_5.5_Mass_8.7.pdf  used on input line 280
.
(pdftex.def)             Requested size: 213.29155pt x 206.89842pt.

Overfull \vbox (2.89966pt too high) detected at line 280
 []

[31

 <./Acceptance_pT_5.5_Mass_8.7.pdf, page is rotated 90 degrees>]

Package hyperref Warning: Token not allowed in a PDF string (Unicode):
(hyperref)                removing `math shift' on input line 281.


Package hyperref Warning: Token not allowed in a PDF string (Unicode):
(hyperref)                removing `subscript' on input line 281.


Package hyperref Warning: Token not allowed in a PDF string (Unicode):
(hyperref)                removing `subscript' on input line 281.


Package hyperref Warning: Token not allowed in a PDF string (Unicode):
(hyperref)                removing `math shift' on input line 281.

<yield_th_dpx_integrated.pdf, id=1617, 569.12625pt x 408.52625pt>
File: yield_th_dpx_integrated.pdf Graphic file (type pdf)
<use yield_th_dpx_integrated.pdf>
Package pdftex.def Info: yield_th_dpx_integrated.pdf  used on input line 294.
(pdftex.def)             Requested size: 216.67201pt x 155.52834pt.
<yield_th_dpy_integrated.pdf, id=1618, 569.12625pt x 408.52625pt>
File: yield_th_dpy_integrated.pdf Graphic file (type pdf)
<use yield_th_dpy_integrated.pdf>
Package pdftex.def Info: yield_th_dpy_integrated.pdf  used on input line 294.
(pdftex.def)             Requested size: 216.67201pt x 155.52834pt.
[32

 <./yield_th_dpx_integrated.pdf, page is rotated 90 degrees> <./yield_th_dpy_in
tegrated.pdf, page is rotated 90 degrees>]
<yield_ac_dpx_integrated.pdf, id=1712, 569.12625pt x 408.52625pt>
File: yield_ac_dpx_integrated.pdf Graphic file (type pdf)
<use yield_ac_dpx_integrated.pdf>
Package pdftex.def Info: yield_ac_dpx_integrated.pdf  used on input line 307.
(pdftex.def)             Requested size: 216.67201pt x 155.52834pt.
<yield_ac_dpy_integrated.pdf, id=1713, 569.12625pt x 408.52625pt>
File: yield_ac_dpy_integrated.pdf Graphic file (type pdf)
<use yield_ac_dpy_integrated.pdf>
Package pdftex.def Info: yield_ac_dpy_integrated.pdf  used on input line 307.
(pdftex.def)             Requested size: 216.67201pt x 155.52834pt.
 [33

 <./yield_ac_dpx_integrated.pdf, page is rotated 90 degrees> <./yield_ac_dpy_in
tegrated.pdf, page is rotated 90 degrees>]
<yield_th_dpx2_integrated.pdf, id=1808, 569.12625pt x 408.52625pt>
File: yield_th_dpx2_integrated.pdf Graphic file (type pdf)
<use yield_th_dpx2_integrated.pdf>
Package pdftex.def Info: yield_th_dpx2_integrated.pdf  used on input line 320.
(pdftex.def)             Requested size: 216.67201pt x 155.52834pt.
<yield_th_dpy2_integrated.pdf, id=1809, 569.12625pt x 408.52625pt>
File: yield_th_dpy2_integrated.pdf Graphic file (type pdf)
<use yield_th_dpy2_integrated.pdf>
Package pdftex.def Info: yield_th_dpy2_integrated.pdf  used on input line 320.
(pdftex.def)             Requested size: 216.67201pt x 155.52834pt.
 [34

 <./yield_th_dpx2_integrated.pdf, page is rotated 90 degrees> <./yield_th_dpy2_
integrated.pdf, page is rotated 90 degrees>]
<yield_ac_dpx2_integrated.pdf, id=1903, 569.12625pt x 408.52625pt>
File: yield_ac_dpx2_integrated.pdf Graphic file (type pdf)
<use yield_ac_dpx2_integrated.pdf>
Package pdftex.def Info: yield_ac_dpx2_integrated.pdf  used on input line 333.
(pdftex.def)             Requested size: 216.67201pt x 155.52834pt.
<yield_ac_dpy2_integrated.pdf, id=1904, 569.12625pt x 408.52625pt>
File: yield_ac_dpy2_integrated.pdf Graphic file (type pdf)
<use yield_ac_dpy2_integrated.pdf>
Package pdftex.def Info: yield_ac_dpy2_integrated.pdf  used on input line 333.
(pdftex.def)             Requested size: 216.67201pt x 155.52834pt.
 [35

 <./yield_ac_dpx2_integrated.pdf, page is rotated 90 degrees> <./yield_ac_dpy2_
integrated.pdf, page is rotated 90 degrees>]

Package hyperref Warning: Token not allowed in a PDF string (Unicode):
(hyperref)                removing `math shift' on input line 334.


Package hyperref Warning: Token not allowed in a PDF string (Unicode):
(hyperref)                removing `subscript' on input line 334.


Package hyperref Warning: Token not allowed in a PDF string (Unicode):
(hyperref)                removing `math shift' on input line 334.

<yield_th_dpx_xF_bin0.pdf, id=1998, 569.12625pt x 408.52625pt>
File: yield_th_dpx_xF_bin0.pdf Graphic file (type pdf)
<use yield_th_dpx_xF_bin0.pdf>
Package pdftex.def Info: yield_th_dpx_xF_bin0.pdf  used on input line 347.
(pdftex.def)             Requested size: 216.67201pt x 155.52834pt.
<yield_th_dpy_xF_bin0.pdf, id=1999, 569.12625pt x 408.52625pt>
File: yield_th_dpy_xF_bin0.pdf Graphic file (type pdf)
<use yield_th_dpy_xF_bin0.pdf>
Package pdftex.def Info: yield_th_dpy_xF_bin0.pdf  used on input line 347.
(pdftex.def)             Requested size: 216.67201pt x 155.52834pt.
[36

 <./yield_th_dpx_xF_bin0.pdf, page is rotated 90 degrees> <./yield_th_dpy_xF_bi
n0.pdf, page is rotated 90 degrees>]
<yield_ac_dpx_xF_bin0.pdf, id=2094, 569.12625pt x 408.52625pt>
File: yield_ac_dpx_xF_bin0.pdf Graphic file (type pdf)
<use yield_ac_dpx_xF_bin0.pdf>
Package pdftex.def Info: yield_ac_dpx_xF_bin0.pdf  used on input line 360.
(pdftex.def)             Requested size: 216.67201pt x 155.52834pt.
<yield_ac_dpy_xF_bin0.pdf, id=2095, 569.12625pt x 408.52625pt>
File: yield_ac_dpy_xF_bin0.pdf Graphic file (type pdf)
<use yield_ac_dpy_xF_bin0.pdf>
Package pdftex.def Info: yield_ac_dpy_xF_bin0.pdf  used on input line 360.
(pdftex.def)             Requested size: 216.67201pt x 155.52834pt.
 [37

 <./yield_ac_dpx_xF_bin0.pdf, page is rotated 90 degrees> <./yield_ac_dpy_xF_bi
n0.pdf, page is rotated 90 degrees>]
<yield_th_dpx2_xF_bin0.pdf, id=2190, 569.12625pt x 408.52625pt>
File: yield_th_dpx2_xF_bin0.pdf Graphic file (type pdf)
<use yield_th_dpx2_xF_bin0.pdf>
Package pdftex.def Info: yield_th_dpx2_xF_bin0.pdf  used on input line 373.
(pdftex.def)             Requested size: 216.67201pt x 155.52834pt.
<yield_th_dpy2_xF_bin0.pdf, id=2191, 569.12625pt x 408.52625pt>
File: yield_th_dpy2_xF_bin0.pdf Graphic file (type pdf)
<use yield_th_dpy2_xF_bin0.pdf>
Package pdftex.def Info: yield_th_dpy2_xF_bin0.pdf  used on input line 373.
(pdftex.def)             Requested size: 216.67201pt x 155.52834pt.
[38

 <./yield_th_dpx2_xF_bin0.pdf, page is rotated 90 degrees> <./yield_th_dpy2_xF_
bin0.pdf, page is rotated 90 degrees>]
<yield_ac_dpx2_xF_bin0.pdf, id=2286, 569.12625pt x 408.52625pt>
File: yield_ac_dpx2_xF_bin0.pdf Graphic file (type pdf)
<use yield_ac_dpx2_xF_bin0.pdf>
Package pdftex.def Info: yield_ac_dpx2_xF_bin0.pdf  used on input line 386.
(pdftex.def)             Requested size: 216.67201pt x 155.52834pt.
<yield_ac_dpy2_xF_bin0.pdf, id=2287, 569.12625pt x 408.52625pt>
File: yield_ac_dpy2_xF_bin0.pdf Graphic file (type pdf)
<use yield_ac_dpy2_xF_bin0.pdf>
Package pdftex.def Info: yield_ac_dpy2_xF_bin0.pdf  used on input line 386.
(pdftex.def)             Requested size: 216.67201pt x 155.52834pt.
 [39

 <./yield_ac_dpx2_xF_bin0.pdf, page is rotated 90 degrees> <./yield_ac_dpy2_xF_
bin0.pdf, page is rotated 90 degrees>]
<acceptance_overlay_xF_bin0.pdf, id=2381, 569.12625pt x 408.52625pt>
File: acceptance_overlay_xF_bin0.pdf Graphic file (type pdf)
<use acceptance_overlay_xF_bin0.pdf>
Package pdftex.def Info: acceptance_overlay_xF_bin0.pdf  used on input line 399
.
(pdftex.def)             Requested size: 216.67201pt x 155.52834pt.
<acceptance_ratio_xF_bin0.pdf, id=2382, 569.12625pt x 408.52625pt>
File: acceptance_ratio_xF_bin0.pdf Graphic file (type pdf)
<use acceptance_ratio_xF_bin0.pdf>
Package pdftex.def Info: acceptance_ratio_xF_bin0.pdf  used on input line 399.
(pdftex.def)             Requested size: 216.67201pt x 155.52834pt.
 [40

 <./acceptance_overlay_xF_bin0.pdf, page is rotated 90 degrees> <./acceptance_r
atio_xF_bin0.pdf, page is rotated 90 degrees>]
<yield_th_dpx_xF_bin1.pdf, id=2476, 569.12625pt x 408.52625pt>
File: yield_th_dpx_xF_bin1.pdf Graphic file (type pdf)
<use yield_th_dpx_xF_bin1.pdf>
Package pdftex.def Info: yield_th_dpx_xF_bin1.pdf  used on input line 412.
(pdftex.def)             Requested size: 216.67201pt x 155.52834pt.
<yield_th_dpy_xF_bin1.pdf, id=2477, 569.12625pt x 408.52625pt>
File: yield_th_dpy_xF_bin1.pdf Graphic file (type pdf)
<use yield_th_dpy_xF_bin1.pdf>
Package pdftex.def Info: yield_th_dpy_xF_bin1.pdf  used on input line 412.
(pdftex.def)             Requested size: 216.67201pt x 155.52834pt.
 [41

 <./yield_th_dpx_xF_bin1.pdf, page is rotated 90 degrees> <./yield_th_dpy_xF_bi
n1.pdf, page is rotated 90 degrees>]
<yield_ac_dpx_xF_bin1.pdf, id=2572, 569.12625pt x 408.52625pt>
File: yield_ac_dpx_xF_bin1.pdf Graphic file (type pdf)
<use yield_ac_dpx_xF_bin1.pdf>
Package pdftex.def Info: yield_ac_dpx_xF_bin1.pdf  used on input line 425.
(pdftex.def)             Requested size: 216.67201pt x 155.52834pt.
<yield_ac_dpy_xF_bin1.pdf, id=2573, 569.12625pt x 408.52625pt>
File: yield_ac_dpy_xF_bin1.pdf Graphic file (type pdf)
<use yield_ac_dpy_xF_bin1.pdf>
Package pdftex.def Info: yield_ac_dpy_xF_bin1.pdf  used on input line 425.
(pdftex.def)             Requested size: 216.67201pt x 155.52834pt.
 [42

 <./yield_ac_dpx_xF_bin1.pdf, page is rotated 90 degrees> <./yield_ac_dpy_xF_bi
n1.pdf, page is rotated 90 degrees>]
<yield_th_dpx2_xF_bin1.pdf, id=2667, 569.12625pt x 408.52625pt>
File: yield_th_dpx2_xF_bin1.pdf Graphic file (type pdf)
<use yield_th_dpx2_xF_bin1.pdf>
Package pdftex.def Info: yield_th_dpx2_xF_bin1.pdf  used on input line 438.
(pdftex.def)             Requested size: 216.67201pt x 155.52834pt.
<yield_th_dpy2_xF_bin1.pdf, id=2668, 569.12625pt x 408.52625pt>
File: yield_th_dpy2_xF_bin1.pdf Graphic file (type pdf)
<use yield_th_dpy2_xF_bin1.pdf>
Package pdftex.def Info: yield_th_dpy2_xF_bin1.pdf  used on input line 438.
(pdftex.def)             Requested size: 216.67201pt x 155.52834pt.
 [43

 <./yield_th_dpx2_xF_bin1.pdf, page is rotated 90 degrees> <./yield_th_dpy2_xF_
bin1.pdf, page is rotated 90 degrees>]
<yield_ac_dpx2_xF_bin1.pdf, id=2764, 569.12625pt x 408.52625pt>
File: yield_ac_dpx2_xF_bin1.pdf Graphic file (type pdf)
<use yield_ac_dpx2_xF_bin1.pdf>
Package pdftex.def Info: yield_ac_dpx2_xF_bin1.pdf  used on input line 451.
(pdftex.def)             Requested size: 216.67201pt x 155.52834pt.
<yield_ac_dpy2_xF_bin1.pdf, id=2765, 569.12625pt x 408.52625pt>
File: yield_ac_dpy2_xF_bin1.pdf Graphic file (type pdf)
<use yield_ac_dpy2_xF_bin1.pdf>
Package pdftex.def Info: yield_ac_dpy2_xF_bin1.pdf  used on input line 451.
(pdftex.def)             Requested size: 216.67201pt x 155.52834pt.
 [44

 <./yield_ac_dpx2_xF_bin1.pdf, page is rotated 90 degrees> <./yield_ac_dpy2_xF_
bin1.pdf, page is rotated 90 degrees>]
<acceptance_overlay_xF_bin1.pdf, id=2859, 569.12625pt x 408.52625pt>
File: acceptance_overlay_xF_bin1.pdf Graphic file (type pdf)
<use acceptance_overlay_xF_bin1.pdf>
Package pdftex.def Info: acceptance_overlay_xF_bin1.pdf  used on input line 464
.
(pdftex.def)             Requested size: 216.67201pt x 155.52834pt.
<acceptance_ratio_xF_bin1.pdf, id=2860, 569.12625pt x 408.52625pt>
File: acceptance_ratio_xF_bin1.pdf Graphic file (type pdf)
<use acceptance_ratio_xF_bin1.pdf>
Package pdftex.def Info: acceptance_ratio_xF_bin1.pdf  used on input line 464.
(pdftex.def)             Requested size: 216.67201pt x 155.52834pt.
 [45

 <./acceptance_overlay_xF_bin1.pdf, page is rotated 90 degrees> <./acceptance_r
atio_xF_bin1.pdf, page is rotated 90 degrees>]
<yield_th_dpx_xF_bin2.pdf, id=2954, 569.12625pt x 408.52625pt>
File: yield_th_dpx_xF_bin2.pdf Graphic file (type pdf)
<use yield_th_dpx_xF_bin2.pdf>
Package pdftex.def Info: yield_th_dpx_xF_bin2.pdf  used on input line 477.
(pdftex.def)             Requested size: 216.67201pt x 155.52834pt.
<yield_th_dpy_xF_bin2.pdf, id=2955, 569.12625pt x 408.52625pt>
File: yield_th_dpy_xF_bin2.pdf Graphic file (type pdf)
<use yield_th_dpy_xF_bin2.pdf>
Package pdftex.def Info: yield_th_dpy_xF_bin2.pdf  used on input line 477.
(pdftex.def)             Requested size: 216.67201pt x 155.52834pt.
 [46

 <./yield_th_dpx_xF_bin2.pdf, page is rotated 90 degrees> <./yield_th_dpy_xF_bi
n2.pdf, page is rotated 90 degrees>]
<yield_ac_dpx_xF_bin2.pdf, id=3050, 569.12625pt x 408.52625pt>
File: yield_ac_dpx_xF_bin2.pdf Graphic file (type pdf)
<use yield_ac_dpx_xF_bin2.pdf>
Package pdftex.def Info: yield_ac_dpx_xF_bin2.pdf  used on input line 490.
(pdftex.def)             Requested size: 216.67201pt x 155.52834pt.
<yield_ac_dpy_xF_bin2.pdf, id=3051, 569.12625pt x 408.52625pt>
File: yield_ac_dpy_xF_bin2.pdf Graphic file (type pdf)
<use yield_ac_dpy_xF_bin2.pdf>
Package pdftex.def Info: yield_ac_dpy_xF_bin2.pdf  used on input line 490.
(pdftex.def)             Requested size: 216.67201pt x 155.52834pt.

[47

 <./yield_ac_dpx_xF_bin2.pdf, page is rotated 90 degrees> <./yield_ac_dpy_xF_bi
n2.pdf, page is rotated 90 degrees>]
<yield_th_dpx2_xF_bin2.pdf, id=3145, 569.12625pt x 408.52625pt>
File: yield_th_dpx2_xF_bin2.pdf Graphic file (type pdf)
<use yield_th_dpx2_xF_bin2.pdf>
Package pdftex.def Info: yield_th_dpx2_xF_bin2.pdf  used on input line 503.
(pdftex.def)             Requested size: 216.67201pt x 155.52834pt.
<yield_th_dpy2_xF_bin2.pdf, id=3146, 569.12625pt x 408.52625pt>
File: yield_th_dpy2_xF_bin2.pdf Graphic file (type pdf)
<use yield_th_dpy2_xF_bin2.pdf>
Package pdftex.def Info: yield_th_dpy2_xF_bin2.pdf  used on input line 503.
(pdftex.def)             Requested size: 216.67201pt x 155.52834pt.
 [48

 <./yield_th_dpx2_xF_bin2.pdf, page is rotated 90 degrees> <./yield_th_dpy2_xF_
bin2.pdf, page is rotated 90 degrees>]
<yield_ac_dpx2_xF_bin2.pdf, id=3241, 569.12625pt x 408.52625pt>
File: yield_ac_dpx2_xF_bin2.pdf Graphic file (type pdf)
<use yield_ac_dpx2_xF_bin2.pdf>
Package pdftex.def Info: yield_ac_dpx2_xF_bin2.pdf  used on input line 516.
(pdftex.def)             Requested size: 216.67201pt x 155.52834pt.
<yield_ac_dpy2_xF_bin2.pdf, id=3242, 569.12625pt x 408.52625pt>
File: yield_ac_dpy2_xF_bin2.pdf Graphic file (type pdf)
<use yield_ac_dpy2_xF_bin2.pdf>
Package pdftex.def Info: yield_ac_dpy2_xF_bin2.pdf  used on input line 516.
(pdftex.def)             Requested size: 216.67201pt x 155.52834pt.
 [49

 <./yield_ac_dpx2_xF_bin2.pdf, page is rotated 90 degrees> <./yield_ac_dpy2_xF_
bin2.pdf, page is rotated 90 degrees>]
<acceptance_overlay_xF_bin2.pdf, id=3337, 569.12625pt x 408.52625pt>
File: acceptance_overlay_xF_bin2.pdf Graphic file (type pdf)
<use acceptance_overlay_xF_bin2.pdf>
Package pdftex.def Info: acceptance_overlay_xF_bin2.pdf  used on input line 529
.
(pdftex.def)             Requested size: 216.67201pt x 155.52834pt.
<acceptance_ratio_xF_bin2.pdf, id=3338, 569.12625pt x 408.52625pt>
File: acceptance_ratio_xF_bin2.pdf Graphic file (type pdf)
<use acceptance_ratio_xF_bin2.pdf>
Package pdftex.def Info: acceptance_ratio_xF_bin2.pdf  used on input line 529.
(pdftex.def)             Requested size: 216.67201pt x 155.52834pt.
 [50

 <./acceptance_overlay_xF_bin2.pdf, page is rotated 90 degrees> <./acceptance_r
atio_xF_bin2.pdf, page is rotated 90 degrees>]
<yield_th_dpx_xF_bin3.pdf, id=3432, 569.12625pt x 408.52625pt>
File: yield_th_dpx_xF_bin3.pdf Graphic file (type pdf)
<use yield_th_dpx_xF_bin3.pdf>
Package pdftex.def Info: yield_th_dpx_xF_bin3.pdf  used on input line 542.
(pdftex.def)             Requested size: 216.67201pt x 155.52834pt.
<yield_th_dpy_xF_bin3.pdf, id=3433, 569.12625pt x 408.52625pt>
File: yield_th_dpy_xF_bin3.pdf Graphic file (type pdf)
<use yield_th_dpy_xF_bin3.pdf>
Package pdftex.def Info: yield_th_dpy_xF_bin3.pdf  used on input line 542.
(pdftex.def)             Requested size: 216.67201pt x 155.52834pt.
 [51

 <./yield_th_dpx_xF_bin3.pdf, page is rotated 90 degrees> <./yield_th_dpy_xF_bi
n3.pdf, page is rotated 90 degrees>]
<yield_ac_dpx_xF_bin3.pdf, id=3528, 569.12625pt x 408.52625pt>
File: yield_ac_dpx_xF_bin3.pdf Graphic file (type pdf)
<use yield_ac_dpx_xF_bin3.pdf>
Package pdftex.def Info: yield_ac_dpx_xF_bin3.pdf  used on input line 555.
(pdftex.def)             Requested size: 216.67201pt x 155.52834pt.
<yield_ac_dpy_xF_bin3.pdf, id=3529, 569.12625pt x 408.52625pt>
File: yield_ac_dpy_xF_bin3.pdf Graphic file (type pdf)
<use yield_ac_dpy_xF_bin3.pdf>
Package pdftex.def Info: yield_ac_dpy_xF_bin3.pdf  used on input line 555.
(pdftex.def)             Requested size: 216.67201pt x 155.52834pt.
 [52

 <./yield_ac_dpx_xF_bin3.pdf, page is rotated 90 degrees> <./yield_ac_dpy_xF_bi
n3.pdf, page is rotated 90 degrees>]
<yield_th_dpx2_xF_bin3.pdf, id=3623, 569.12625pt x 408.52625pt>
File: yield_th_dpx2_xF_bin3.pdf Graphic file (type pdf)
<use yield_th_dpx2_xF_bin3.pdf>
Package pdftex.def Info: yield_th_dpx2_xF_bin3.pdf  used on input line 568.
(pdftex.def)             Requested size: 216.67201pt x 155.52834pt.
<yield_th_dpy2_xF_bin3.pdf, id=3624, 569.12625pt x 408.52625pt>
File: yield_th_dpy2_xF_bin3.pdf Graphic file (type pdf)
<use yield_th_dpy2_xF_bin3.pdf>
Package pdftex.def Info: yield_th_dpy2_xF_bin3.pdf  used on input line 568.
(pdftex.def)             Requested size: 216.67201pt x 155.52834pt.
 [53

 <./yield_th_dpx2_xF_bin3.pdf, page is rotated 90 degrees> <./yield_th_dpy2_xF_
bin3.pdf, page is rotated 90 degrees>]
<yield_ac_dpx2_xF_bin3.pdf, id=3719, 569.12625pt x 408.52625pt>
File: yield_ac_dpx2_xF_bin3.pdf Graphic file (type pdf)
<use yield_ac_dpx2_xF_bin3.pdf>
Package pdftex.def Info: yield_ac_dpx2_xF_bin3.pdf  used on input line 581.
(pdftex.def)             Requested size: 216.67201pt x 155.52834pt.
<yield_ac_dpy2_xF_bin3.pdf, id=3720, 569.12625pt x 408.52625pt>
File: yield_ac_dpy2_xF_bin3.pdf Graphic file (type pdf)
<use yield_ac_dpy2_xF_bin3.pdf>
Package pdftex.def Info: yield_ac_dpy2_xF_bin3.pdf  used on input line 581.
(pdftex.def)             Requested size: 216.67201pt x 155.52834pt.
 [54

 <./yield_ac_dpx2_xF_bin3.pdf, page is rotated 90 degrees> <./yield_ac_dpy2_xF_
bin3.pdf, page is rotated 90 degrees>]
<acceptance_overlay_xF_bin3.pdf, id=3814, 569.12625pt x 408.52625pt>
File: acceptance_overlay_xF_bin3.pdf Graphic file (type pdf)
<use acceptance_overlay_xF_bin3.pdf>
Package pdftex.def Info: acceptance_overlay_xF_bin3.pdf  used on input line 594
.
(pdftex.def)             Requested size: 216.67201pt x 155.52834pt.
<acceptance_ratio_xF_bin3.pdf, id=3815, 569.12625pt x 408.52625pt>
File: acceptance_ratio_xF_bin3.pdf Graphic file (type pdf)
<use acceptance_ratio_xF_bin3.pdf>
Package pdftex.def Info: acceptance_ratio_xF_bin3.pdf  used on input line 594.
(pdftex.def)             Requested size: 216.67201pt x 155.52834pt.
 [55

 <./acceptance_overlay_xF_bin3.pdf, page is rotated 90 degrees> <./acceptance_r
atio_xF_bin3.pdf, page is rotated 90 degrees>]
<yield_th_dpx_xF_bin4.pdf, id=3911, 569.12625pt x 408.52625pt>
File: yield_th_dpx_xF_bin4.pdf Graphic file (type pdf)
<use yield_th_dpx_xF_bin4.pdf>
Package pdftex.def Info: yield_th_dpx_xF_bin4.pdf  used on input line 607.
(pdftex.def)             Requested size: 216.67201pt x 155.52834pt.
<yield_th_dpy_xF_bin4.pdf, id=3912, 569.12625pt x 408.52625pt>
File: yield_th_dpy_xF_bin4.pdf Graphic file (type pdf)
<use yield_th_dpy_xF_bin4.pdf>
Package pdftex.def Info: yield_th_dpy_xF_bin4.pdf  used on input line 607.
(pdftex.def)             Requested size: 216.67201pt x 155.52834pt.

[56

 <./yield_th_dpx_xF_bin4.pdf, page is rotated 90 degrees> <./yield_th_dpy_xF_bi
n4.pdf, page is rotated 90 degrees>]
<yield_ac_dpx_xF_bin4.pdf, id=4006, 569.12625pt x 408.52625pt>
File: yield_ac_dpx_xF_bin4.pdf Graphic file (type pdf)
<use yield_ac_dpx_xF_bin4.pdf>
Package pdftex.def Info: yield_ac_dpx_xF_bin4.pdf  used on input line 620.
(pdftex.def)             Requested size: 216.67201pt x 155.52834pt.
<yield_ac_dpy_xF_bin4.pdf, id=4007, 569.12625pt x 408.52625pt>
File: yield_ac_dpy_xF_bin4.pdf Graphic file (type pdf)
<use yield_ac_dpy_xF_bin4.pdf>
Package pdftex.def Info: yield_ac_dpy_xF_bin4.pdf  used on input line 620.
(pdftex.def)             Requested size: 216.67201pt x 155.52834pt.
 [57

 <./yield_ac_dpx_xF_bin4.pdf, page is rotated 90 degrees> <./yield_ac_dpy_xF_bi
n4.pdf, page is rotated 90 degrees>]
<yield_th_dpx2_xF_bin4.pdf, id=4101, 569.12625pt x 408.52625pt>
File: yield_th_dpx2_xF_bin4.pdf Graphic file (type pdf)
<use yield_th_dpx2_xF_bin4.pdf>
Package pdftex.def Info: yield_th_dpx2_xF_bin4.pdf  used on input line 633.
(pdftex.def)             Requested size: 216.67201pt x 155.52834pt.
<yield_th_dpy2_xF_bin4.pdf, id=4102, 569.12625pt x 408.52625pt>
File: yield_th_dpy2_xF_bin4.pdf Graphic file (type pdf)
<use yield_th_dpy2_xF_bin4.pdf>
Package pdftex.def Info: yield_th_dpy2_xF_bin4.pdf  used on input line 633.
(pdftex.def)             Requested size: 216.67201pt x 155.52834pt.
[58

 <./yield_th_dpx2_xF_bin4.pdf, page is rotated 90 degrees> <./yield_th_dpy2_xF_
bin4.pdf, page is rotated 90 degrees>]
<yield_ac_dpx2_xF_bin4.pdf, id=4197, 569.12625pt x 408.52625pt>
File: yield_ac_dpx2_xF_bin4.pdf Graphic file (type pdf)
<use yield_ac_dpx2_xF_bin4.pdf>
Package pdftex.def Info: yield_ac_dpx2_xF_bin4.pdf  used on input line 646.
(pdftex.def)             Requested size: 216.67201pt x 155.52834pt.
<yield_ac_dpy2_xF_bin4.pdf, id=4198, 569.12625pt x 408.52625pt>
File: yield_ac_dpy2_xF_bin4.pdf Graphic file (type pdf)
<use yield_ac_dpy2_xF_bin4.pdf>
Package pdftex.def Info: yield_ac_dpy2_xF_bin4.pdf  used on input line 646.
(pdftex.def)             Requested size: 216.67201pt x 155.52834pt.
 [59

 <./yield_ac_dpx2_xF_bin4.pdf, page is rotated 90 degrees> <./yield_ac_dpy2_xF_
bin4.pdf, page is rotated 90 degrees>]
<acceptance_overlay_xF_bin4.pdf, id=4292, 569.12625pt x 408.52625pt>
File: acceptance_overlay_xF_bin4.pdf Graphic file (type pdf)
<use acceptance_overlay_xF_bin4.pdf>
Package pdftex.def Info: acceptance_overlay_xF_bin4.pdf  used on input line 659
.
(pdftex.def)             Requested size: 216.67201pt x 155.52834pt.
<acceptance_ratio_xF_bin4.pdf, id=4293, 569.12625pt x 408.52625pt>
File: acceptance_ratio_xF_bin4.pdf Graphic file (type pdf)
<use acceptance_ratio_xF_bin4.pdf>
Package pdftex.def Info: acceptance_ratio_xF_bin4.pdf  used on input line 659.
(pdftex.def)             Requested size: 216.67201pt x 155.52834pt.
 [60

 <./acceptance_overlay_xF_bin4.pdf, page is rotated 90 degrees> <./acceptance_r
atio_xF_bin4.pdf, page is rotated 90 degrees>]
<yield_th_dpx_xF_bin5.pdf, id=4388, 569.12625pt x 408.52625pt>
File: yield_th_dpx_xF_bin5.pdf Graphic file (type pdf)
<use yield_th_dpx_xF_bin5.pdf>
Package pdftex.def Info: yield_th_dpx_xF_bin5.pdf  used on input line 672.
(pdftex.def)             Requested size: 216.67201pt x 155.52834pt.
<yield_th_dpy_xF_bin5.pdf, id=4389, 569.12625pt x 408.52625pt>
File: yield_th_dpy_xF_bin5.pdf Graphic file (type pdf)
<use yield_th_dpy_xF_bin5.pdf>
Package pdftex.def Info: yield_th_dpy_xF_bin5.pdf  used on input line 672.
(pdftex.def)             Requested size: 216.67201pt x 155.52834pt.
 [61

 <./yield_th_dpx_xF_bin5.pdf, page is rotated 90 degrees> <./yield_th_dpy_xF_bi
n5.pdf, page is rotated 90 degrees>]
<yield_ac_dpx_xF_bin5.pdf, id=4484, 569.12625pt x 408.52625pt>
File: yield_ac_dpx_xF_bin5.pdf Graphic file (type pdf)
<use yield_ac_dpx_xF_bin5.pdf>
Package pdftex.def Info: yield_ac_dpx_xF_bin5.pdf  used on input line 685.
(pdftex.def)             Requested size: 216.67201pt x 155.52834pt.
<yield_ac_dpy_xF_bin5.pdf, id=4485, 569.12625pt x 408.52625pt>
File: yield_ac_dpy_xF_bin5.pdf Graphic file (type pdf)
<use yield_ac_dpy_xF_bin5.pdf>
Package pdftex.def Info: yield_ac_dpy_xF_bin5.pdf  used on input line 685.
(pdftex.def)             Requested size: 216.67201pt x 155.52834pt.
 [62

 <./yield_ac_dpx_xF_bin5.pdf, page is rotated 90 degrees> <./yield_ac_dpy_xF_bi
n5.pdf, page is rotated 90 degrees>]
<yield_th_dpx2_xF_bin5.pdf, id=4579, 569.12625pt x 408.52625pt>
File: yield_th_dpx2_xF_bin5.pdf Graphic file (type pdf)
<use yield_th_dpx2_xF_bin5.pdf>
Package pdftex.def Info: yield_th_dpx2_xF_bin5.pdf  used on input line 698.
(pdftex.def)             Requested size: 216.67201pt x 155.52834pt.
<yield_th_dpy2_xF_bin5.pdf, id=4580, 569.12625pt x 408.52625pt>
File: yield_th_dpy2_xF_bin5.pdf Graphic file (type pdf)
<use yield_th_dpy2_xF_bin5.pdf>
Package pdftex.def Info: yield_th_dpy2_xF_bin5.pdf  used on input line 698.
(pdftex.def)             Requested size: 216.67201pt x 155.52834pt.
 [63

 <./yield_th_dpx2_xF_bin5.pdf, page is rotated 90 degrees> <./yield_th_dpy2_xF_
bin5.pdf, page is rotated 90 degrees>]
<yield_ac_dpx2_xF_bin5.pdf, id=4675, 569.12625pt x 408.52625pt>
File: yield_ac_dpx2_xF_bin5.pdf Graphic file (type pdf)
<use yield_ac_dpx2_xF_bin5.pdf>
Package pdftex.def Info: yield_ac_dpx2_xF_bin5.pdf  used on input line 711.
(pdftex.def)             Requested size: 216.67201pt x 155.52834pt.
<yield_ac_dpy2_xF_bin5.pdf, id=4676, 569.12625pt x 408.52625pt>
File: yield_ac_dpy2_xF_bin5.pdf Graphic file (type pdf)
<use yield_ac_dpy2_xF_bin5.pdf>
Package pdftex.def Info: yield_ac_dpy2_xF_bin5.pdf  used on input line 711.
(pdftex.def)             Requested size: 216.67201pt x 155.52834pt.
 [64

 <./yield_ac_dpx2_xF_bin5.pdf, page is rotated 90 degrees> <./yield_ac_dpy2_xF_
bin5.pdf, page is rotated 90 degrees>]
<acceptance_overlay_xF_bin5.pdf, id=4770, 569.12625pt x 408.52625pt>
File: acceptance_overlay_xF_bin5.pdf Graphic file (type pdf)
<use acceptance_overlay_xF_bin5.pdf>
Package pdftex.def Info: acceptance_overlay_xF_bin5.pdf  used on input line 724
.
(pdftex.def)             Requested size: 216.67201pt x 155.52834pt.
<acceptance_ratio_xF_bin5.pdf, id=4771, 569.12625pt x 408.52625pt>
File: acceptance_ratio_xF_bin5.pdf Graphic file (type pdf)
<use acceptance_ratio_xF_bin5.pdf>
Package pdftex.def Info: acceptance_ratio_xF_bin5.pdf  used on input line 724.
(pdftex.def)             Requested size: 216.67201pt x 155.52834pt.
 [65

 <./acceptance_overlay_xF_bin5.pdf, page is rotated 90 degrees> <./acceptance_r
atio_xF_bin5.pdf, page is rotated 90 degrees>]
<yield_th_dpx_xF_bin6.pdf, id=4866, 569.12625pt x 408.52625pt>
File: yield_th_dpx_xF_bin6.pdf Graphic file (type pdf)
<use yield_th_dpx_xF_bin6.pdf>
Package pdftex.def Info: yield_th_dpx_xF_bin6.pdf  used on input line 737.
(pdftex.def)             Requested size: 216.67201pt x 155.52834pt.
<yield_th_dpy_xF_bin6.pdf, id=4867, 569.12625pt x 408.52625pt>
File: yield_th_dpy_xF_bin6.pdf Graphic file (type pdf)
<use yield_th_dpy_xF_bin6.pdf>
Package pdftex.def Info: yield_th_dpy_xF_bin6.pdf  used on input line 737.
(pdftex.def)             Requested size: 216.67201pt x 155.52834pt.
 [66

 <./yield_th_dpx_xF_bin6.pdf, page is rotated 90 degrees> <./yield_th_dpy_xF_bi
n6.pdf, page is rotated 90 degrees>]
<yield_ac_dpx_xF_bin6.pdf, id=4961, 569.12625pt x 408.52625pt>
File: yield_ac_dpx_xF_bin6.pdf Graphic file (type pdf)
<use yield_ac_dpx_xF_bin6.pdf>
Package pdftex.def Info: yield_ac_dpx_xF_bin6.pdf  used on input line 750.
(pdftex.def)             Requested size: 216.67201pt x 155.52834pt.
<yield_ac_dpy_xF_bin6.pdf, id=4962, 569.12625pt x 408.52625pt>
File: yield_ac_dpy_xF_bin6.pdf Graphic file (type pdf)
<use yield_ac_dpy_xF_bin6.pdf>
Package pdftex.def Info: yield_ac_dpy_xF_bin6.pdf  used on input line 750.
(pdftex.def)             Requested size: 216.67201pt x 155.52834pt.

[67

 <./yield_ac_dpx_xF_bin6.pdf, page is rotated 90 degrees> <./yield_ac_dpy_xF_bi
n6.pdf, page is rotated 90 degrees>]
<yield_th_dpx2_xF_bin6.pdf, id=5057, 569.12625pt x 408.52625pt>
File: yield_th_dpx2_xF_bin6.pdf Graphic file (type pdf)
<use yield_th_dpx2_xF_bin6.pdf>
Package pdftex.def Info: yield_th_dpx2_xF_bin6.pdf  used on input line 763.
(pdftex.def)             Requested size: 216.67201pt x 155.52834pt.
<yield_th_dpy2_xF_bin6.pdf, id=5058, 569.12625pt x 408.52625pt>
File: yield_th_dpy2_xF_bin6.pdf Graphic file (type pdf)
<use yield_th_dpy2_xF_bin6.pdf>
Package pdftex.def Info: yield_th_dpy2_xF_bin6.pdf  used on input line 763.
(pdftex.def)             Requested size: 216.67201pt x 155.52834pt.
 [68

 <./yield_th_dpx2_xF_bin6.pdf, page is rotated 90 degrees> <./yield_th_dpy2_xF_
bin6.pdf, page is rotated 90 degrees>]
<yield_ac_dpx2_xF_bin6.pdf, id=5153, 569.12625pt x 408.52625pt>
File: yield_ac_dpx2_xF_bin6.pdf Graphic file (type pdf)
<use yield_ac_dpx2_xF_bin6.pdf>
Package pdftex.def Info: yield_ac_dpx2_xF_bin6.pdf  used on input line 776.
(pdftex.def)             Requested size: 216.67201pt x 155.52834pt.
<yield_ac_dpy2_xF_bin6.pdf, id=5154, 569.12625pt x 408.52625pt>
File: yield_ac_dpy2_xF_bin6.pdf Graphic file (type pdf)
<use yield_ac_dpy2_xF_bin6.pdf>
Package pdftex.def Info: yield_ac_dpy2_xF_bin6.pdf  used on input line 776.
(pdftex.def)             Requested size: 216.67201pt x 155.52834pt.
 [69

 <./yield_ac_dpx2_xF_bin6.pdf, page is rotated 90 degrees> <./yield_ac_dpy2_xF_
bin6.pdf, page is rotated 90 degrees>]
<acceptance_overlay_xF_bin6.pdf, id=5248, 569.12625pt x 408.52625pt>
File: acceptance_overlay_xF_bin6.pdf Graphic file (type pdf)
<use acceptance_overlay_xF_bin6.pdf>
Package pdftex.def Info: acceptance_overlay_xF_bin6.pdf  used on input line 789
.
(pdftex.def)             Requested size: 216.67201pt x 155.52834pt.
<acceptance_ratio_xF_bin6.pdf, id=5249, 569.12625pt x 408.52625pt>
File: acceptance_ratio_xF_bin6.pdf Graphic file (type pdf)
<use acceptance_ratio_xF_bin6.pdf>
Package pdftex.def Info: acceptance_ratio_xF_bin6.pdf  used on input line 789.
(pdftex.def)             Requested size: 216.67201pt x 155.52834pt.
 [70

 <./acceptance_overlay_xF_bin6.pdf, page is rotated 90 degrees> <./acceptance_r
atio_xF_bin6.pdf, page is rotated 90 degrees>]
<yield_th_dpx_xF_bin7.pdf, id=5344, 569.12625pt x 408.52625pt>
File: yield_th_dpx_xF_bin7.pdf Graphic file (type pdf)
<use yield_th_dpx_xF_bin7.pdf>
Package pdftex.def Info: yield_th_dpx_xF_bin7.pdf  used on input line 802.
(pdftex.def)             Requested size: 216.67201pt x 155.52834pt.
<yield_th_dpy_xF_bin7.pdf, id=5345, 569.12625pt x 408.52625pt>
File: yield_th_dpy_xF_bin7.pdf Graphic file (type pdf)
<use yield_th_dpy_xF_bin7.pdf>
Package pdftex.def Info: yield_th_dpy_xF_bin7.pdf  used on input line 802.
(pdftex.def)             Requested size: 216.67201pt x 155.52834pt.
 [71

 <./yield_th_dpx_xF_bin7.pdf, page is rotated 90 degrees> <./yield_th_dpy_xF_bi
n7.pdf, page is rotated 90 degrees>]
<yield_ac_dpx_xF_bin7.pdf, id=5439, 569.12625pt x 408.52625pt>
File: yield_ac_dpx_xF_bin7.pdf Graphic file (type pdf)
<use yield_ac_dpx_xF_bin7.pdf>
Package pdftex.def Info: yield_ac_dpx_xF_bin7.pdf  used on input line 815.
(pdftex.def)             Requested size: 216.67201pt x 155.52834pt.
<yield_ac_dpy_xF_bin7.pdf, id=5440, 569.12625pt x 408.52625pt>
File: yield_ac_dpy_xF_bin7.pdf Graphic file (type pdf)
<use yield_ac_dpy_xF_bin7.pdf>
Package pdftex.def Info: yield_ac_dpy_xF_bin7.pdf  used on input line 815.
(pdftex.def)             Requested size: 216.67201pt x 155.52834pt.
 [72

 <./yield_ac_dpx_xF_bin7.pdf, page is rotated 90 degrees> <./yield_ac_dpy_xF_bi
n7.pdf, page is rotated 90 degrees>]
<yield_th_dpx2_xF_bin7.pdf, id=5535, 569.12625pt x 408.52625pt>
File: yield_th_dpx2_xF_bin7.pdf Graphic file (type pdf)
<use yield_th_dpx2_xF_bin7.pdf>
Package pdftex.def Info: yield_th_dpx2_xF_bin7.pdf  used on input line 828.
(pdftex.def)             Requested size: 216.67201pt x 155.52834pt.
<yield_th_dpy2_xF_bin7.pdf, id=5536, 569.12625pt x 408.52625pt>
File: yield_th_dpy2_xF_bin7.pdf Graphic file (type pdf)
<use yield_th_dpy2_xF_bin7.pdf>
Package pdftex.def Info: yield_th_dpy2_xF_bin7.pdf  used on input line 828.
(pdftex.def)             Requested size: 216.67201pt x 155.52834pt.
 [73

 <./yield_th_dpx2_xF_bin7.pdf, page is rotated 90 degrees> <./yield_th_dpy2_xF_
bin7.pdf, page is rotated 90 degrees>]
<yield_ac_dpx2_xF_bin7.pdf, id=5631, 569.12625pt x 408.52625pt>
File: yield_ac_dpx2_xF_bin7.pdf Graphic file (type pdf)
<use yield_ac_dpx2_xF_bin7.pdf>
Package pdftex.def Info: yield_ac_dpx2_xF_bin7.pdf  used on input line 841.
(pdftex.def)             Requested size: 216.67201pt x 155.52834pt.
<yield_ac_dpy2_xF_bin7.pdf, id=5632, 569.12625pt x 408.52625pt>
File: yield_ac_dpy2_xF_bin7.pdf Graphic file (type pdf)
<use yield_ac_dpy2_xF_bin7.pdf>
Package pdftex.def Info: yield_ac_dpy2_xF_bin7.pdf  used on input line 841.
(pdftex.def)             Requested size: 216.67201pt x 155.52834pt.
 [74

 <./yield_ac_dpx2_xF_bin7.pdf, page is rotated 90 degrees> <./yield_ac_dpy2_xF_
bin7.pdf, page is rotated 90 degrees>]
<acceptance_overlay_xF_bin7.pdf, id=5726, 569.12625pt x 408.52625pt>
File: acceptance_overlay_xF_bin7.pdf Graphic file (type pdf)
<use acceptance_overlay_xF_bin7.pdf>
Package pdftex.def Info: acceptance_overlay_xF_bin7.pdf  used on input line 854
.
(pdftex.def)             Requested size: 216.67201pt x 155.52834pt.
<acceptance_ratio_xF_bin7.pdf, id=5727, 569.12625pt x 408.52625pt>
File: acceptance_ratio_xF_bin7.pdf Graphic file (type pdf)
<use acceptance_ratio_xF_bin7.pdf>
Package pdftex.def Info: acceptance_ratio_xF_bin7.pdf  used on input line 854.
(pdftex.def)             Requested size: 216.67201pt x 155.52834pt.
 [75

 <./acceptance_overlay_xF_bin7.pdf, page is rotated 90 degrees> <./acceptance_r
atio_xF_bin7.pdf, page is rotated 90 degrees>]
<yield_th_dpx_xF_bin8.pdf, id=5822, 569.12625pt x 408.52625pt>
File: yield_th_dpx_xF_bin8.pdf Graphic file (type pdf)
<use yield_th_dpx_xF_bin8.pdf>
Package pdftex.def Info: yield_th_dpx_xF_bin8.pdf  used on input line 867.
(pdftex.def)             Requested size: 216.67201pt x 155.52834pt.
<yield_th_dpy_xF_bin8.pdf, id=5823, 569.12625pt x 408.52625pt>
File: yield_th_dpy_xF_bin8.pdf Graphic file (type pdf)
<use yield_th_dpy_xF_bin8.pdf>
Package pdftex.def Info: yield_th_dpy_xF_bin8.pdf  used on input line 867.
(pdftex.def)             Requested size: 216.67201pt x 155.52834pt.

[76

 <./yield_th_dpx_xF_bin8.pdf, page is rotated 90 degrees> <./yield_th_dpy_xF_bi
n8.pdf, page is rotated 90 degrees>]
<yield_ac_dpx_xF_bin8.pdf, id=5917, 569.12625pt x 408.52625pt>
File: yield_ac_dpx_xF_bin8.pdf Graphic file (type pdf)
<use yield_ac_dpx_xF_bin8.pdf>
Package pdftex.def Info: yield_ac_dpx_xF_bin8.pdf  used on input line 880.
(pdftex.def)             Requested size: 216.67201pt x 155.52834pt.
<yield_ac_dpy_xF_bin8.pdf, id=5918, 569.12625pt x 408.52625pt>
File: yield_ac_dpy_xF_bin8.pdf Graphic file (type pdf)
<use yield_ac_dpy_xF_bin8.pdf>
Package pdftex.def Info: yield_ac_dpy_xF_bin8.pdf  used on input line 880.
(pdftex.def)             Requested size: 216.67201pt x 155.52834pt.
 [77

 <./yield_ac_dpx_xF_bin8.pdf, page is rotated 90 degrees> <./yield_ac_dpy_xF_bi
n8.pdf, page is rotated 90 degrees>]
<yield_th_dpx2_xF_bin8.pdf, id=6013, 569.12625pt x 408.52625pt>
File: yield_th_dpx2_xF_bin8.pdf Graphic file (type pdf)
<use yield_th_dpx2_xF_bin8.pdf>
Package pdftex.def Info: yield_th_dpx2_xF_bin8.pdf  used on input line 893.
(pdftex.def)             Requested size: 216.67201pt x 155.52834pt.
<yield_th_dpy2_xF_bin8.pdf, id=6014, 569.12625pt x 408.52625pt>
File: yield_th_dpy2_xF_bin8.pdf Graphic file (type pdf)
<use yield_th_dpy2_xF_bin8.pdf>
Package pdftex.def Info: yield_th_dpy2_xF_bin8.pdf  used on input line 893.
(pdftex.def)             Requested size: 216.67201pt x 155.52834pt.
[78

 <./yield_th_dpx2_xF_bin8.pdf, page is rotated 90 degrees> <./yield_th_dpy2_xF_
bin8.pdf, page is rotated 90 degrees>]
<yield_ac_dpx2_xF_bin8.pdf, id=6108, 569.12625pt x 408.52625pt>
File: yield_ac_dpx2_xF_bin8.pdf Graphic file (type pdf)
<use yield_ac_dpx2_xF_bin8.pdf>
Package pdftex.def Info: yield_ac_dpx2_xF_bin8.pdf  used on input line 906.
(pdftex.def)             Requested size: 216.67201pt x 155.52834pt.
<yield_ac_dpy2_xF_bin8.pdf, id=6109, 569.12625pt x 408.52625pt>
File: yield_ac_dpy2_xF_bin8.pdf Graphic file (type pdf)
<use yield_ac_dpy2_xF_bin8.pdf>
Package pdftex.def Info: yield_ac_dpy2_xF_bin8.pdf  used on input line 906.
(pdftex.def)             Requested size: 216.67201pt x 155.52834pt.
 [79

 <./yield_ac_dpx2_xF_bin8.pdf, page is rotated 90 degrees> <./yield_ac_dpy2_xF_
bin8.pdf, page is rotated 90 degrees>]
<acceptance_overlay_xF_bin8.pdf, id=6204, 569.12625pt x 408.52625pt>
File: acceptance_overlay_xF_bin8.pdf Graphic file (type pdf)
<use acceptance_overlay_xF_bin8.pdf>
Package pdftex.def Info: acceptance_overlay_xF_bin8.pdf  used on input line 919
.
(pdftex.def)             Requested size: 216.67201pt x 155.52834pt.
<acceptance_ratio_xF_bin8.pdf, id=6205, 569.12625pt x 408.52625pt>
File: acceptance_ratio_xF_bin8.pdf Graphic file (type pdf)
<use acceptance_ratio_xF_bin8.pdf>
Package pdftex.def Info: acceptance_ratio_xF_bin8.pdf  used on input line 919.
(pdftex.def)             Requested size: 216.67201pt x 155.52834pt.
 [80

 <./acceptance_overlay_xF_bin8.pdf, page is rotated 90 degrees> <./acceptance_r
atio_xF_bin8.pdf, page is rotated 90 degrees>]
<yield_th_dpx_xF_bin9.pdf, id=6300, 569.12625pt x 408.52625pt>
File: yield_th_dpx_xF_bin9.pdf Graphic file (type pdf)
<use yield_th_dpx_xF_bin9.pdf>
Package pdftex.def Info: yield_th_dpx_xF_bin9.pdf  used on input line 932.
(pdftex.def)             Requested size: 216.67201pt x 155.52834pt.
<yield_th_dpy_xF_bin9.pdf, id=6301, 569.12625pt x 408.52625pt>
File: yield_th_dpy_xF_bin9.pdf Graphic file (type pdf)
<use yield_th_dpy_xF_bin9.pdf>
Package pdftex.def Info: yield_th_dpy_xF_bin9.pdf  used on input line 932.
(pdftex.def)             Requested size: 216.67201pt x 155.52834pt.
 [81

 <./yield_th_dpx_xF_bin9.pdf, page is rotated 90 degrees> <./yield_th_dpy_xF_bi
n9.pdf, page is rotated 90 degrees>]
<yield_ac_dpx_xF_bin9.pdf, id=6395, 569.12625pt x 408.52625pt>
File: yield_ac_dpx_xF_bin9.pdf Graphic file (type pdf)
<use yield_ac_dpx_xF_bin9.pdf>
Package pdftex.def Info: yield_ac_dpx_xF_bin9.pdf  used on input line 945.
(pdftex.def)             Requested size: 216.67201pt x 155.52834pt.
<yield_ac_dpy_xF_bin9.pdf, id=6396, 569.12625pt x 408.52625pt>
File: yield_ac_dpy_xF_bin9.pdf Graphic file (type pdf)
<use yield_ac_dpy_xF_bin9.pdf>
Package pdftex.def Info: yield_ac_dpy_xF_bin9.pdf  used on input line 945.
(pdftex.def)             Requested size: 216.67201pt x 155.52834pt.
 [82

 <./yield_ac_dpx_xF_bin9.pdf, page is rotated 90 degrees> <./yield_ac_dpy_xF_bi
n9.pdf, page is rotated 90 degrees>]
<yield_th_dpx2_xF_bin9.pdf, id=6491, 569.12625pt x 408.52625pt>
File: yield_th_dpx2_xF_bin9.pdf Graphic file (type pdf)
<use yield_th_dpx2_xF_bin9.pdf>
Package pdftex.def Info: yield_th_dpx2_xF_bin9.pdf  used on input line 958.
(pdftex.def)             Requested size: 216.67201pt x 155.52834pt.
<yield_th_dpy2_xF_bin9.pdf, id=6492, 569.12625pt x 408.52625pt>
File: yield_th_dpy2_xF_bin9.pdf Graphic file (type pdf)
<use yield_th_dpy2_xF_bin9.pdf>
Package pdftex.def Info: yield_th_dpy2_xF_bin9.pdf  used on input line 958.
(pdftex.def)             Requested size: 216.67201pt x 155.52834pt.
 [83

 <./yield_th_dpx2_xF_bin9.pdf, page is rotated 90 degrees> <./yield_th_dpy2_xF_
bin9.pdf, page is rotated 90 degrees>]
<yield_ac_dpx2_xF_bin9.pdf, id=6586, 569.12625pt x 408.52625pt>
File: yield_ac_dpx2_xF_bin9.pdf Graphic file (type pdf)
<use yield_ac_dpx2_xF_bin9.pdf>
Package pdftex.def Info: yield_ac_dpx2_xF_bin9.pdf  used on input line 971.
(pdftex.def)             Requested size: 216.67201pt x 155.52834pt.
<yield_ac_dpy2_xF_bin9.pdf, id=6587, 569.12625pt x 408.52625pt>
File: yield_ac_dpy2_xF_bin9.pdf Graphic file (type pdf)
<use yield_ac_dpy2_xF_bin9.pdf>
Package pdftex.def Info: yield_ac_dpy2_xF_bin9.pdf  used on input line 971.
(pdftex.def)             Requested size: 216.67201pt x 155.52834pt.
 [84

 <./yield_ac_dpx2_xF_bin9.pdf, page is rotated 90 degrees> <./yield_ac_dpy2_xF_
bin9.pdf, page is rotated 90 degrees>]
<acceptance_overlay_xF_bin9.pdf, id=6681, 569.12625pt x 408.52625pt>
File: acceptance_overlay_xF_bin9.pdf Graphic file (type pdf)
<use acceptance_overlay_xF_bin9.pdf>
Package pdftex.def Info: acceptance_overlay_xF_bin9.pdf  used on input line 984
.
(pdftex.def)             Requested size: 216.67201pt x 155.52834pt.
<acceptance_ratio_xF_bin9.pdf, id=6682, 569.12625pt x 408.52625pt>
File: acceptance_ratio_xF_bin9.pdf Graphic file (type pdf)
<use acceptance_ratio_xF_bin9.pdf>
Package pdftex.def Info: acceptance_ratio_xF_bin9.pdf  used on input line 984.
(pdftex.def)             Requested size: 216.67201pt x 155.52834pt.
 [85

 <./acceptance_overlay_xF_bin9.pdf, page is rotated 90 degrees> <./acceptance_r
atio_xF_bin9.pdf, page is rotated 90 degrees>]
<yield_th_dpx_xF_bin10.pdf, id=6778, 569.12625pt x 408.52625pt>
File: yield_th_dpx_xF_bin10.pdf Graphic file (type pdf)
<use yield_th_dpx_xF_bin10.pdf>
Package pdftex.def Info: yield_th_dpx_xF_bin10.pdf  used on input line 997.
(pdftex.def)             Requested size: 216.67201pt x 155.52834pt.
<yield_th_dpy_xF_bin10.pdf, id=6779, 569.12625pt x 408.52625pt>
File: yield_th_dpy_xF_bin10.pdf Graphic file (type pdf)
<use yield_th_dpy_xF_bin10.pdf>
Package pdftex.def Info: yield_th_dpy_xF_bin10.pdf  used on input line 997.
(pdftex.def)             Requested size: 216.67201pt x 155.52834pt.
 [86

 <./yield_th_dpx_xF_bin10.pdf, page is rotated 90 degrees> <./yield_th_dpy_xF_b
in10.pdf, page is rotated 90 degrees>]
<yield_ac_dpx_xF_bin10.pdf, id=6873, 569.12625pt x 408.52625pt>
File: yield_ac_dpx_xF_bin10.pdf Graphic file (type pdf)
<use yield_ac_dpx_xF_bin10.pdf>
Package pdftex.def Info: yield_ac_dpx_xF_bin10.pdf  used on input line 1010.
(pdftex.def)             Requested size: 216.67201pt x 155.52834pt.
<yield_ac_dpy_xF_bin10.pdf, id=6874, 569.12625pt x 408.52625pt>
File: yield_ac_dpy_xF_bin10.pdf Graphic file (type pdf)
<use yield_ac_dpy_xF_bin10.pdf>
Package pdftex.def Info: yield_ac_dpy_xF_bin10.pdf  used on input line 1010.
(pdftex.def)             Requested size: 216.67201pt x 155.52834pt.

[87

 <./yield_ac_dpx_xF_bin10.pdf, page is rotated 90 degrees> <./yield_ac_dpy_xF_b
in10.pdf, page is rotated 90 degrees>]
<yield_th_dpx2_xF_bin10.pdf, id=6969, 569.12625pt x 408.52625pt>
File: yield_th_dpx2_xF_bin10.pdf Graphic file (type pdf)
<use yield_th_dpx2_xF_bin10.pdf>
Package pdftex.def Info: yield_th_dpx2_xF_bin10.pdf  used on input line 1023.
(pdftex.def)             Requested size: 216.67201pt x 155.52834pt.
<yield_th_dpy2_xF_bin10.pdf, id=6970, 569.12625pt x 408.52625pt>
File: yield_th_dpy2_xF_bin10.pdf Graphic file (type pdf)
<use yield_th_dpy2_xF_bin10.pdf>
Package pdftex.def Info: yield_th_dpy2_xF_bin10.pdf  used on input line 1023.
(pdftex.def)             Requested size: 216.67201pt x 155.52834pt.
 [88

 <./yield_th_dpx2_xF_bin10.pdf, page is rotated 90 degrees> <./yield_th_dpy2_xF
_bin10.pdf, page is rotated 90 degrees>]
<yield_ac_dpx2_xF_bin10.pdf, id=7064, 569.12625pt x 408.52625pt>
File: yield_ac_dpx2_xF_bin10.pdf Graphic file (type pdf)
<use yield_ac_dpx2_xF_bin10.pdf>
Package pdftex.def Info: yield_ac_dpx2_xF_bin10.pdf  used on input line 1036.
(pdftex.def)             Requested size: 216.67201pt x 155.52834pt.
<yield_ac_dpy2_xF_bin10.pdf, id=7065, 569.12625pt x 408.52625pt>
File: yield_ac_dpy2_xF_bin10.pdf Graphic file (type pdf)
<use yield_ac_dpy2_xF_bin10.pdf>
Package pdftex.def Info: yield_ac_dpy2_xF_bin10.pdf  used on input line 1036.
(pdftex.def)             Requested size: 216.67201pt x 155.52834pt.
 [89

 <./yield_ac_dpx2_xF_bin10.pdf, page is rotated 90 degrees> <./yield_ac_dpy2_xF
_bin10.pdf, page is rotated 90 degrees>]
<acceptance_overlay_xF_bin10.pdf, id=7159, 569.12625pt x 408.52625pt>
File: acceptance_overlay_xF_bin10.pdf Graphic file (type pdf)
<use acceptance_overlay_xF_bin10.pdf>
Package pdftex.def Info: acceptance_overlay_xF_bin10.pdf  used on input line 10
49.
(pdftex.def)             Requested size: 216.67201pt x 155.52834pt.
<acceptance_ratio_xF_bin10.pdf, id=7160, 569.12625pt x 408.52625pt>
File: acceptance_ratio_xF_bin10.pdf Graphic file (type pdf)
<use acceptance_ratio_xF_bin10.pdf>
Package pdftex.def Info: acceptance_ratio_xF_bin10.pdf  used on input line 1049
.
(pdftex.def)             Requested size: 216.67201pt x 155.52834pt.
 [90

 <./acceptance_overlay_xF_bin10.pdf, page is rotated 90 degrees> <./acceptance_
ratio_xF_bin10.pdf, page is rotated 90 degrees>]
<yield_th_dpx_xF_bin11.pdf, id=7255, 569.12625pt x 408.52625pt>
File: yield_th_dpx_xF_bin11.pdf Graphic file (type pdf)
<use yield_th_dpx_xF_bin11.pdf>
Package pdftex.def Info: yield_th_dpx_xF_bin11.pdf  used on input line 1062.
(pdftex.def)             Requested size: 216.67201pt x 155.52834pt.
<yield_th_dpy_xF_bin11.pdf, id=7256, 569.12625pt x 408.52625pt>
File: yield_th_dpy_xF_bin11.pdf Graphic file (type pdf)
<use yield_th_dpy_xF_bin11.pdf>
Package pdftex.def Info: yield_th_dpy_xF_bin11.pdf  used on input line 1062.
(pdftex.def)             Requested size: 216.67201pt x 155.52834pt.
 [91

 <./yield_th_dpx_xF_bin11.pdf, page is rotated 90 degrees> <./yield_th_dpy_xF_b
in11.pdf, page is rotated 90 degrees>]
<yield_ac_dpx_xF_bin11.pdf, id=7351, 569.12625pt x 408.52625pt>
File: yield_ac_dpx_xF_bin11.pdf Graphic file (type pdf)
<use yield_ac_dpx_xF_bin11.pdf>
Package pdftex.def Info: yield_ac_dpx_xF_bin11.pdf  used on input line 1075.
(pdftex.def)             Requested size: 216.67201pt x 155.52834pt.
<yield_ac_dpy_xF_bin11.pdf, id=7352, 569.12625pt x 408.52625pt>
File: yield_ac_dpy_xF_bin11.pdf Graphic file (type pdf)
<use yield_ac_dpy_xF_bin11.pdf>
Package pdftex.def Info: yield_ac_dpy_xF_bin11.pdf  used on input line 1075.
(pdftex.def)             Requested size: 216.67201pt x 155.52834pt.
 [92

 <./yield_ac_dpx_xF_bin11.pdf, page is rotated 90 degrees> <./yield_ac_dpy_xF_b
in11.pdf, page is rotated 90 degrees>]
<yield_th_dpx2_xF_bin11.pdf, id=7447, 569.12625pt x 408.52625pt>
File: yield_th_dpx2_xF_bin11.pdf Graphic file (type pdf)
<use yield_th_dpx2_xF_bin11.pdf>
Package pdftex.def Info: yield_th_dpx2_xF_bin11.pdf  used on input line 1088.
(pdftex.def)             Requested size: 216.67201pt x 155.52834pt.
<yield_th_dpy2_xF_bin11.pdf, id=7448, 569.12625pt x 408.52625pt>
File: yield_th_dpy2_xF_bin11.pdf Graphic file (type pdf)
<use yield_th_dpy2_xF_bin11.pdf>
Package pdftex.def Info: yield_th_dpy2_xF_bin11.pdf  used on input line 1088.
(pdftex.def)             Requested size: 216.67201pt x 155.52834pt.
 [93

 <./yield_th_dpx2_xF_bin11.pdf, page is rotated 90 degrees> <./yield_th_dpy2_xF
_bin11.pdf, page is rotated 90 degrees>]
<yield_ac_dpx2_xF_bin11.pdf, id=7542, 569.12625pt x 408.52625pt>
File: yield_ac_dpx2_xF_bin11.pdf Graphic file (type pdf)
<use yield_ac_dpx2_xF_bin11.pdf>
Package pdftex.def Info: yield_ac_dpx2_xF_bin11.pdf  used on input line 1101.
(pdftex.def)             Requested size: 216.67201pt x 155.52834pt.
<yield_ac_dpy2_xF_bin11.pdf, id=7543, 569.12625pt x 408.52625pt>
File: yield_ac_dpy2_xF_bin11.pdf Graphic file (type pdf)
<use yield_ac_dpy2_xF_bin11.pdf>
Package pdftex.def Info: yield_ac_dpy2_xF_bin11.pdf  used on input line 1101.
(pdftex.def)             Requested size: 216.67201pt x 155.52834pt.

[94

 <./yield_ac_dpx2_xF_bin11.pdf, page is rotated 90 degrees> <./yield_ac_dpy2_xF
_bin11.pdf, page is rotated 90 degrees>]
<acceptance_overlay_xF_bin11.pdf, id=7638, 569.12625pt x 408.52625pt>
File: acceptance_overlay_xF_bin11.pdf Graphic file (type pdf)
<use acceptance_overlay_xF_bin11.pdf>
Package pdftex.def Info: acceptance_overlay_xF_bin11.pdf  used on input line 11
14.
(pdftex.def)             Requested size: 216.67201pt x 155.52834pt.
<acceptance_ratio_xF_bin11.pdf, id=7639, 569.12625pt x 408.52625pt>
File: acceptance_ratio_xF_bin11.pdf Graphic file (type pdf)
<use acceptance_ratio_xF_bin11.pdf>
Package pdftex.def Info: acceptance_ratio_xF_bin11.pdf  used on input line 1114
.
(pdftex.def)             Requested size: 216.67201pt x 155.52834pt.
 [95

 <./acceptance_overlay_xF_bin11.pdf, page is rotated 90 degrees> <./acceptance_
ratio_xF_bin11.pdf, page is rotated 90 degrees>]
<yield_th_dpx_xF_bin12.pdf, id=7733, 569.12625pt x 408.52625pt>
File: yield_th_dpx_xF_bin12.pdf Graphic file (type pdf)
<use yield_th_dpx_xF_bin12.pdf>
Package pdftex.def Info: yield_th_dpx_xF_bin12.pdf  used on input line 1127.
(pdftex.def)             Requested size: 216.67201pt x 155.52834pt.
<yield_th_dpy_xF_bin12.pdf, id=7734, 569.12625pt x 408.52625pt>
File: yield_th_dpy_xF_bin12.pdf Graphic file (type pdf)
<use yield_th_dpy_xF_bin12.pdf>
Package pdftex.def Info: yield_th_dpy_xF_bin12.pdf  used on input line 1127.
(pdftex.def)             Requested size: 216.67201pt x 155.52834pt.
 [96

 <./yield_th_dpx_xF_bin12.pdf, page is rotated 90 degrees> <./yield_th_dpy_xF_b
in12.pdf, page is rotated 90 degrees>]
<yield_ac_dpx_xF_bin12.pdf, id=7828, 569.12625pt x 408.52625pt>
File: yield_ac_dpx_xF_bin12.pdf Graphic file (type pdf)
<use yield_ac_dpx_xF_bin12.pdf>
Package pdftex.def Info: yield_ac_dpx_xF_bin12.pdf  used on input line 1140.
(pdftex.def)             Requested size: 216.67201pt x 155.52834pt.
<yield_ac_dpy_xF_bin12.pdf, id=7829, 569.12625pt x 408.52625pt>
File: yield_ac_dpy_xF_bin12.pdf Graphic file (type pdf)
<use yield_ac_dpy_xF_bin12.pdf>
Package pdftex.def Info: yield_ac_dpy_xF_bin12.pdf  used on input line 1140.
(pdftex.def)             Requested size: 216.67201pt x 155.52834pt.
 [97

 <./yield_ac_dpx_xF_bin12.pdf, page is rotated 90 degrees> <./yield_ac_dpy_xF_b
in12.pdf, page is rotated 90 degrees>]
<yield_th_dpx2_xF_bin12.pdf, id=7925, 569.12625pt x 408.52625pt>
File: yield_th_dpx2_xF_bin12.pdf Graphic file (type pdf)
<use yield_th_dpx2_xF_bin12.pdf>
Package pdftex.def Info: yield_th_dpx2_xF_bin12.pdf  used on input line 1153.
(pdftex.def)             Requested size: 216.67201pt x 155.52834pt.
<yield_th_dpy2_xF_bin12.pdf, id=7926, 569.12625pt x 408.52625pt>
File: yield_th_dpy2_xF_bin12.pdf Graphic file (type pdf)
<use yield_th_dpy2_xF_bin12.pdf>
Package pdftex.def Info: yield_th_dpy2_xF_bin12.pdf  used on input line 1153.
(pdftex.def)             Requested size: 216.67201pt x 155.52834pt.
 [98

 <./yield_th_dpx2_xF_bin12.pdf, page is rotated 90 degrees> <./yield_th_dpy2_xF
_bin12.pdf, page is rotated 90 degrees>]
<yield_ac_dpx2_xF_bin12.pdf, id=8020, 569.12625pt x 408.52625pt>
File: yield_ac_dpx2_xF_bin12.pdf Graphic file (type pdf)
<use yield_ac_dpx2_xF_bin12.pdf>
Package pdftex.def Info: yield_ac_dpx2_xF_bin12.pdf  used on input line 1166.
(pdftex.def)             Requested size: 216.67201pt x 155.52834pt.
<yield_ac_dpy2_xF_bin12.pdf, id=8021, 569.12625pt x 408.52625pt>
File: yield_ac_dpy2_xF_bin12.pdf Graphic file (type pdf)
<use yield_ac_dpy2_xF_bin12.pdf>
Package pdftex.def Info: yield_ac_dpy2_xF_bin12.pdf  used on input line 1166.
(pdftex.def)             Requested size: 216.67201pt x 155.52834pt.
 [99

 <./yield_ac_dpx2_xF_bin12.pdf, page is rotated 90 degrees> <./yield_ac_dpy2_xF
_bin12.pdf, page is rotated 90 degrees>]
<acceptance_overlay_xF_bin12.pdf, id=8116, 569.12625pt x 408.52625pt>
File: acceptance_overlay_xF_bin12.pdf Graphic file (type pdf)
<use acceptance_overlay_xF_bin12.pdf>
Package pdftex.def Info: acceptance_overlay_xF_bin12.pdf  used on input line 11
79.
(pdftex.def)             Requested size: 216.67201pt x 155.52834pt.
<acceptance_ratio_xF_bin12.pdf, id=8117, 569.12625pt x 408.52625pt>
File: acceptance_ratio_xF_bin12.pdf Graphic file (type pdf)
<use acceptance_ratio_xF_bin12.pdf>
Package pdftex.def Info: acceptance_ratio_xF_bin12.pdf  used on input line 1179
.
(pdftex.def)             Requested size: 216.67201pt x 155.52834pt.
 [100

 <./acceptance_overlay_xF_bin12.pdf, page is rotated 90 degrees> <./acceptance_
ratio_xF_bin12.pdf, page is rotated 90 degrees>]
<yield_th_dpx_xF_bin13.pdf, id=8211, 569.12625pt x 408.52625pt>
File: yield_th_dpx_xF_bin13.pdf Graphic file (type pdf)
<use yield_th_dpx_xF_bin13.pdf>
Package pdftex.def Info: yield_th_dpx_xF_bin13.pdf  used on input line 1192.
(pdftex.def)             Requested size: 216.67201pt x 155.52834pt.
<yield_th_dpy_xF_bin13.pdf, id=8212, 569.12625pt x 408.52625pt>
File: yield_th_dpy_xF_bin13.pdf Graphic file (type pdf)
<use yield_th_dpy_xF_bin13.pdf>
Package pdftex.def Info: yield_th_dpy_xF_bin13.pdf  used on input line 1192.
(pdftex.def)             Requested size: 216.67201pt x 155.52834pt.
 [101

 <./yield_th_dpx_xF_bin13.pdf, page is rotated 90 degrees> <./yield_th_dpy_xF_b
in13.pdf, page is rotated 90 degrees>]
<yield_ac_dpx_xF_bin13.pdf, id=8306, 569.12625pt x 408.52625pt>
File: yield_ac_dpx_xF_bin13.pdf Graphic file (type pdf)
<use yield_ac_dpx_xF_bin13.pdf>
Package pdftex.def Info: yield_ac_dpx_xF_bin13.pdf  used on input line 1205.
(pdftex.def)             Requested size: 216.67201pt x 155.52834pt.
<yield_ac_dpy_xF_bin13.pdf, id=8307, 569.12625pt x 408.52625pt>
File: yield_ac_dpy_xF_bin13.pdf Graphic file (type pdf)
<use yield_ac_dpy_xF_bin13.pdf>
Package pdftex.def Info: yield_ac_dpy_xF_bin13.pdf  used on input line 1205.
(pdftex.def)             Requested size: 216.67201pt x 155.52834pt.
 [102

 <./yield_ac_dpx_xF_bin13.pdf, page is rotated 90 degrees> <./yield_ac_dpy_xF_b
in13.pdf, page is rotated 90 degrees>]
<yield_th_dpx2_xF_bin13.pdf, id=8402, 569.12625pt x 408.52625pt>
File: yield_th_dpx2_xF_bin13.pdf Graphic file (type pdf)
<use yield_th_dpx2_xF_bin13.pdf>
Package pdftex.def Info: yield_th_dpx2_xF_bin13.pdf  used on input line 1218.
(pdftex.def)             Requested size: 216.67201pt x 155.52834pt.
<yield_th_dpy2_xF_bin13.pdf, id=8403, 569.12625pt x 408.52625pt>
File: yield_th_dpy2_xF_bin13.pdf Graphic file (type pdf)
<use yield_th_dpy2_xF_bin13.pdf>
Package pdftex.def Info: yield_th_dpy2_xF_bin13.pdf  used on input line 1218.
(pdftex.def)             Requested size: 216.67201pt x 155.52834pt.
 [103

 <./yield_th_dpx2_xF_bin13.pdf, page is rotated 90 degrees> <./yield_th_dpy2_xF
_bin13.pdf, page is rotated 90 degrees>]
<yield_ac_dpx2_xF_bin13.pdf, id=8498, 569.12625pt x 408.52625pt>
File: yield_ac_dpx2_xF_bin13.pdf Graphic file (type pdf)
<use yield_ac_dpx2_xF_bin13.pdf>
Package pdftex.def Info: yield_ac_dpx2_xF_bin13.pdf  used on input line 1231.
(pdftex.def)             Requested size: 216.67201pt x 155.52834pt.
<yield_ac_dpy2_xF_bin13.pdf, id=8499, 569.12625pt x 408.52625pt>
File: yield_ac_dpy2_xF_bin13.pdf Graphic file (type pdf)
<use yield_ac_dpy2_xF_bin13.pdf>
Package pdftex.def Info: yield_ac_dpy2_xF_bin13.pdf  used on input line 1231.
(pdftex.def)             Requested size: 216.67201pt x 155.52834pt.
 [104

 <./yield_ac_dpx2_xF_bin13.pdf, page is rotated 90 degrees> <./yield_ac_dpy2_xF
_bin13.pdf, page is rotated 90 degrees>]
<acceptance_overlay_xF_bin13.pdf, id=8594, 569.12625pt x 408.52625pt>
File: acceptance_overlay_xF_bin13.pdf Graphic file (type pdf)
<use acceptance_overlay_xF_bin13.pdf>
Package pdftex.def Info: acceptance_overlay_xF_bin13.pdf  used on input line 12
44.
(pdftex.def)             Requested size: 216.67201pt x 155.52834pt.
<acceptance_ratio_xF_bin13.pdf, id=8595, 569.12625pt x 408.52625pt>
File: acceptance_ratio_xF_bin13.pdf Graphic file (type pdf)
<use acceptance_ratio_xF_bin13.pdf>
Package pdftex.def Info: acceptance_ratio_xF_bin13.pdf  used on input line 1244
.
(pdftex.def)             Requested size: 216.67201pt x 155.52834pt.
 [105

 <./acceptance_overlay_xF_bin13.pdf, page is rotated 90 degrees> <./acceptance_
ratio_xF_bin13.pdf, page is rotated 90 degrees>]
<yield_th_dpx_xF_bin14.pdf, id=8689, 569.12625pt x 408.52625pt>
File: yield_th_dpx_xF_bin14.pdf Graphic file (type pdf)
<use yield_th_dpx_xF_bin14.pdf>
Package pdftex.def Info: yield_th_dpx_xF_bin14.pdf  used on input line 1257.
(pdftex.def)             Requested size: 216.67201pt x 155.52834pt.
<yield_th_dpy_xF_bin14.pdf, id=8690, 569.12625pt x 408.52625pt>
File: yield_th_dpy_xF_bin14.pdf Graphic file (type pdf)
<use yield_th_dpy_xF_bin14.pdf>
Package pdftex.def Info: yield_th_dpy_xF_bin14.pdf  used on input line 1257.
(pdftex.def)             Requested size: 216.67201pt x 155.52834pt.

[106

 <./yield_th_dpx_xF_bin14.pdf, page is rotated 90 degrees> <./yield_th_dpy_xF_b
in14.pdf, page is rotated 90 degrees>]
<yield_ac_dpx_xF_bin14.pdf, id=8784, 569.12625pt x 408.52625pt>
File: yield_ac_dpx_xF_bin14.pdf Graphic file (type pdf)
<use yield_ac_dpx_xF_bin14.pdf>
Package pdftex.def Info: yield_ac_dpx_xF_bin14.pdf  used on input line 1270.
(pdftex.def)             Requested size: 216.67201pt x 155.52834pt.
<yield_ac_dpy_xF_bin14.pdf, id=8785, 569.12625pt x 408.52625pt>
File: yield_ac_dpy_xF_bin14.pdf Graphic file (type pdf)
<use yield_ac_dpy_xF_bin14.pdf>
Package pdftex.def Info: yield_ac_dpy_xF_bin14.pdf  used on input line 1270.
(pdftex.def)             Requested size: 216.67201pt x 155.52834pt.
 [107

 <./yield_ac_dpx_xF_bin14.pdf, page is rotated 90 degrees> <./yield_ac_dpy_xF_b
in14.pdf, page is rotated 90 degrees>]
<yield_th_dpx2_xF_bin14.pdf, id=8880, 569.12625pt x 408.52625pt>
File: yield_th_dpx2_xF_bin14.pdf Graphic file (type pdf)
<use yield_th_dpx2_xF_bin14.pdf>
Package pdftex.def Info: yield_th_dpx2_xF_bin14.pdf  used on input line 1283.
(pdftex.def)             Requested size: 216.67201pt x 155.52834pt.
<yield_th_dpy2_xF_bin14.pdf, id=8881, 569.12625pt x 408.52625pt>
File: yield_th_dpy2_xF_bin14.pdf Graphic file (type pdf)
<use yield_th_dpy2_xF_bin14.pdf>
Package pdftex.def Info: yield_th_dpy2_xF_bin14.pdf  used on input line 1283.
(pdftex.def)             Requested size: 216.67201pt x 155.52834pt.
 [108

 <./yield_th_dpx2_xF_bin14.pdf, page is rotated 90 degrees> <./yield_th_dpy2_xF
_bin14.pdf, page is rotated 90 degrees>]
<yield_ac_dpx2_xF_bin14.pdf, id=8975, 569.12625pt x 408.52625pt>
File: yield_ac_dpx2_xF_bin14.pdf Graphic file (type pdf)
<use yield_ac_dpx2_xF_bin14.pdf>
Package pdftex.def Info: yield_ac_dpx2_xF_bin14.pdf  used on input line 1296.
(pdftex.def)             Requested size: 216.67201pt x 155.52834pt.
<yield_ac_dpy2_xF_bin14.pdf, id=8976, 569.12625pt x 408.52625pt>
File: yield_ac_dpy2_xF_bin14.pdf Graphic file (type pdf)
<use yield_ac_dpy2_xF_bin14.pdf>
Package pdftex.def Info: yield_ac_dpy2_xF_bin14.pdf  used on input line 1296.
(pdftex.def)             Requested size: 216.67201pt x 155.52834pt.
 [109

 <./yield_ac_dpx2_xF_bin14.pdf, page is rotated 90 degrees> <./yield_ac_dpy2_xF
_bin14.pdf, page is rotated 90 degrees>]
<acceptance_overlay_xF_bin14.pdf, id=9072, 569.12625pt x 408.52625pt>
File: acceptance_overlay_xF_bin14.pdf Graphic file (type pdf)
<use acceptance_overlay_xF_bin14.pdf>
Package pdftex.def Info: acceptance_overlay_xF_bin14.pdf  used on input line 13
09.
(pdftex.def)             Requested size: 216.67201pt x 155.52834pt.
<acceptance_ratio_xF_bin14.pdf, id=9073, 569.12625pt x 408.52625pt>
File: acceptance_ratio_xF_bin14.pdf Graphic file (type pdf)
<use acceptance_ratio_xF_bin14.pdf>
Package pdftex.def Info: acceptance_ratio_xF_bin14.pdf  used on input line 1309
.
(pdftex.def)             Requested size: 216.67201pt x 155.52834pt.
 [110

 <./acceptance_overlay_xF_bin14.pdf, page is rotated 90 degrees> <./acceptance_
ratio_xF_bin14.pdf, page is rotated 90 degrees>]
<yield_th_dpx_xF_bin15.pdf, id=9167, 569.12625pt x 408.52625pt>
File: yield_th_dpx_xF_bin15.pdf Graphic file (type pdf)
<use yield_th_dpx_xF_bin15.pdf>
Package pdftex.def Info: yield_th_dpx_xF_bin15.pdf  used on input line 1322.
(pdftex.def)             Requested size: 216.67201pt x 155.52834pt.
<yield_th_dpy_xF_bin15.pdf, id=9168, 569.12625pt x 408.52625pt>
File: yield_th_dpy_xF_bin15.pdf Graphic file (type pdf)
<use yield_th_dpy_xF_bin15.pdf>
Package pdftex.def Info: yield_th_dpy_xF_bin15.pdf  used on input line 1322.
(pdftex.def)             Requested size: 216.67201pt x 155.52834pt.
 [111

 <./yield_th_dpx_xF_bin15.pdf, page is rotated 90 degrees> <./yield_th_dpy_xF_b
in15.pdf, page is rotated 90 degrees>]
<yield_ac_dpx_xF_bin15.pdf, id=9263, 569.12625pt x 408.52625pt>
File: yield_ac_dpx_xF_bin15.pdf Graphic file (type pdf)
<use yield_ac_dpx_xF_bin15.pdf>
Package pdftex.def Info: yield_ac_dpx_xF_bin15.pdf  used on input line 1335.
(pdftex.def)             Requested size: 216.67201pt x 155.52834pt.
<yield_ac_dpy_xF_bin15.pdf, id=9264, 569.12625pt x 408.52625pt>
File: yield_ac_dpy_xF_bin15.pdf Graphic file (type pdf)
<use yield_ac_dpy_xF_bin15.pdf>
Package pdftex.def Info: yield_ac_dpy_xF_bin15.pdf  used on input line 1335.
(pdftex.def)             Requested size: 216.67201pt x 155.52834pt.
 [112

 <./yield_ac_dpx_xF_bin15.pdf, page is rotated 90 degrees> <./yield_ac_dpy_xF_b
in15.pdf, page is rotated 90 degrees>]
<yield_th_dpx2_xF_bin15.pdf, id=9358, 569.12625pt x 408.52625pt>
File: yield_th_dpx2_xF_bin15.pdf Graphic file (type pdf)
<use yield_th_dpx2_xF_bin15.pdf>
Package pdftex.def Info: yield_th_dpx2_xF_bin15.pdf  used on input line 1348.
(pdftex.def)             Requested size: 216.67201pt x 155.52834pt.
<yield_th_dpy2_xF_bin15.pdf, id=9359, 569.12625pt x 408.52625pt>
File: yield_th_dpy2_xF_bin15.pdf Graphic file (type pdf)
<use yield_th_dpy2_xF_bin15.pdf>
Package pdftex.def Info: yield_th_dpy2_xF_bin15.pdf  used on input line 1348.
(pdftex.def)             Requested size: 216.67201pt x 155.52834pt.

[113

 <./yield_th_dpx2_xF_bin15.pdf, page is rotated 90 degrees> <./yield_th_dpy2_xF
_bin15.pdf, page is rotated 90 degrees>]
<yield_ac_dpx2_xF_bin15.pdf, id=9453, 569.12625pt x 408.52625pt>
File: yield_ac_dpx2_xF_bin15.pdf Graphic file (type pdf)
<use yield_ac_dpx2_xF_bin15.pdf>
Package pdftex.def Info: yield_ac_dpx2_xF_bin15.pdf  used on input line 1361.
(pdftex.def)             Requested size: 216.67201pt x 155.52834pt.
<yield_ac_dpy2_xF_bin15.pdf, id=9454, 569.12625pt x 408.52625pt>
File: yield_ac_dpy2_xF_bin15.pdf Graphic file (type pdf)
<use yield_ac_dpy2_xF_bin15.pdf>
Package pdftex.def Info: yield_ac_dpy2_xF_bin15.pdf  used on input line 1361.
(pdftex.def)             Requested size: 216.67201pt x 155.52834pt.
 [114

 <./yield_ac_dpx2_xF_bin15.pdf, page is rotated 90 degrees> <./yield_ac_dpy2_xF
_bin15.pdf, page is rotated 90 degrees>]
<acceptance_overlay_xF_bin15.pdf, id=9549, 569.12625pt x 408.52625pt>
File: acceptance_overlay_xF_bin15.pdf Graphic file (type pdf)
<use acceptance_overlay_xF_bin15.pdf>
Package pdftex.def Info: acceptance_overlay_xF_bin15.pdf  used on input line 13
74.
(pdftex.def)             Requested size: 216.67201pt x 155.52834pt.
<acceptance_ratio_xF_bin15.pdf, id=9550, 569.12625pt x 408.52625pt>
File: acceptance_ratio_xF_bin15.pdf Graphic file (type pdf)
<use acceptance_ratio_xF_bin15.pdf>
Package pdftex.def Info: acceptance_ratio_xF_bin15.pdf  used on input line 1374
.
(pdftex.def)             Requested size: 216.67201pt x 155.52834pt.
 [115

 <./acceptance_overlay_xF_bin15.pdf, page is rotated 90 degrees> <./acceptance_
ratio_xF_bin15.pdf, page is rotated 90 degrees>]

Package hyperref Warning: Token not allowed in a PDF string (Unicode):
(hyperref)                removing `math shift' on input line 1375.


Package hyperref Warning: Token not allowed in a PDF string (Unicode):
(hyperref)                removing `subscript' on input line 1375.


Package hyperref Warning: Token not allowed in a PDF string (Unicode):
(hyperref)                removing `math shift' on input line 1375.

<acceptance_overlay_pT_bin0.pdf, id=9645, 569.12625pt x 408.52625pt>
File: acceptance_overlay_pT_bin0.pdf Graphic file (type pdf)
<use acceptance_overlay_pT_bin0.pdf>
Package pdftex.def Info: acceptance_overlay_pT_bin0.pdf  used on input line 138
8.
(pdftex.def)             Requested size: 216.67201pt x 155.52834pt.
<acceptance_ratio_pT_bin0.pdf, id=9646, 569.12625pt x 408.52625pt>
File: acceptance_ratio_pT_bin0.pdf Graphic file (type pdf)
<use acceptance_ratio_pT_bin0.pdf>
Package pdftex.def Info: acceptance_ratio_pT_bin0.pdf  used on input line 1388.

(pdftex.def)             Requested size: 216.67201pt x 155.52834pt.
[116

 <./acceptance_overlay_pT_bin0.pdf, page is rotated 90 degrees> <./acceptance_r
atio_pT_bin0.pdf, page is rotated 90 degrees>]
<acceptance_overlay_pT_bin1.pdf, id=9741, 569.12625pt x 408.52625pt>
File: acceptance_overlay_pT_bin1.pdf Graphic file (type pdf)
<use acceptance_overlay_pT_bin1.pdf>
Package pdftex.def Info: acceptance_overlay_pT_bin1.pdf  used on input line 140
1.
(pdftex.def)             Requested size: 216.67201pt x 155.52834pt.
<acceptance_ratio_pT_bin1.pdf, id=9742, 569.12625pt x 408.52625pt>
File: acceptance_ratio_pT_bin1.pdf Graphic file (type pdf)
<use acceptance_ratio_pT_bin1.pdf>
Package pdftex.def Info: acceptance_ratio_pT_bin1.pdf  used on input line 1401.

(pdftex.def)             Requested size: 216.67201pt x 155.52834pt.
 [117

 <./acceptance_overlay_pT_bin1.pdf, page is rotated 90 degrees> <./acceptance_r
atio_pT_bin1.pdf, page is rotated 90 degrees>]
<acceptance_overlay_pT_bin2.pdf, id=9836, 569.12625pt x 408.52625pt>
File: acceptance_overlay_pT_bin2.pdf Graphic file (type pdf)
<use acceptance_overlay_pT_bin2.pdf>
Package pdftex.def Info: acceptance_overlay_pT_bin2.pdf  used on input line 141
4.
(pdftex.def)             Requested size: 216.67201pt x 155.52834pt.
<acceptance_ratio_pT_bin2.pdf, id=9837, 569.12625pt x 408.52625pt>
File: acceptance_ratio_pT_bin2.pdf Graphic file (type pdf)
<use acceptance_ratio_pT_bin2.pdf>
Package pdftex.def Info: acceptance_ratio_pT_bin2.pdf  used on input line 1414.

(pdftex.def)             Requested size: 216.67201pt x 155.52834pt.
 [118

 <./acceptance_overlay_pT_bin2.pdf, page is rotated 90 degrees> <./acceptance_r
atio_pT_bin2.pdf, page is rotated 90 degrees>]
<acceptance_overlay_pT_bin3.pdf, id=9931, 569.12625pt x 408.52625pt>
File: acceptance_overlay_pT_bin3.pdf Graphic file (type pdf)
<use acceptance_overlay_pT_bin3.pdf>
Package pdftex.def Info: acceptance_overlay_pT_bin3.pdf  used on input line 142
7.
(pdftex.def)             Requested size: 216.67201pt x 155.52834pt.
<acceptance_ratio_pT_bin3.pdf, id=9932, 569.12625pt x 408.52625pt>
File: acceptance_ratio_pT_bin3.pdf Graphic file (type pdf)
<use acceptance_ratio_pT_bin3.pdf>
Package pdftex.def Info: acceptance_ratio_pT_bin3.pdf  used on input line 1427.

(pdftex.def)             Requested size: 216.67201pt x 155.52834pt.

[119

 <./acceptance_overlay_pT_bin3.pdf, page is rotated 90 degrees> <./acceptance_r
atio_pT_bin3.pdf, page is rotated 90 degrees>]
<acceptance_overlay_pT_bin4.pdf, id=10027, 569.12625pt x 408.52625pt>
File: acceptance_overlay_pT_bin4.pdf Graphic file (type pdf)
<use acceptance_overlay_pT_bin4.pdf>
Package pdftex.def Info: acceptance_overlay_pT_bin4.pdf  used on input line 144
0.
(pdftex.def)             Requested size: 216.67201pt x 155.52834pt.
<acceptance_ratio_pT_bin4.pdf, id=10028, 569.12625pt x 408.52625pt>
File: acceptance_ratio_pT_bin4.pdf Graphic file (type pdf)
<use acceptance_ratio_pT_bin4.pdf>
Package pdftex.def Info: acceptance_ratio_pT_bin4.pdf  used on input line 1440.

(pdftex.def)             Requested size: 216.67201pt x 155.52834pt.
 [120

 <./acceptance_overlay_pT_bin4.pdf, page is rotated 90 degrees> <./acceptance_r
atio_pT_bin4.pdf, page is rotated 90 degrees>]
<acceptance_overlay_pT_bin5.pdf, id=10122, 569.12625pt x 408.52625pt>
File: acceptance_overlay_pT_bin5.pdf Graphic file (type pdf)
<use acceptance_overlay_pT_bin5.pdf>
Package pdftex.def Info: acceptance_overlay_pT_bin5.pdf  used on input line 145
3.
(pdftex.def)             Requested size: 216.67201pt x 155.52834pt.
<acceptance_ratio_pT_bin5.pdf, id=10123, 569.12625pt x 408.52625pt>
File: acceptance_ratio_pT_bin5.pdf Graphic file (type pdf)
<use acceptance_ratio_pT_bin5.pdf>
Package pdftex.def Info: acceptance_ratio_pT_bin5.pdf  used on input line 1453.

(pdftex.def)             Requested size: 216.67201pt x 155.52834pt.
 [121

 <./acceptance_overlay_pT_bin5.pdf, page is rotated 90 degrees> <./acceptance_r
atio_pT_bin5.pdf, page is rotated 90 degrees>]
<acceptance_overlay_pT_bin6.pdf, id=10219, 569.12625pt x 408.52625pt>
File: acceptance_overlay_pT_bin6.pdf Graphic file (type pdf)
<use acceptance_overlay_pT_bin6.pdf>
Package pdftex.def Info: acceptance_overlay_pT_bin6.pdf  used on input line 146
6.
(pdftex.def)             Requested size: 216.67201pt x 155.52834pt.
<acceptance_ratio_pT_bin6.pdf, id=10220, 569.12625pt x 408.52625pt>
File: acceptance_ratio_pT_bin6.pdf Graphic file (type pdf)
<use acceptance_ratio_pT_bin6.pdf>
Package pdftex.def Info: acceptance_ratio_pT_bin6.pdf  used on input line 1466.

(pdftex.def)             Requested size: 216.67201pt x 155.52834pt.

[122

 <./acceptance_overlay_pT_bin6.pdf, page is rotated 90 degrees> <./acceptance_r
atio_pT_bin6.pdf, page is rotated 90 degrees>]
\tf@nav=\write6
\openout6 = `acceptance_slides.nav'.

\tf@toc=\write7
\openout7 = `acceptance_slides.toc'.

\tf@snm=\write8
\openout8 = `acceptance_slides.snm'.

 (./acceptance_slides.aux)
 ***********
LaTeX2e <2023-11-01> patch level 1
L3 programming layer <2024-01-22>
 ***********
Package rerunfilecheck Info: File `acceptance_slides.out' has not changed.
(rerunfilecheck)             Checksum: 1F767FDEB5B2AEEC6C0818239072A997;868.
 ) 
Here is how much of TeX's memory you used:
 23609 strings out of 476182
 478683 string characters out of 5795595
 1939975 words of memory out of 5000000
 44909 multiletter control sequences out of 15000+600000
 569385 words of font info for 77 fonts, out of 8000000 for 9000
 14 hyphenation exceptions out of 8191
 128i,15n,123p,413b,647s stack positions out of 10000i,1000n,20000p,200000b,200000s
</usr/share/texlive/texmf-dist/fonts/type1/public/amsfonts/cm/cmex10.pfb></us
r/share/texlive/texmf-dist/fonts/type1/public/amsfonts/cm/cmmi10.pfb></usr/shar
e/texlive/texmf-dist/fonts/type1/public/amsfonts/cm/cmmi12.pfb></usr/share/texl
ive/texmf-dist/fonts/type1/public/amsfonts/cm/cmmi8.pfb></usr/share/texlive/tex
mf-dist/fonts/type1/public/amsfonts/cm/cmss10.pfb></usr/share/texlive/texmf-dis
t/fonts/type1/public/amsfonts/cm/cmss12.pfb></usr/share/texlive/texmf-dist/font
s/type1/public/amsfonts/cm/cmss8.pfb></usr/share/texlive/texmf-dist/fonts/type1
/public/amsfonts/cm/cmssbx10.pfb></usr/share/texlive/texmf-dist/fonts/type1/pub
lic/amsfonts/cm/cmssi10.pfb></usr/share/texlive/texmf-dist/fonts/type1/public/a
msfonts/cm/cmssi12.pfb></usr/share/texlive/texmf-dist/fonts/type1/public/amsfon
ts/cm/cmssi8.pfb></usr/share/texlive/texmf-dist/fonts/type1/public/amsfonts/cm/
cmsy10.pfb></usr/share/texlive/texmf-dist/fonts/type1/public/amsfonts/cm/cmtt10
.pfb>
Output written on acceptance_slides.pdf (122 pages, 3117850 bytes).
PDF statistics:
 10426 PDF objects out of 10688 (max. 8388607)
 4582 compressed objects within 46 object streams
 251 named destinations out of 1000 (max. 500000)
 1193 words of extra memory for PDF output out of 10000 (max. 10000000)

