This is pdfTeX, Version 3.141592653-2.6-1.40.25 (TeX Live 2023/Debian) (preloaded format=pdflatex 2025.9.19)  18 SEP 2026 06:58
entering extended mode
 restricted \write18 enabled.
 %&-line parsing enabled.
**acceptance_slides.tex
(./acceptance_slides.tex
LaTeX2e <2023-11-01> patch level 1
L3 programming layer <2024-01-22>
(/usr/share/texlive/texmf-dist/tex/latex/beamer/beamer.cls
Document Class: beamer 2024/01/06 v3.71 A class for typesetting presentations
(/usr/share/texlive/texmf-dist/tex/latex/beamer/beamerbasemodes.sty
(/usr/share/texlive/texmf-dist/tex/latex/etoolbox/etoolbox.sty
Package: etoolbox 2020/10/05 v2.5k e-TeX tools for LaTeX (JAW)
\etb@tempcnta=\count187
)
\beamer@tempbox=\box51
\beamer@tempcount=\count188
\c@beamerpauses=\count189

(/usr/share/texlive/texmf-dist/tex/latex/beamer/beamerbasedecode.sty
\beamer@slideinframe=\count190
\beamer@minimum=\count191
\beamer@decode@box=\box52
)
\beamer@commentbox=\box53
\beamer@modecount=\count192
)
(/usr/share/texlive/texmf-dist/tex/generic/iftex/iftex.sty
Package: iftex 2022/02/03 v1.0f TeX engine tests
)
\headdp=\dimen140
\footheight=\dimen141
\sidebarheight=\dimen142
\beamer@tempdim=\dimen143
\beamer@finalheight=\dimen144
\beamer@animht=\dimen145
\beamer@animdp=\dimen146
\beamer@animwd=\dimen147
\beamer@leftmargin=\dimen148
\beamer@rightmargin=\dimen149
\beamer@leftsidebar=\dimen150
\beamer@rightsidebar=\dimen151
\beamer@boxsize=\dimen152
\beamer@vboxoffset=\dimen153
\beamer@descdefault=\dimen154
\beamer@descriptionwidth=\dimen155
\beamer@lastskip=\skip48
\beamer@areabox=\box54
\beamer@animcurrent=\box55
\beamer@animshowbox=\box56
\beamer@sectionbox=\box57
\beamer@logobox=\box58
\beamer@linebox=\box59
\beamer@sectioncount=\count193
\beamer@subsubsectionmax=\count194
\beamer@subsectionmax=\count195
\beamer@sectionmax=\count196
\beamer@totalheads=\count197
\beamer@headcounter=\count198
\beamer@partstartpage=\count199
\beamer@sectionstartpage=\count266
\beamer@subsectionstartpage=\count267
\beamer@animationtempa=\count268
\beamer@animationtempb=\count269
\beamer@xpos=\count270
\beamer@ypos=\count271
\beamer@ypos@offset=\count272
\beamer@showpartnumber=\count273
\beamer@currentsubsection=\count274
\beamer@coveringdepth=\count275
\beamer@sectionadjust=\count276
\beamer@toclastsection=\count277
\beamer@tocsectionnumber=\count278

(/usr/share/texlive/texmf-dist/tex/latex/beamer/beamerbaseoptions.sty
(/usr/share/texlive/texmf-dist/tex/latex/graphics/keyval.sty
Package: keyval 2022/05/29 v1.15 key=value parser (DPC)
\KV@toks@=\toks17
))
\beamer@paperwidth=\skip49
\beamer@paperheight=\skip50

(/usr/share/texlive/texmf-dist/tex/latex/geometry/geometry.sty
Package: geometry 2020/01/02 v5.9 Page Geometry

(/usr/share/texlive/texmf-dist/tex/generic/iftex/ifvtex.sty
Package: ifvtex 2019/10/25 v1.7 ifvtex legacy package. Use iftex instead.
)
\Gm@cnth=\count279
\Gm@cntv=\count280
\c@Gm@tempcnt=\count281
\Gm@bindingoffset=\dimen156
\Gm@wd@mp=\dimen157
\Gm@odd@mp=\dimen158
\Gm@even@mp=\dimen159
\Gm@layoutwidth=\dimen160
\Gm@layoutheight=\dimen161
\Gm@layouthoffset=\dimen162
\Gm@layoutvoffset=\dimen163
\Gm@dimlist=\toks18
)
(/usr/share/texlive/texmf-dist/tex/latex/pgf/math/pgfmath.sty
(/usr/share/texlive/texmf-dist/tex/latex/pgf/utilities/pgfrcs.sty
(/usr/share/texlive/texmf-dist/tex/generic/pgf/utilities/pgfutil-common.tex
\pgfutil@everybye=\toks19
\pgfutil@tempdima=\dimen164
\pgfutil@tempdimb=\dimen165
)
(/usr/share/texlive/texmf-dist/tex/generic/pgf/utilities/pgfutil-latex.def
\pgfutil@abb=\box60
)
(/usr/share/texlive/texmf-dist/tex/generic/pgf/utilities/pgfrcs.code.tex
(/usr/share/texlive/texmf-dist/tex/generic/pgf/pgf.revision.tex)
Package: pgfrcs 2023-01-15 v3.1.10 (3.1.10)
))
(/usr/share/texlive/texmf-dist/tex/latex/pgf/utilities/pgfkeys.sty
(/usr/share/texlive/texmf-dist/tex/generic/pgf/utilities/pgfkeys.code.tex
\pgfkeys@pathtoks=\toks20
\pgfkeys@temptoks=\toks21

(/usr/share/texlive/texmf-dist/tex/generic/pgf/utilities/pgfkeyslibraryfiltered
.code.tex
\pgfkeys@tmptoks=\toks22
)))
(/usr/share/texlive/texmf-dist/tex/generic/pgf/math/pgfmath.code.tex
(/usr/share/texlive/texmf-dist/tex/generic/pgf/math/pgfmathutil.code.tex
\pgf@x=\dimen166
\pgf@xa=\dimen167
\pgf@xb=\dimen168
\pgf@xc=\dimen169
\pgf@y=\dimen170
\pgf@ya=\dimen171
\pgf@yb=\dimen172
\pgf@yc=\dimen173
\c@pgf@counta=\count282
\c@pgf@countb=\count283
\c@pgf@countc=\count284
\c@pgf@countd=\count285
)
(/usr/share/texlive/texmf-dist/tex/generic/pgf/math/pgfmathparser.code.tex
\pgfmath@dimen=\dimen174
\pgfmath@count=\count286
\pgfmath@box=\box61
\pgfmath@toks=\toks23
\pgfmath@stack@operand=\toks24
\pgfmath@stack@operation=\toks25
)
(/usr/share/texlive/texmf-dist/tex/generic/pgf/math/pgfmathfunctions.code.tex)
(/usr/share/texlive/texmf-dist/tex/generic/pgf/math/pgfmathfunctions.basic.code
.tex)
(/usr/share/texlive/texmf-dist/tex/generic/pgf/math/pgfmathfunctions.trigonomet
ric.code.tex)
(/usr/share/texlive/texmf-dist/tex/generic/pgf/math/pgfmathfunctions.random.cod
e.tex)
(/usr/share/texlive/texmf-dist/tex/generic/pgf/math/pgfmathfunctions.comparison
.code.tex)
(/usr/share/texlive/texmf-dist/tex/generic/pgf/math/pgfmathfunctions.base.code.
tex)
(/usr/share/texlive/texmf-dist/tex/generic/pgf/math/pgfmathfunctions.round.code
.tex)
(/usr/share/texlive/texmf-dist/tex/generic/pgf/math/pgfmathfunctions.misc.code.
tex)
(/usr/share/texlive/texmf-dist/tex/generic/pgf/math/pgfmathfunctions.integerari
thmetics.code.tex)
(/usr/share/texlive/texmf-dist/tex/generic/pgf/math/pgfmathcalc.code.tex)
(/usr/share/texlive/texmf-dist/tex/generic/pgf/math/pgfmathfloat.code.tex
\c@pgfmathroundto@lastzeros=\count287
)))
(/usr/share/texlive/texmf-dist/tex/latex/base/size11.clo
File: size11.clo 2023/05/17 v1.4n Standard LaTeX file (size option)
)
(/usr/share/texlive/texmf-dist/tex/latex/pgf/basiclayer/pgfcore.sty
(/usr/share/texlive/texmf-dist/tex/latex/graphics/graphicx.sty
Package: graphicx 2021/09/16 v1.2d Enhanced LaTeX Graphics (DPC,SPQR)

(/usr/share/texlive/texmf-dist/tex/latex/graphics/graphics.sty
Package: graphics 2022/03/10 v1.4e Standard LaTeX Graphics (DPC,SPQR)

(/usr/share/texlive/texmf-dist/tex/latex/graphics/trig.sty
Package: trig 2021/08/11 v1.11 sin cos tan (DPC)
)
(/usr/share/texlive/texmf-dist/tex/latex/graphics-cfg/graphics.cfg
File: graphics.cfg 2016/06/04 v1.11 sample graphics configuration
)
Package graphics Info: Driver file: pdftex.def on input line 107.

(/usr/share/texlive/texmf-dist/tex/latex/graphics-def/pdftex.def
File: pdftex.def 2022/09/22 v1.2b Graphics/color driver for pdftex
))
\Gin@req@height=\dimen175
\Gin@req@width=\dimen176
)
(/usr/share/texlive/texmf-dist/tex/latex/pgf/systemlayer/pgfsys.sty
(/usr/share/texlive/texmf-dist/tex/generic/pgf/systemlayer/pgfsys.code.tex
Package: pgfsys 2023-01-15 v3.1.10 (3.1.10)
\pgf@x=\dimen177
\pgf@y=\dimen178
\pgf@xa=\dimen179
\pgf@ya=\dimen180
\pgf@xb=\dimen181
\pgf@yb=\dimen182
\pgf@xc=\dimen183
\pgf@yc=\dimen184
\pgf@xd=\dimen185
\pgf@yd=\dimen186
\w@pgf@writea=\write3
\r@pgf@reada=\read2
\c@pgf@counta=\count288
\c@pgf@countb=\count289
\c@pgf@countc=\count290
\c@pgf@countd=\count291
\t@pgf@toka=\toks26
\t@pgf@tokb=\toks27
\t@pgf@tokc=\toks28
\pgf@sys@id@count=\count292

(/usr/share/texlive/texmf-dist/tex/generic/pgf/systemlayer/pgf.cfg
File: pgf.cfg 2023-01-15 v3.1.10 (3.1.10)
)
Driver file for pgf: pgfsys-pdftex.def

(/usr/share/texlive/texmf-dist/tex/generic/pgf/systemlayer/pgfsys-pdftex.def
File: pgfsys-pdftex.def 2023-01-15 v3.1.10 (3.1.10)

(/usr/share/texlive/texmf-dist/tex/generic/pgf/systemlayer/pgfsys-common-pdf.de
f
File: pgfsys-common-pdf.def 2023-01-15 v3.1.10 (3.1.10)
)))
(/usr/share/texlive/texmf-dist/tex/generic/pgf/systemlayer/pgfsyssoftpath.code.
tex
File: pgfsyssoftpath.code.tex 2023-01-15 v3.1.10 (3.1.10)
\pgfsyssoftpath@smallbuffer@items=\count293
\pgfsyssoftpath@bigbuffer@items=\count294
)
(/usr/share/texlive/texmf-dist/tex/generic/pgf/systemlayer/pgfsysprotocol.code.
tex
File: pgfsysprotocol.code.tex 2023-01-15 v3.1.10 (3.1.10)
)) (/usr/share/texlive/texmf-dist/tex/latex/xcolor/xcolor.sty
Package: xcolor 2023/11/15 v3.01 LaTeX color extensions (UK)

(/usr/share/texlive/texmf-dist/tex/latex/graphics-cfg/color.cfg
File: color.cfg 2016/01/02 v1.6 sample color configuration
)
Package xcolor Info: Driver file: pdftex.def on input line 274.

(/usr/share/texlive/texmf-dist/tex/latex/graphics/mathcolor.ltx)
Package xcolor Info: Model `cmy' substituted by `cmy0' on input line 1350.
Package xcolor Info: Model `hsb' substituted by `rgb' on input line 1354.
Package xcolor Info: Model `RGB' extended on input line 1366.
Package xcolor Info: Model `HTML' substituted by `rgb' on input line 1368.
Package xcolor Info: Model `Hsb' substituted by `hsb' on input line 1369.
Package xcolor Info: Model `tHsb' substituted by `hsb' on input line 1370.
Package xcolor Info: Model `HSB' substituted by `hsb' on input line 1371.
Package xcolor Info: Model `Gray' substituted by `gray' on input line 1372.
Package xcolor Info: Model `wave' substituted by `hsb' on input line 1373.
)
(/usr/share/texlive/texmf-dist/tex/generic/pgf/basiclayer/pgfcore.code.tex
Package: pgfcore 2023-01-15 v3.1.10 (3.1.10)

(/usr/share/texlive/texmf-dist/tex/generic/pgf/math/pgfint.code.tex)
(/usr/share/texlive/texmf-dist/tex/generic/pgf/basiclayer/pgfcorepoints.code.te
x
File: pgfcorepoints.code.tex 2023-01-15 v3.1.10 (3.1.10)
\pgf@picminx=\dimen187
\pgf@picmaxx=\dimen188
\pgf@picminy=\dimen189
\pgf@picmaxy=\dimen190
\pgf@pathminx=\dimen191
\pgf@pathmaxx=\dimen192
\pgf@pathminy=\dimen193
\pgf@pathmaxy=\dimen194
\pgf@xx=\dimen195
\pgf@xy=\dimen196
\pgf@yx=\dimen197
\pgf@yy=\dimen198
\pgf@zx=\dimen199
\pgf@zy=\dimen256
)
(/usr/share/texlive/texmf-dist/tex/generic/pgf/basiclayer/pgfcorepathconstruct.
code.tex
File: pgfcorepathconstruct.code.tex 2023-01-15 v3.1.10 (3.1.10)
\pgf@path@lastx=\dimen257
\pgf@path@lasty=\dimen258
)
(/usr/share/texlive/texmf-dist/tex/generic/pgf/basiclayer/pgfcorepathusage.code
.tex
File: pgfcorepathusage.code.tex 2023-01-15 v3.1.10 (3.1.10)
\pgf@shorten@end@additional=\dimen259
\pgf@shorten@start@additional=\dimen260
)
(/usr/share/texlive/texmf-dist/tex/generic/pgf/basiclayer/pgfcorescopes.code.te
x
File: pgfcorescopes.code.tex 2023-01-15 v3.1.10 (3.1.10)
\pgfpic=\box62
\pgf@hbox=\box63
\pgf@layerbox@main=\box64
\pgf@picture@serial@count=\count295
)
(/usr/share/texlive/texmf-dist/tex/generic/pgf/basiclayer/pgfcoregraphicstate.c
ode.tex
File: pgfcoregraphicstate.code.tex 2023-01-15 v3.1.10 (3.1.10)
\pgflinewidth=\dimen261
)
(/usr/share/texlive/texmf-dist/tex/generic/pgf/basiclayer/pgfcoretransformation
s.code.tex
File: pgfcoretransformations.code.tex 2023-01-15 v3.1.10 (3.1.10)
\pgf@pt@x=\dimen262
\pgf@pt@y=\dimen263
\pgf@pt@temp=\dimen264
)
(/usr/share/texlive/texmf-dist/tex/generic/pgf/basiclayer/pgfcorequick.code.tex
File: pgfcorequick.code.tex 2023-01-15 v3.1.10 (3.1.10)
)
(/usr/share/texlive/texmf-dist/tex/generic/pgf/basiclayer/pgfcoreobjects.code.t
ex
File: pgfcoreobjects.code.tex 2023-01-15 v3.1.10 (3.1.10)
)
(/usr/share/texlive/texmf-dist/tex/generic/pgf/basiclayer/pgfcorepathprocessing
.code.tex
File: pgfcorepathprocessing.code.tex 2023-01-15 v3.1.10 (3.1.10)
)
(/usr/share/texlive/texmf-dist/tex/generic/pgf/basiclayer/pgfcorearrows.code.te
x
File: pgfcorearrows.code.tex 2023-01-15 v3.1.10 (3.1.10)
\pgfarrowsep=\dimen265
)
(/usr/share/texlive/texmf-dist/tex/generic/pgf/basiclayer/pgfcoreshade.code.tex
File: pgfcoreshade.code.tex 2023-01-15 v3.1.10 (3.1.10)
\pgf@max=\dimen266
\pgf@sys@shading@range@num=\count296
\pgf@shadingcount=\count297
)
(/usr/share/texlive/texmf-dist/tex/generic/pgf/basiclayer/pgfcoreimage.code.tex
File: pgfcoreimage.code.tex 2023-01-15 v3.1.10 (3.1.10)
)
(/usr/share/texlive/texmf-dist/tex/generic/pgf/basiclayer/pgfcoreexternal.code.
tex
File: pgfcoreexternal.code.tex 2023-01-15 v3.1.10 (3.1.10)
\pgfexternal@startupbox=\box65
)
(/usr/share/texlive/texmf-dist/tex/generic/pgf/basiclayer/pgfcorelayers.code.te
x
File: pgfcorelayers.code.tex 2023-01-15 v3.1.10 (3.1.10)
)
(/usr/share/texlive/texmf-dist/tex/generic/pgf/basiclayer/pgfcoretransparency.c
ode.tex
File: pgfcoretransparency.code.tex 2023-01-15 v3.1.10 (3.1.10)
)
(/usr/share/texlive/texmf-dist/tex/generic/pgf/basiclayer/pgfcorepatterns.code.
tex
File: pgfcorepatterns.code.tex 2023-01-15 v3.1.10 (3.1.10)
)
(/usr/share/texlive/texmf-dist/tex/generic/pgf/basiclayer/pgfcorerdf.code.tex
File: pgfcorerdf.code.tex 2023-01-15 v3.1.10 (3.1.10)
))) (/usr/share/texlive/texmf-dist/tex/latex/pgf/utilities/xxcolor.sty
Package: xxcolor 2003/10/24 ver 0.1
\XC@nummixins=\count298
\XC@countmixins=\count299
)
(/usr/share/texlive/texmf-dist/tex/latex/base/atbegshi-ltx.sty
Package: atbegshi-ltx 2021/01/10 v1.0c Emulation of the original atbegshi
package with kernel methods
)
(/usr/share/texlive/texmf-dist/tex/latex/hyperref/hyperref.sty
Package: hyperref 2024-01-20 v7.01h Hypertext links for LaTeX

(/usr/share/texlive/texmf-dist/tex/latex/kvsetkeys/kvsetkeys.sty
Package: kvsetkeys 2022-10-05 v1.19 Key value parser (HO)
)
(/usr/share/texlive/texmf-dist/tex/generic/kvdefinekeys/kvdefinekeys.sty
Package: kvdefinekeys 2019-12-19 v1.6 Define keys (HO)
)
(/usr/share/texlive/texmf-dist/tex/generic/pdfescape/pdfescape.sty
Package: pdfescape 2019/12/09 v1.15 Implements pdfTeX's escape features (HO)

(/usr/share/texlive/texmf-dist/tex/generic/ltxcmds/ltxcmds.sty
Package: ltxcmds 2023-12-04 v1.26 LaTeX kernel commands for general use (HO)
)
(/usr/share/texlive/texmf-dist/tex/generic/pdftexcmds/pdftexcmds.sty
Package: pdftexcmds 2020-06-27 v0.33 Utility functions of pdfTeX for LuaTeX (HO
)

(/usr/share/texlive/texmf-dist/tex/generic/infwarerr/infwarerr.sty
Package: infwarerr 2019/12/03 v1.5 Providing info/warning/error messages (HO)
)
Package pdftexcmds Info: \pdf@primitive is available.
Package pdftexcmds Info: \pdf@ifprimitive is available.
Package pdftexcmds Info: \pdfdraftmode found.
))
(/usr/share/texlive/texmf-dist/tex/latex/hycolor/hycolor.sty
Package: hycolor 2020-01-27 v1.10 Color options for hyperref/bookmark (HO)
)
(/usr/share/texlive/texmf-dist/tex/latex/auxhook/auxhook.sty
Package: auxhook 2019-12-17 v1.6 Hooks for auxiliary files (HO)
)
(/usr/share/texlive/texmf-dist/tex/latex/hyperref/nameref.sty
Package: nameref 2023-11-26 v2.56 Cross-referencing by name of section

(/usr/share/texlive/texmf-dist/tex/latex/refcount/refcount.sty
Package: refcount 2019/12/15 v3.6 Data extraction from label references (HO)
)
(/usr/share/texlive/texmf-dist/tex/generic/gettitlestring/gettitlestring.sty
Package: gettitlestring 2019/12/15 v1.6 Cleanup title references (HO)

(/usr/share/texlive/texmf-dist/tex/latex/kvoptions/kvoptions.sty
Package: kvoptions 2022-06-15 v3.15 Key value format for package options (HO)
))
\c@section@level=\count300
)
\@linkdim=\dimen267
\Hy@linkcounter=\count301
\Hy@pagecounter=\count302

(/usr/share/texlive/texmf-dist/tex/latex/hyperref/pd1enc.def
File: pd1enc.def 2024-01-20 v7.01h Hyperref: PDFDocEncoding definition (HO)
Now handling font encoding PD1 ...
... no UTF-8 mapping file for font encoding PD1
)
(/usr/share/texlive/texmf-dist/tex/generic/intcalc/intcalc.sty
Package: intcalc 2019/12/15 v1.3 Expandable calculations with integers (HO)
)
\Hy@SavedSpaceFactor=\count303

(/usr/share/texlive/texmf-dist/tex/latex/hyperref/puenc.def
File: puenc.def 2024-01-20 v7.01h Hyperref: PDF Unicode definition (HO)
Now handling font encoding PU ...
... no UTF-8 mapping file for font encoding PU
)
Package hyperref Info: Option `bookmarks' set `true' on input line 4062.
Package hyperref Info: Option `bookmarksopen' set `true' on input line 4062.
Package hyperref Info: Option `implicit' set `false' on input line 4062.
Package hyperref Info: Hyper figures OFF on input line 4179.
Package hyperref Info: Link nesting OFF on input line 4184.
Package hyperref Info: Hyper index ON on input line 4187.
Package hyperref Info: Plain pages OFF on input line 4194.
Package hyperref Info: Backreferencing OFF on input line 4199.
Package hyperref Info: Implicit mode OFF; no redefinition of LaTeX internals.
Package hyperref Info: Bookmarks ON on input line 4446.
\c@Hy@tempcnt=\count304

(/usr/share/texlive/texmf-dist/tex/latex/url/url.sty
\Urlmuskip=\muskip16
Package: url 2013/09/16  ver 3.4  Verb mode for urls, etc.
)
LaTeX Info: Redefining \url on input line 4784.
\XeTeXLinkMargin=\dimen268

(/usr/share/texlive/texmf-dist/tex/generic/bitset/bitset.sty
Package: bitset 2019/12/09 v1.3 Handle bit-vector datatype (HO)

(/usr/share/texlive/texmf-dist/tex/generic/bigintcalc/bigintcalc.sty
Package: bigintcalc 2019/12/15 v1.5 Expandable calculations on big integers (HO
)
))
\Fld@menulength=\count305
\Field@Width=\dimen269
\Fld@charsize=\dimen270
Package hyperref Info: Hyper figures OFF on input line 6063.
Package hyperref Info: Link nesting OFF on input line 6068.
Package hyperref Info: Hyper index ON on input line 6071.
Package hyperref Info: backreferencing OFF on input line 6078.
Package hyperref Info: Link coloring OFF on input line 6083.
Package hyperref Info: Link coloring with OCG OFF on input line 6088.
Package hyperref Info: PDF/A mode OFF on input line 6093.
\Hy@abspage=\count306


Package hyperref Message: Stopped early.

)
Package hyperref Info: Driver (autodetected): hpdftex.
 (/usr/share/texlive/texmf-dist/tex/latex/hyperref/hpdftex.def
File: hpdftex.def 2024-01-20 v7.01h Hyperref driver for pdfTeX

(/usr/share/texlive/texmf-dist/tex/latex/base/atveryend-ltx.sty
Package: atveryend-ltx 2020/08/19 v1.0a Emulation of the original atveryend pac
kage
with kernel methods
)
\Fld@listcount=\count307
\c@bookmark@seq@number=\count308

(/usr/share/texlive/texmf-dist/tex/latex/rerunfilecheck/rerunfilecheck.sty
Package: rerunfilecheck 2022-07-10 v1.10 Rerun checks for auxiliary files (HO)

(/usr/share/texlive/texmf-dist/tex/generic/uniquecounter/uniquecounter.sty
Package: uniquecounter 2019/12/15 v1.4 Provide unlimited unique counter (HO)
)
Package uniquecounter Info: New unique counter `rerunfilecheck' on input line 2
85.
))
(/usr/share/texlive/texmf-dist/tex/latex/beamer/beamerbaserequires.sty
(/usr/share/texlive/texmf-dist/tex/latex/beamer/beamerbasecompatibility.sty)
(/usr/share/texlive/texmf-dist/tex/latex/beamer/beamerbasefont.sty
(/usr/share/texlive/texmf-dist/tex/latex/amsfonts/amssymb.sty
Package: amssymb 2013/01/14 v3.01 AMS font symbols

(/usr/share/texlive/texmf-dist/tex/latex/amsfonts/amsfonts.sty
Package: amsfonts 2013/01/14 v3.01 Basic AMSFonts support
\@emptytoks=\toks29
\symAMSa=\mathgroup4
\symAMSb=\mathgroup5
LaTeX Font Info:    Redeclaring math symbol \hbar on input line 98.
LaTeX Font Info:    Overwriting math alphabet `\mathfrak' in version `bold'
(Font)                  U/euf/m/n --> U/euf/b/n on input line 106.
))
(/usr/share/texlive/texmf-dist/tex/latex/sansmathaccent/sansmathaccent.sty
Package: sansmathaccent 2020/01/31

(/usr/share/texlive/texmf-dist/tex/latex/koma-script/scrlfile.sty
Package: scrlfile 2023/07/07 v3.41 KOMA-Script package (file load hooks)

(/usr/share/texlive/texmf-dist/tex/latex/koma-script/scrlfile-hook.sty
Package: scrlfile-hook 2023/07/07 v3.41 KOMA-Script package (using LaTeX hooks)


(/usr/share/texlive/texmf-dist/tex/latex/koma-script/scrlogo.sty
Package: scrlogo 2023/07/07 v3.41 KOMA-Script package (logo)
)))))
(/usr/share/texlive/texmf-dist/tex/latex/beamer/beamerbasetranslator.sty
(/usr/share/texlive/texmf-dist/tex/latex/translator/translator.sty
Package: translator 2021-05-31 v1.12d Easy translation of strings in LaTeX
))
(/usr/share/texlive/texmf-dist/tex/latex/beamer/beamerbasemisc.sty)
(/usr/share/texlive/texmf-dist/tex/latex/beamer/beamerbasetwoscreens.sty)
(/usr/share/texlive/texmf-dist/tex/latex/beamer/beamerbaseoverlay.sty
\beamer@argscount=\count309
\beamer@lastskipcover=\skip51
\beamer@trivlistdepth=\count310
)
(/usr/share/texlive/texmf-dist/tex/latex/beamer/beamerbasetitle.sty)
(/usr/share/texlive/texmf-dist/tex/latex/beamer/beamerbasesection.sty
\c@lecture=\count311
\c@part=\count312
\c@section=\count313
\c@subsection=\count314
\c@subsubsection=\count315
)
(/usr/share/texlive/texmf-dist/tex/latex/beamer/beamerbaseframe.sty
\beamer@framebox=\box66
\beamer@frametitlebox=\box67
\beamer@zoombox=\box68
\beamer@zoomcount=\count316
\beamer@zoomframecount=\count317
\beamer@frametextheight=\dimen271
\c@subsectionslide=\count318
\beamer@frametopskip=\skip52
\beamer@framebottomskip=\skip53
\beamer@frametopskipautobreak=\skip54
\beamer@framebottomskipautobreak=\skip55
\beamer@envbody=\toks30
\framewidth=\dimen272
\c@framenumber=\count319
)
(/usr/share/texlive/texmf-dist/tex/latex/beamer/beamerbaseverbatim.sty
\beamer@verbatimfileout=\write4
)
(/usr/share/texlive/texmf-dist/tex/latex/beamer/beamerbaseframesize.sty
\beamer@splitbox=\box69
\beamer@autobreakcount=\count320
\beamer@autobreaklastheight=\dimen273
\beamer@frametitletoks=\toks31
\beamer@framesubtitletoks=\toks32
)
(/usr/share/texlive/texmf-dist/tex/latex/beamer/beamerbaseframecomponents.sty
\beamer@footins=\box70
)
(/usr/share/texlive/texmf-dist/tex/latex/beamer/beamerbasecolor.sty)
(/usr/share/texlive/texmf-dist/tex/latex/beamer/beamerbasenotes.sty
\beamer@frameboxcopy=\box71
)
(/usr/share/texlive/texmf-dist/tex/latex/beamer/beamerbasetoc.sty)
(/usr/share/texlive/texmf-dist/tex/latex/beamer/beamerbasetemplates.sty
\beamer@sbttoks=\toks33

(/usr/share/texlive/texmf-dist/tex/latex/beamer/beamerbaseauxtemplates.sty
(/usr/share/texlive/texmf-dist/tex/latex/beamer/beamerbaseboxes.sty
\bmb@box=\box72
\bmb@colorbox=\box73
\bmb@boxwidth=\dimen274
\bmb@boxheight=\dimen275
\bmb@prevheight=\dimen276
\bmb@temp=\dimen277
\bmb@dima=\dimen278
\bmb@dimb=\dimen279
\bmb@prevheight=\dimen280
)
\beamer@blockheadheight=\dimen281
))
(/usr/share/texlive/texmf-dist/tex/latex/beamer/beamerbaselocalstructure.sty
(/usr/share/texlive/texmf-dist/tex/latex/tools/enumerate.sty
Package: enumerate 2023/07/04 v3.00 enumerate extensions (DPC)
\@enLab=\toks34
)
\beamer@bibiconwidth=\skip56
\c@figure=\count321
\c@table=\count322
\abovecaptionskip=\skip57
\belowcaptionskip=\skip58
)
(/usr/share/texlive/texmf-dist/tex/latex/beamer/beamerbasenavigation.sty
(/usr/share/texlive/texmf-dist/tex/latex/beamer/beamerbasenavigationsymbols.tex
)
\beamer@section@min@dim=\dimen282
) (/usr/share/texlive/texmf-dist/tex/latex/beamer/beamerbasetheorems.sty
(/usr/share/texlive/texmf-dist/tex/latex/amsmath/amsmath.sty
Package: amsmath 2023/05/13 v2.17o AMS math features
\@mathmargin=\skip59

For additional information on amsmath, use the `?' option.
(/usr/share/texlive/texmf-dist/tex/latex/amsmath/amstext.sty
Package: amstext 2021/08/26 v2.01 AMS text

(/usr/share/texlive/texmf-dist/tex/latex/amsmath/amsgen.sty
File: amsgen.sty 1999/11/30 v2.0 generic functions
\@emptytoks=\toks35
\ex@=\dimen283
))
(/usr/share/texlive/texmf-dist/tex/latex/amsmath/amsbsy.sty
Package: amsbsy 1999/11/29 v1.2d Bold Symbols
\pmbraise@=\dimen284
)
(/usr/share/texlive/texmf-dist/tex/latex/amsmath/amsopn.sty
Package: amsopn 2022/04/08 v2.04 operator names
)
\inf@bad=\count323
LaTeX Info: Redefining \frac on input line 234.
\uproot@=\count324
\leftroot@=\count325
LaTeX Info: Redefining \overline on input line 399.
LaTeX Info: Redefining \colon on input line 410.
\classnum@=\count326
\DOTSCASE@=\count327
LaTeX Info: Redefining \ldots on input line 496.
LaTeX Info: Redefining \dots on input line 499.
LaTeX Info: Redefining \cdots on input line 620.
\Mathstrutbox@=\box74
\strutbox@=\box75
LaTeX Info: Redefining \big on input line 722.
LaTeX Info: Redefining \Big on input line 723.
LaTeX Info: Redefining \bigg on input line 724.
LaTeX Info: Redefining \Bigg on input line 725.
\big@size=\dimen285
LaTeX Font Info:    Redeclaring font encoding OML on input line 743.
LaTeX Font Info:    Redeclaring font encoding OMS on input line 744.
\macc@depth=\count328
LaTeX Info: Redefining \bmod on input line 905.
LaTeX Info: Redefining \pmod on input line 910.
LaTeX Info: Redefining \smash on input line 940.
LaTeX Info: Redefining \relbar on input line 970.
LaTeX Info: Redefining \Relbar on input line 971.
\c@MaxMatrixCols=\count329
\dotsspace@=\muskip17
\c@parentequation=\count330
\dspbrk@lvl=\count331
\tag@help=\toks36
\row@=\count332
\column@=\count333
\maxfields@=\count334
\andhelp@=\toks37
\eqnshift@=\dimen286
\alignsep@=\dimen287
\tagshift@=\dimen288
\tagwidth@=\dimen289
\totwidth@=\dimen290
\lineht@=\dimen291
\@envbody=\toks38
\multlinegap=\skip60
\multlinetaggap=\skip61
\mathdisplay@stack=\toks39
LaTeX Info: Redefining \[ on input line 2953.
LaTeX Info: Redefining \] on input line 2954.
)
(/usr/share/texlive/texmf-dist/tex/latex/amscls/amsthm.sty
Package: amsthm 2020/05/29 v2.20.6
\thm@style=\toks40
\thm@bodyfont=\toks41
\thm@headfont=\toks42
\thm@notefont=\toks43
\thm@headpunct=\toks44
\thm@preskip=\skip62
\thm@postskip=\skip63
\thm@headsep=\skip64
\dth@everypar=\toks45
)
\c@theorem=\count335
)
(/usr/share/texlive/texmf-dist/tex/latex/beamer/beamerbasethemes.sty))
(/usr/share/texlive/texmf-dist/tex/latex/beamer/beamerthemedefault.sty
(/usr/share/texlive/texmf-dist/tex/latex/beamer/beamerfontthemedefault.sty)
(/usr/share/texlive/texmf-dist/tex/latex/beamer/beamercolorthemedefault.sty)
(/usr/share/texlive/texmf-dist/tex/latex/beamer/beamerinnerthemedefault.sty
\beamer@dima=\dimen292
\beamer@dimb=\dimen293
)
(/usr/share/texlive/texmf-dist/tex/latex/beamer/beamerouterthemedefault.sty)))
(/usr/share/texlive/texmf-dist/tex/latex/beamer/beamerthemeMadrid.sty
(/usr/share/texlive/texmf-dist/tex/latex/beamer/beamercolorthemewhale.sty)
(/usr/share/texlive/texmf-dist/tex/latex/beamer/beamercolorthemeorchid.sty)
(/usr/share/texlive/texmf-dist/tex/latex/beamer/beamerinnerthemerounded.sty)
(/usr/share/texlive/texmf-dist/tex/latex/beamer/beamerouterthemeinfolines.sty))
(/usr/share/texlive/texmf-dist/tex/latex/l3backend/l3backend-pdftex.def
File: l3backend-pdftex.def 2024-01-04 L3 backend support: PDF output (pdfTeX)
\l__color_backend_stack_int=\count336
\l__pdf_internal_box=\box76
)
(./acceptance_slides.aux)
\openout1 = `acceptance_slides.aux'.

LaTeX Font Info:    Checking defaults for OML/cmm/m/it on input line 17.
LaTeX Font Info:    ... okay on input line 17.
LaTeX Font Info:    Checking defaults for OMS/cmsy/m/n on input line 17.
LaTeX Font Info:    ... okay on input line 17.
LaTeX Font Info:    Checking defaults for OT1/cmr/m/n on input line 17.
LaTeX Font Info:    ... okay on input line 17.
LaTeX Font Info:    Checking defaults for T1/cmr/m/n on input line 17.
LaTeX Font Info:    ... okay on input line 17.
LaTeX Font Info:    Checking defaults for TS1/cmr/m/n on input line 17.
LaTeX Font Info:    ... okay on input line 17.
LaTeX Font Info:    Checking defaults for OMX/cmex/m/n on input line 17.
LaTeX Font Info:    ... okay on input line 17.
LaTeX Font Info:    Checking defaults for U/cmr/m/n on input line 17.
LaTeX Font Info:    ... okay on input line 17.
LaTeX Font Info:    Checking defaults for PD1/pdf/m/n on input line 17.
LaTeX Font Info:    ... okay on input line 17.
LaTeX Font Info:    Checking defaults for PU/pdf/m/n on input line 17.
LaTeX Font Info:    ... okay on input line 17.

*geometry* driver: auto-detecting
*geometry* detected driver: pdftex
*geometry* verbose mode - [ preamble ] result:
* driver: pdftex
* paper: custom
* layout: <same size as paper>
* layoutoffset:(h,v)=(0.0pt,0.0pt)
* modes: includehead includefoot 
* h-part:(L,W,R)=(10.95003pt, 433.34402pt, 10.95003pt)
* v-part:(T,H,B)=(0.0pt, 256.0748pt, 0.0pt)
* \paperwidth=455.24408pt
* \paperheight=256.0748pt
* \textwidth=433.34402pt
* \textheight=227.62207pt
* \oddsidemargin=-61.31996pt
* \evensidemargin=-61.31996pt
* \topmargin=-72.26999pt
* \headheight=14.22636pt
* \headsep=0.0pt
* \topskip=11.0pt
* \footskip=14.22636pt
* \marginparwidth=4.0pt
* \marginparsep=10.0pt
* \columnsep=10.0pt
* \skip\footins=10.0pt plus 4.0pt minus 2.0pt
* \hoffset=0.0pt
* \voffset=0.0pt
* \mag=1000
* \@twocolumnfalse
* \@twosidefalse
* \@mparswitchfalse
* \@reversemarginfalse
* (1in=72.27pt=25.4mm, 1cm=28.453pt)

(/usr/share/texlive/texmf-dist/tex/context/base/mkii/supp-pdf.mkii
[Loading MPS to PDF converter (version 2006.09.02).]
\scratchcounter=\count337
\scratchdimen=\dimen294
\scratchbox=\box77
\nofMPsegments=\count338
\nofMParguments=\count339
\everyMPshowfont=\toks46
\MPscratchCnt=\count340
\MPscratchDim=\dimen295
\MPnumerator=\count341
\makeMPintoPDFobject=\count342
\everyMPtoPDFconversion=\toks47
) (/usr/share/texlive/texmf-dist/tex/latex/epstopdf-pkg/epstopdf-base.sty
Package: epstopdf-base 2020-01-24 v2.11 Base part for package epstopdf
Package epstopdf-base Info: Redefining graphics rule for `.eps' on input line 4
85.

(/usr/share/texlive/texmf-dist/tex/latex/latexconfig/epstopdf-sys.cfg
File: epstopdf-sys.cfg 2010/07/13 v1.3 Configuration of (r)epstopdf for TeX Liv
e
))
Package hyperref Info: Link coloring OFF on input line 17.

(./acceptance_slides.out) (./acceptance_slides.out)
\@outlinefile=\write5
\openout5 = `acceptance_slides.out'.

LaTeX Font Info:    Overwriting symbol font `operators' in version `normal'
(Font)                  OT1/cmr/m/n --> OT1/cmss/m/n on input line 17.
LaTeX Font Info:    Overwriting symbol font `operators' in version `bold'
(Font)                  OT1/cmr/bx/n --> OT1/cmss/b/n on input line 17.
\symnumbers=\mathgroup6
\sympureletters=\mathgroup7
LaTeX Font Info:    Overwriting math alphabet `\mathrm' in version `normal'
(Font)                  OT1/cmss/m/n --> OT1/cmr/m/n on input line 17.
LaTeX Font Info:    Redeclaring math alphabet \mathbf on input line 17.
LaTeX Font Info:    Overwriting math alphabet `\mathbf' in version `normal'
(Font)                  OT1/cmr/bx/n --> OT1/cmss/b/n on input line 17.
LaTeX Font Info:    Overwriting math alphabet `\mathbf' in version `bold'
(Font)                  OT1/cmr/bx/n --> OT1/cmss/b/n on input line 17.
LaTeX Font Info:    Redeclaring math alphabet \mathsf on input line 17.
LaTeX Font Info:    Overwriting math alphabet `\mathsf' in version `normal'
(Font)                  OT1/cmss/m/n --> OT1/cmss/m/n on input line 17.
LaTeX Font Info:    Overwriting math alphabet `\mathsf' in version `bold'
(Font)                  OT1/cmss/bx/n --> OT1/cmss/m/n on input line 17.
LaTeX Font Info:    Redeclaring math alphabet \mathit on input line 17.
LaTeX Font Info:    Overwriting math alphabet `\mathit' in version `normal'
(Font)                  OT1/cmr/m/it --> OT1/cmss/m/it on input line 17.
LaTeX Font Info:    Overwriting math alphabet `\mathit' in version `bold'
(Font)                  OT1/cmr/bx/it --> OT1/cmss/m/it on input line 17.
LaTeX Font Info:    Redeclaring math alphabet \mathtt on input line 17.
LaTeX Font Info:    Overwriting math alphabet `\mathtt' in version `normal'
(Font)                  OT1/cmtt/m/n --> OT1/cmtt/m/n on input line 17.
LaTeX Font Info:    Overwriting math alphabet `\mathtt' in version `bold'
(Font)                  OT1/cmtt/m/n --> OT1/cmtt/m/n on input line 17.
LaTeX Font Info:    Overwriting symbol font `numbers' in version `bold'
(Font)                  OT1/cmss/m/n --> OT1/cmss/b/n on input line 17.
LaTeX Font Info:    Overwriting symbol font `pureletters' in version `bold'
(Font)                  OT1/cmss/m/it --> OT1/cmss/b/it on input line 17.
LaTeX Font Info:    Overwriting math alphabet `\mathrm' in version `bold'
(Font)                  OT1/cmss/b/n --> OT1/cmr/b/n on input line 17.
LaTeX Font Info:    Overwriting math alphabet `\mathbf' in version `bold'
(Font)                  OT1/cmss/b/n --> OT1/cmss/b/n on input line 17.
LaTeX Font Info:    Overwriting math alphabet `\mathsf' in version `bold'
(Font)                  OT1/cmss/m/n --> OT1/cmss/b/n on input line 17.
LaTeX Font Info:    Overwriting math alphabet `\mathit' in version `bold'
(Font)                  OT1/cmss/m/it --> OT1/cmss/b/it on input line 17.
LaTeX Font Info:    Overwriting math alphabet `\mathtt' in version `bold'
(Font)                  OT1/cmtt/m/n --> OT1/cmtt/b/n on input line 17.
LaTeX Font Info:    Redeclaring symbol font `pureletters' on input line 17.
LaTeX Font Info:    Overwriting symbol font `pureletters' in version `normal'
(Font)                  OT1/cmss/m/it --> OT1/mathkerncmss/m/sl on input line 1
7.
LaTeX Font Info:    Overwriting symbol font `pureletters' in version `bold'
(Font)                  OT1/cmss/b/it --> OT1/mathkerncmss/m/sl on input line 1
7.
LaTeX Font Info:    Overwriting symbol font `pureletters' in version `bold'
(Font)                  OT1/mathkerncmss/m/sl --> OT1/mathkerncmss/bx/sl on inp
ut line 17.

(/usr/share/texlive/texmf-dist/tex/latex/translator/translator-basic-dictionary
-English.dict
Dictionary: translator-basic-dictionary, Language: English 
)
(/usr/share/texlive/texmf-dist/tex/latex/translator/translator-bibliography-dic
tionary-English.dict
Dictionary: translator-bibliography-dictionary, Language: English 
)
(/usr/share/texlive/texmf-dist/tex/latex/translator/translator-environment-dict
ionary-English.dict
Dictionary: translator-environment-dictionary, Language: English 
)
(/usr/share/texlive/texmf-dist/tex/latex/translator/translator-months-dictionar
y-English.dict
Dictionary: translator-months-dictionary, Language: English 
)
(/usr/share/texlive/texmf-dist/tex/latex/translator/translator-numbers-dictiona
ry-English.dict
Dictionary: translator-numbers-dictionary, Language: English 
)
(/usr/share/texlive/texmf-dist/tex/latex/translator/translator-theorem-dictiona
ry-English.dict
Dictionary: translator-theorem-dictionary, Language: English 
) (./acceptance_slides.nav) [1

{/var/lib/texmf/fonts/map/pdftex/updmap/pdftex.map}] [2

]
LaTeX Font Info:    Trying to load font information for U+msa on input line 54.


(/usr/share/texlive/texmf-dist/tex/latex/amsfonts/umsa.fd
File: umsa.fd 2013/01/14 v3.01 AMS symbols A
)
LaTeX Font Info:    Trying to load font information for U+msb on input line 54.


(/usr/share/texlive/texmf-dist/tex/latex/amsfonts/umsb.fd
File: umsb.fd 2013/01/14 v3.01 AMS symbols B
)
LaTeX Font Info:    Trying to load font information for OT1+mathkerncmss on inp
ut line 54.

(/usr/share/texlive/texmf-dist/tex/latex/sansmathaccent/ot1mathkerncmss.fd
File: ot1mathkerncmss.fd 2020/01/31 Fontinst v1.933 font definitions for OT1/ma
thkerncmss.
)
[3

] [4

]
</root/github/e906-development/src/AcceptanceCorrection/acceptance_no_unfolding
_bins//acceptance_overlay_Integrated_mass.pdf, id=153, 569.12625pt x 408.52625p
t>
File: /root/github/e906-development/src/AcceptanceCorrection/acceptance_no_unfo
lding_bins//acceptance_overlay_Integrated_mass.pdf Graphic file (type pdf)
<use /root/github/e906-development/src/AcceptanceCorrection/acceptance_no_unfol
ding_bins//acceptance_overlay_Integrated_mass.pdf>
Package pdftex.def Info: /root/github/e906-development/src/AcceptanceCorrection
/acceptance_no_unfolding_bins//acceptance_overlay_Integrated_mass.pdf  used on 
input line 107.
(pdftex.def)             Requested size: 216.67201pt x 155.52834pt.
</root/github/e906-development/src/NewAcceptanceCorrection/RS57/acceptance_over
lay_Integrated_mass.pdf, id=154, 569.12625pt x 408.52625pt>
File: /root/github/e906-development/src/NewAcceptanceCorrection/RS57/acceptance
_overlay_Integrated_mass.pdf Graphic file (type pdf)
<use /root/github/e906-development/src/NewAcceptanceCorrection/RS57/acceptance_
overlay_Integrated_mass.pdf>
Package pdftex.def Info: /root/github/e906-development/src/NewAcceptanceCorrect
ion/RS57/acceptance_overlay_Integrated_mass.pdf  used on input line 107.
(pdftex.def)             Requested size: 216.67201pt x 155.52834pt.
 [5

 </root/github/e906-development/src/AcceptanceCorrection/acceptance_no_unfoldin
g_bins//acceptance_overlay_Integrated_mass.pdf, page is rotated 90 degrees> </r
oot/github/e906-development/src/NewAcceptanceCorrection/RS57/acceptance_overlay
_Integrated_mass.pdf, page is rotated 90 degrees>]
</root/github/e906-development/src/AcceptanceCorrection/acceptance_no_unfolding
_bins//Acceptance_Mass_All_xF_pT.pdf, id=249, 569.12625pt x 552.0625pt>
File: /root/github/e906-development/src/AcceptanceCorrection/acceptance_no_unfo
lding_bins//Acceptance_Mass_All_xF_pT.pdf Graphic file (type pdf)
<use /root/github/e906-development/src/AcceptanceCorrection/acceptance_no_unfol
ding_bins//Acceptance_Mass_All_xF_pT.pdf>
Package pdftex.def Info: /root/github/e906-development/src/AcceptanceCorrection
/acceptance_no_unfolding_bins//Acceptance_Mass_All_xF_pT.pdf  used on input lin
e 120.
(pdftex.def)             Requested size: 216.67201pt x 210.17342pt.
</root/github/e906-development/src/NewAcceptanceCorrection/RS57/Acceptance_Mass
_All_xF_pT.pdf, id=250, 569.12625pt x 552.0625pt>
File: /root/github/e906-development/src/NewAcceptanceCorrection/RS57/Acceptance
_Mass_All_xF_pT.pdf Graphic file (type pdf)
<use /root/github/e906-development/src/NewAcceptanceCorrection/RS57/Acceptance_
Mass_All_xF_pT.pdf>
Package pdftex.def Info: /root/github/e906-development/src/NewAcceptanceCorrect
ion/RS57/Acceptance_Mass_All_xF_pT.pdf  used on input line 120.
(pdftex.def)             Requested size: 216.67201pt x 210.17342pt.
 [6

 </root/github/e906-development/src/AcceptanceCorrection/acceptance_no_unfoldin
g_bins//Acceptance_Mass_All_xF_pT.pdf, page is rotated 90 degrees> </root/githu
b/e906-development/src/NewAcceptanceCorrection/RS57/Acceptance_Mass_All_xF_pT.p
df, page is rotated 90 degrees>]
</root/github/e906-development/src/NewAcceptanceCorrection/RS57/Existing_Vs_Lat
est_Acceptance_Comparison/Compare_Latest_Vs_Existing_LH2_Acceptance_Mass_All_xF
_pT.pdf, id=345, 569.12625pt x 552.0625pt>
File: /root/github/e906-development/src/NewAcceptanceCorrection/RS57/Existing_V
s_Latest_Acceptance_Comparison/Compare_Latest_Vs_Existing_LH2_Acceptance_Mass_A
ll_xF_pT.pdf Graphic file (type pdf)
<use /root/github/e906-development/src/NewAcceptanceCorrection/RS57/Existing_Vs
_Latest_Acceptance_Comparison/Compare_Latest_Vs_Existing_LH2_Acceptance_Mass_Al
l_xF_pT.pdf>
Package pdftex.def Info: /root/github/e906-development/src/NewAcceptanceCorrect
ion/RS57/Existing_Vs_Latest_Acceptance_Comparison/Compare_Latest_Vs_Existing_LH
2_Acceptance_Mass_All_xF_pT.pdf  used on input line 133.
(pdftex.def)             Requested size: 216.67201pt x 210.17342pt.
</root/github/e906-development/src/NewAcceptanceCorrection/RS57/Existing_Vs_Lat
est_Acceptance_Comparison/Compare_Latest_Vs_Existing_LD2_Acceptance_Mass_All_xF
_pT.pdf, id=346, 569.12625pt x 552.0625pt>
File: /root/github/e906-development/src/NewAcceptanceCorrection/RS57/Existing_V
s_Latest_Acceptance_Comparison/Compare_Latest_Vs_Existing_LD2_Acceptance_Mass_A
ll_xF_pT.pdf Graphic file (type pdf)
<use /root/github/e906-development/src/NewAcceptanceCorrection/RS57/Existing_Vs
_Latest_Acceptance_Comparison/Compare_Latest_Vs_Existing_LD2_Acceptance_Mass_Al
l_xF_pT.pdf>
Package pdftex.def Info: /root/github/e906-development/src/NewAcceptanceCorrect
ion/RS57/Existing_Vs_Latest_Acceptance_Comparison/Compare_Latest_Vs_Existing_LD
2_Acceptance_Mass_All_xF_pT.pdf  used on input line 133.
(pdftex.def)             Requested size: 216.67201pt x 210.17342pt.
 [7

 </root/github/e906-development/src/NewAcceptanceCorrection/RS57/Existing_Vs_La
test_Acceptance_Comparison/Compare_Latest_Vs_Existing_LH2_Acceptance_Mass_All_x
F_pT.pdf, page is rotated 90 degrees> </root/github/e906-development/src/NewAcc
eptanceCorrection/RS57/Existing_Vs_Latest_Acceptance_Comparison/Compare_Latest_
Vs_Existing_LD2_Acceptance_Mass_All_xF_pT.pdf, page is rotated 90 degrees>]

Package hyperref Warning: Token not allowed in a PDF string (Unicode):
(hyperref)                removing `math shift' on input line 134.


Package hyperref Warning: Token not allowed in a PDF string (Unicode):
(hyperref)                removing `subscript' on input line 134.


Package hyperref Warning: Token not allowed in a PDF string (Unicode):
(hyperref)                removing `math shift' on input line 134.

</root/github/e906-development/src/AcceptanceCorrection/acceptance_no_unfolding
_bins//acceptance_overlay_Integrated_xF.pdf, id=441, 569.12625pt x 408.52625pt>

File: /root/github/e906-development/src/AcceptanceCorrection/acceptance_no_unfo
lding_bins//acceptance_overlay_Integrated_xF.pdf Graphic file (type pdf)
<use /root/github/e906-development/src/AcceptanceCorrection/acceptance_no_unfol
ding_bins//acceptance_overlay_Integrated_xF.pdf>
Package pdftex.def Info: /root/github/e906-development/src/AcceptanceCorrection
/acceptance_no_unfolding_bins//acceptance_overlay_Integrated_xF.pdf  used on in
put line 147.
(pdftex.def)             Requested size: 216.67201pt x 155.52834pt.
</root/github/e906-development/src/NewAcceptanceCorrection/RS57/acceptance_over
lay_Integrated_xF.pdf, id=442, 569.12625pt x 408.52625pt>
File: /root/github/e906-development/src/NewAcceptanceCorrection/RS57/acceptance
_overlay_Integrated_xF.pdf Graphic file (type pdf)
<use /root/github/e906-development/src/NewAcceptanceCorrection/RS57/acceptance_
overlay_Integrated_xF.pdf>
Package pdftex.def Info: /root/github/e906-development/src/NewAcceptanceCorrect
ion/RS57/acceptance_overlay_Integrated_xF.pdf  used on input line 147.
(pdftex.def)             Requested size: 216.67201pt x 155.52834pt.
[8

 </root/github/e906-development/src/AcceptanceCorrection/acceptance_no_unfoldin
g_bins//acceptance_overlay_Integrated_xF.pdf, page is rotated 90 degrees> </roo
t/github/e906-development/src/NewAcceptanceCorrection/RS57/acceptance_overlay_I
ntegrated_xF.pdf, page is rotated 90 degrees>]
</root/github/e906-development/src/AcceptanceCorrection/acceptance_no_unfolding
_bins//Acceptance_xF_All_Mass_pT.pdf, id=537, 569.12625pt x 552.0625pt>
File: /root/github/e906-development/src/AcceptanceCorrection/acceptance_no_unfo
lding_bins//Acceptance_xF_All_Mass_pT.pdf Graphic file (type pdf)
<use /root/github/e906-development/src/AcceptanceCorrection/acceptance_no_unfol
ding_bins//Acceptance_xF_All_Mass_pT.pdf>
Package pdftex.def Info: /root/github/e906-development/src/AcceptanceCorrection
/acceptance_no_unfolding_bins//Acceptance_xF_All_Mass_pT.pdf  used on input lin
e 160.
(pdftex.def)             Requested size: 216.67201pt x 210.17342pt.
</root/github/e906-development/src/NewAcceptanceCorrection/RS57/Acceptance_xF_A
ll_Mass_pT.pdf, id=538, 569.12625pt x 552.0625pt>
File: /root/github/e906-development/src/NewAcceptanceCorrection/RS57/Acceptance
_xF_All_Mass_pT.pdf Graphic file (type pdf)
<use /root/github/e906-development/src/NewAcceptanceCorrection/RS57/Acceptance_
xF_All_Mass_pT.pdf>
Package pdftex.def Info: /root/github/e906-development/src/NewAcceptanceCorrect
ion/RS57/Acceptance_xF_All_Mass_pT.pdf  used on input line 160.
(pdftex.def)             Requested size: 216.67201pt x 210.17342pt.
 [9

 </root/github/e906-development/src/AcceptanceCorrection/acceptance_no_unfoldin
g_bins//Acceptance_xF_All_Mass_pT.pdf, page is rotated 90 degrees> </root/githu
b/e906-development/src/NewAcceptanceCorrection/RS57/Acceptance_xF_All_Mass_pT.p
df, page is rotated 90 degrees>]
</root/github/e906-development/src/NewAcceptanceCorrection/RS57/Existing_Vs_Lat
est_Acceptance_Comparison/Compare_Latest_Vs_Existing_LH2_Acceptance_xF_All_Mass
_pT.pdf, id=632, 569.12625pt x 552.0625pt>
File: /root/github/e906-development/src/NewAcceptanceCorrection/RS57/Existing_V
s_Latest_Acceptance_Comparison/Compare_Latest_Vs_Existing_LH2_Acceptance_xF_All
_Mass_pT.pdf Graphic file (type pdf)
<use /root/github/e906-development/src/NewAcceptanceCorrection/RS57/Existing_Vs
_Latest_Acceptance_Comparison/Compare_Latest_Vs_Existing_LH2_Acceptance_xF_All_
Mass_pT.pdf>
Package pdftex.def Info: /root/github/e906-development/src/NewAcceptanceCorrect
ion/RS57/Existing_Vs_Latest_Acceptance_Comparison/Compare_Latest_Vs_Existing_LH
2_Acceptance_xF_All_Mass_pT.pdf  used on input line 173.
(pdftex.def)             Requested size: 216.67201pt x 210.17342pt.
</root/github/e906-development/src/NewAcceptanceCorrection/RS57/Existing_Vs_Lat
est_Acceptance_Comparison/Compare_Latest_Vs_Existing_LD2_Acceptance_xF_All_Mass
_pT.pdf, id=633, 569.12625pt x 552.0625pt>
File: /root/github/e906-development/src/NewAcceptanceCorrection/RS57/Existing_V
s_Latest_Acceptance_Comparison/Compare_Latest_Vs_Existing_LD2_Acceptance_xF_All
_Mass_pT.pdf Graphic file (type pdf)
<use /root/github/e906-development/src/NewAcceptanceCorrection/RS57/Existing_Vs
_Latest_Acceptance_Comparison/Compare_Latest_Vs_Existing_LD2_Acceptance_xF_All_
Mass_pT.pdf>
Package pdftex.def Info: /root/github/e906-development/src/NewAcceptanceCorrect
ion/RS57/Existing_Vs_Latest_Acceptance_Comparison/Compare_Latest_Vs_Existing_LD
2_Acceptance_xF_All_Mass_pT.pdf  used on input line 173.
(pdftex.def)             Requested size: 216.67201pt x 210.17342pt.
 [10

 </root/github/e906-development/src/NewAcceptanceCorrection/RS57/Existing_Vs_La
test_Acceptance_Comparison/Compare_Latest_Vs_Existing_LH2_Acceptance_xF_All_Mas
s_pT.pdf, page is rotated 90 degrees> </root/github/e906-development/src/NewAcc
eptanceCorrection/RS57/Existing_Vs_Latest_Acceptance_Comparison/Compare_Latest_
Vs_Existing_LD2_Acceptance_xF_All_Mass_pT.pdf, page is rotated 90 degrees>]

Package hyperref Warning: Token not allowed in a PDF string (Unicode):
(hyperref)                removing `math shift' on input line 174.


Package hyperref Warning: Token not allowed in a PDF string (Unicode):
(hyperref)                removing `subscript' on input line 174.


Package hyperref Warning: Token not allowed in a PDF string (Unicode):
(hyperref)                removing `math shift' on input line 174.

</root/github/e906-development/src/AcceptanceCorrection/acceptance_no_unfolding
_bins//acceptance_overlay_Integrated_pT.pdf, id=728, 569.12625pt x 408.52625pt>

File: /root/github/e906-development/src/AcceptanceCorrection/acceptance_no_unfo
lding_bins//acceptance_overlay_Integrated_pT.pdf Graphic file (type pdf)
<use /root/github/e906-development/src/AcceptanceCorrection/acceptance_no_unfol
ding_bins//acceptance_overlay_Integrated_pT.pdf>
Package pdftex.def Info: /root/github/e906-development/src/AcceptanceCorrection
/acceptance_no_unfolding_bins//acceptance_overlay_Integrated_pT.pdf  used on in
put line 187.
(pdftex.def)             Requested size: 216.67201pt x 155.52834pt.
</root/github/e906-development/src/NewAcceptanceCorrection/RS57/acceptance_over
lay_Integrated_pT.pdf, id=729, 569.12625pt x 408.52625pt>
File: /root/github/e906-development/src/NewAcceptanceCorrection/RS57/acceptance
_overlay_Integrated_pT.pdf Graphic file (type pdf)
<use /root/github/e906-development/src/NewAcceptanceCorrection/RS57/acceptance_
overlay_Integrated_pT.pdf>
Package pdftex.def Info: /root/github/e906-development/src/NewAcceptanceCorrect
ion/RS57/acceptance_overlay_Integrated_pT.pdf  used on input line 187.
(pdftex.def)             Requested size: 216.67201pt x 155.52834pt.
[11

 </root/github/e906-development/src/AcceptanceCorrection/acceptance_no_unfoldin
g_bins//acceptance_overlay_Integrated_pT.pdf, page is rotated 90 degrees> </roo
t/github/e906-development/src/NewAcceptanceCorrection/RS57/acceptance_overlay_I
ntegrated_pT.pdf, page is rotated 90 degrees>]
</root/github/e906-development/src/AcceptanceCorrection/acceptance_no_unfolding
_bins//Acceptance_pT_All_Mass_xF.pdf, id=823, 569.12625pt x 552.0625pt>
File: /root/github/e906-development/src/AcceptanceCorrection/acceptance_no_unfo
lding_bins//Acceptance_pT_All_Mass_xF.pdf Graphic file (type pdf)
<use /root/github/e906-development/src/AcceptanceCorrection/acceptance_no_unfol
ding_bins//Acceptance_pT_All_Mass_xF.pdf>
Package pdftex.def Info: /root/github/e906-development/src/AcceptanceCorrection
/acceptance_no_unfolding_bins//Acceptance_pT_All_Mass_xF.pdf  used on input lin
e 200.
(pdftex.def)             Requested size: 216.67201pt x 210.17342pt.
</root/github/e906-development/src/NewAcceptanceCorrection/RS57/Acceptance_pT_A
ll_Mass_xF.pdf, id=824, 569.12625pt x 552.0625pt>
File: /root/github/e906-development/src/NewAcceptanceCorrection/RS57/Acceptance
_pT_All_Mass_xF.pdf Graphic file (type pdf)
<use /root/github/e906-development/src/NewAcceptanceCorrection/RS57/Acceptance_
pT_All_Mass_xF.pdf>
Package pdftex.def Info: /root/github/e906-development/src/NewAcceptanceCorrect
ion/RS57/Acceptance_pT_All_Mass_xF.pdf  used on input line 200.
(pdftex.def)             Requested size: 216.67201pt x 210.17342pt.
 [12

 </root/github/e906-development/src/AcceptanceCorrection/acceptance_no_unfoldin
g_bins//Acceptance_pT_All_Mass_xF.pdf, page is rotated 90 degrees> </root/githu
b/e906-development/src/NewAcceptanceCorrection/RS57/Acceptance_pT_All_Mass_xF.p
df, page is rotated 90 degrees>]
</root/github/e906-development/src/NewAcceptanceCorrection/RS57/Existing_Vs_Lat
est_Acceptance_Comparison/Compare_Latest_Vs_Existing_LH2_Acceptance_pT_All_Mass
_xF.pdf, id=919, 569.12625pt x 552.0625pt>
File: /root/github/e906-development/src/NewAcceptanceCorrection/RS57/Existing_V
s_Latest_Acceptance_Comparison/Compare_Latest_Vs_Existing_LH2_Acceptance_pT_All
_Mass_xF.pdf Graphic file (type pdf)
<use /root/github/e906-development/src/NewAcceptanceCorrection/RS57/Existing_Vs
_Latest_Acceptance_Comparison/Compare_Latest_Vs_Existing_LH2_Acceptance_pT_All_
Mass_xF.pdf>
Package pdftex.def Info: /root/github/e906-development/src/NewAcceptanceCorrect
ion/RS57/Existing_Vs_Latest_Acceptance_Comparison/Compare_Latest_Vs_Existing_LH
2_Acceptance_pT_All_Mass_xF.pdf  used on input line 213.
(pdftex.def)             Requested size: 216.67201pt x 210.17342pt.
</root/github/e906-development/src/NewAcceptanceCorrection/RS57/Existing_Vs_Lat
est_Acceptance_Comparison/Compare_Latest_Vs_Existing_LD2_Acceptance_pT_All_Mass
_xF.pdf, id=920, 569.12625pt x 552.0625pt>
File: /root/github/e906-development/src/NewAcceptanceCorrection/RS57/Existing_V
s_Latest_Acceptance_Comparison/Compare_Latest_Vs_Existing_LD2_Acceptance_pT_All
_Mass_xF.pdf Graphic file (type pdf)
<use /root/github/e906-development/src/NewAcceptanceCorrection/RS57/Existing_Vs
_Latest_Acceptance_Comparison/Compare_Latest_Vs_Existing_LD2_Acceptance_pT_All_
Mass_xF.pdf>
Package pdftex.def Info: /root/github/e906-development/src/NewAcceptanceCorrect
ion/RS57/Existing_Vs_Latest_Acceptance_Comparison/Compare_Latest_Vs_Existing_LD
2_Acceptance_pT_All_Mass_xF.pdf  used on input line 213.
(pdftex.def)             Requested size: 216.67201pt x 210.17342pt.
 [13

 </root/github/e906-development/src/NewAcceptanceCorrection/RS57/Existing_Vs_La
test_Acceptance_Comparison/Compare_Latest_Vs_Existing_LH2_Acceptance_pT_All_Mas
s_xF.pdf, page is rotated 90 degrees> </root/github/e906-development/src/NewAcc
eptanceCorrection/RS57/Existing_Vs_Latest_Acceptance_Comparison/Compare_Latest_
Vs_Existing_LD2_Acceptance_pT_All_Mass_xF.pdf, page is rotated 90 degrees>]

Package hyperref Warning: Token not allowed in a PDF string (Unicode):
(hyperref)                removing `math shift' on input line 214.


Package hyperref Warning: Token not allowed in a PDF string (Unicode):
(hyperref)                removing `subscript' on input line 214.


Package hyperref Warning: Token not allowed in a PDF string (Unicode):
(hyperref)                removing `math shift' on input line 214.

</root/github/e906-development/src/AcceptanceCorrection/acceptance_no_unfolding
_bins//acceptance_overlay_mass_sliced_by_xF_bin0.pdf, id=1015, 569.12625pt x 40
8.52625pt>
File: /root/github/e906-development/src/AcceptanceCorrection/acceptance_no_unfo
lding_bins//acceptance_overlay_mass_sliced_by_xF_bin0.pdf Graphic file (type pd
f)
<use /root/github/e906-development/src/AcceptanceCorrection/acceptance_no_unfol
ding_bins//acceptance_overlay_mass_sliced_by_xF_bin0.pdf>
Package pdftex.def Info: /root/github/e906-development/src/AcceptanceCorrection
/acceptance_no_unfolding_bins//acceptance_overlay_mass_sliced_by_xF_bin0.pdf  u
sed on input line 227.
(pdftex.def)             Requested size: 216.67201pt x 155.52834pt.
</root/github/e906-development/src/NewAcceptanceCorrection/RS57/acceptance_over
lay_mass_sliced_by_xF_bin0.pdf, id=1016, 569.12625pt x 408.52625pt>
File: /root/github/e906-development/src/NewAcceptanceCorrection/RS57/acceptance
_overlay_mass_sliced_by_xF_bin0.pdf Graphic file (type pdf)
<use /root/github/e906-development/src/NewAcceptanceCorrection/RS57/acceptance_
overlay_mass_sliced_by_xF_bin0.pdf>
Package pdftex.def Info: /root/github/e906-development/src/NewAcceptanceCorrect
ion/RS57/acceptance_overlay_mass_sliced_by_xF_bin0.pdf  used on input line 227.

(pdftex.def)             Requested size: 216.67201pt x 155.52834pt.
[14

 </root/github/e906-development/src/AcceptanceCorrection/acceptance_no_unfoldin
g_bins//acceptance_overlay_mass_sliced_by_xF_bin0.pdf, page is rotated 90 degre
es> </root/github/e906-development/src/NewAcceptanceCorrection/RS57/acceptance_
overlay_mass_sliced_by_xF_bin0.pdf, page is rotated 90 degrees>]
</root/github/e906-development/src/AcceptanceCorrection/acceptance_no_unfolding
_bins//Acceptance_Mass_All_pT_xF_bin0.pdf, id=1111, 569.12625pt x 552.0625pt>
File: /root/github/e906-development/src/AcceptanceCorrection/acceptance_no_unfo
lding_bins//Acceptance_Mass_All_pT_xF_bin0.pdf Graphic file (type pdf)
<use /root/github/e906-development/src/AcceptanceCorrection/acceptance_no_unfol
ding_bins//Acceptance_Mass_All_pT_xF_bin0.pdf>
Package pdftex.def Info: /root/github/e906-development/src/AcceptanceCorrection
/acceptance_no_unfolding_bins//Acceptance_Mass_All_pT_xF_bin0.pdf  used on inpu
t line 240.
(pdftex.def)             Requested size: 216.67201pt x 210.17342pt.
</root/github/e906-development/src/NewAcceptanceCorrection/RS57/Acceptance_Mass
_All_pT_xF_bin0.pdf, id=1112, 569.12625pt x 552.0625pt>
File: /root/github/e906-development/src/NewAcceptanceCorrection/RS57/Acceptance
_Mass_All_pT_xF_bin0.pdf Graphic file (type pdf)
<use /root/github/e906-development/src/NewAcceptanceCorrection/RS57/Acceptance_
Mass_All_pT_xF_bin0.pdf>
Package pdftex.def Info: /root/github/e906-development/src/NewAcceptanceCorrect
ion/RS57/Acceptance_Mass_All_pT_xF_bin0.pdf  used on input line 240.
(pdftex.def)             Requested size: 216.67201pt x 210.17342pt.
 [15

 </root/github/e906-development/src/AcceptanceCorrection/acceptance_no_unfoldin
g_bins//Acceptance_Mass_All_pT_xF_bin0.pdf, page is rotated 90 degrees> </root/
github/e906-development/src/NewAcceptanceCorrection/RS57/Acceptance_Mass_All_pT
_xF_bin0.pdf, page is rotated 90 degrees>]
</root/github/e906-development/src/NewAcceptanceCorrection/RS57/Existing_Vs_Lat
est_Acceptance_Comparison/Compare_Latest_Vs_Existing_LH2_Acceptance_Mass_All_pT
_xF_bin0.pdf, id=1207, 569.12625pt x 552.0625pt>
File: /root/github/e906-development/src/NewAcceptanceCorrection/RS57/Existing_V
s_Latest_Acceptance_Comparison/Compare_Latest_Vs_Existing_LH2_Acceptance_Mass_A
ll_pT_xF_bin0.pdf Graphic file (type pdf)
<use /root/github/e906-development/src/NewAcceptanceCorrection/RS57/Existing_Vs
_Latest_Acceptance_Comparison/Compare_Latest_Vs_Existing_LH2_Acceptance_Mass_Al
l_pT_xF_bin0.pdf>
Package pdftex.def Info: /root/github/e906-development/src/NewAcceptanceCorrect
ion/RS57/Existing_Vs_Latest_Acceptance_Comparison/Compare_Latest_Vs_Existing_LH
2_Acceptance_Mass_All_pT_xF_bin0.pdf  used on input line 253.
(pdftex.def)             Requested size: 216.67201pt x 210.17342pt.
</root/github/e906-development/src/NewAcceptanceCorrection/RS57/Existing_Vs_Lat
est_Acceptance_Comparison/Compare_Latest_Vs_Existing_LD2_Acceptance_Mass_All_pT
_xF_bin0.pdf, id=1208, 569.12625pt x 552.0625pt>
File: /root/github/e906-development/src/NewAcceptanceCorrection/RS57/Existing_V
s_Latest_Acceptance_Comparison/Compare_Latest_Vs_Existing_LD2_Acceptance_Mass_A
ll_pT_xF_bin0.pdf Graphic file (type pdf)
<use /root/github/e906-development/src/NewAcceptanceCorrection/RS57/Existing_Vs
_Latest_Acceptance_Comparison/Compare_Latest_Vs_Existing_LD2_Acceptance_Mass_Al
l_pT_xF_bin0.pdf>
Package pdftex.def Info: /root/github/e906-development/src/NewAcceptanceCorrect
ion/RS57/Existing_Vs_Latest_Acceptance_Comparison/Compare_Latest_Vs_Existing_LD
2_Acceptance_Mass_All_pT_xF_bin0.pdf  used on input line 253.
(pdftex.def)             Requested size: 216.67201pt x 210.17342pt.
 [16

 </root/github/e906-development/src/NewAcceptanceCorrection/RS57/Existing_Vs_La
test_Acceptance_Comparison/Compare_Latest_Vs_Existing_LH2_Acceptance_Mass_All_p
T_xF_bin0.pdf, page is rotated 90 degrees> </root/github/e906-development/src/N
ewAcceptanceCorrection/RS57/Existing_Vs_Latest_Acceptance_Comparison/Compare_La
test_Vs_Existing_LD2_Acceptance_Mass_All_pT_xF_bin0.pdf, page is rotated 90 deg
rees>]
</root/github/e906-development/src/AcceptanceCorrection/acceptance_no_unfolding
_bins//acceptance_overlay_mass_sliced_by_xF_bin1.pdf, id=1302, 569.12625pt x 40
8.52625pt>
File: /root/github/e906-development/src/AcceptanceCorrection/acceptance_no_unfo
lding_bins//acceptance_overlay_mass_sliced_by_xF_bin1.pdf Graphic file (type pd
f)
<use /root/github/e906-development/src/AcceptanceCorrection/acceptance_no_unfol
ding_bins//acceptance_overlay_mass_sliced_by_xF_bin1.pdf>
Package pdftex.def Info: /root/github/e906-development/src/AcceptanceCorrection
/acceptance_no_unfolding_bins//acceptance_overlay_mass_sliced_by_xF_bin1.pdf  u
sed on input line 266.
(pdftex.def)             Requested size: 216.67201pt x 155.52834pt.
</root/github/e906-development/src/NewAcceptanceCorrection/RS57/acceptance_over
lay_mass_sliced_by_xF_bin1.pdf, id=1303, 569.12625pt x 408.52625pt>
File: /root/github/e906-development/src/NewAcceptanceCorrection/RS57/acceptance
_overlay_mass_sliced_by_xF_bin1.pdf Graphic file (type pdf)
<use /root/github/e906-development/src/NewAcceptanceCorrection/RS57/acceptance_
overlay_mass_sliced_by_xF_bin1.pdf>
Package pdftex.def Info: /root/github/e906-development/src/NewAcceptanceCorrect
ion/RS57/acceptance_overlay_mass_sliced_by_xF_bin1.pdf  used on input line 266.

(pdftex.def)             Requested size: 216.67201pt x 155.52834pt.
 [17

 </root/github/e906-development/src/AcceptanceCorrection/acceptance_no_unfoldin
g_bins//acceptance_overlay_mass_sliced_by_xF_bin1.pdf, page is rotated 90 degre
es> </root/github/e906-development/src/NewAcceptanceCorrection/RS57/acceptance_
overlay_mass_sliced_by_xF_bin1.pdf, page is rotated 90 degrees>]
</root/github/e906-development/src/AcceptanceCorrection/acceptance_no_unfolding
_bins//Acceptance_Mass_All_pT_xF_bin1.pdf, id=1398, 569.12625pt x 552.0625pt>
File: /root/github/e906-development/src/AcceptanceCorrection/acceptance_no_unfo
lding_bins//Acceptance_Mass_All_pT_xF_bin1.pdf Graphic file (type pdf)
<use /root/github/e906-development/src/AcceptanceCorrection/acceptance_no_unfol
ding_bins//Acceptance_Mass_All_pT_xF_bin1.pdf>
Package pdftex.def Info: /root/github/e906-development/src/AcceptanceCorrection
/acceptance_no_unfolding_bins//Acceptance_Mass_All_pT_xF_bin1.pdf  used on inpu
t line 279.
(pdftex.def)             Requested size: 216.67201pt x 210.17342pt.
</root/github/e906-development/src/NewAcceptanceCorrection/RS57/Acceptance_Mass
_All_pT_xF_bin1.pdf, id=1399, 569.12625pt x 552.0625pt>
File: /root/github/e906-development/src/NewAcceptanceCorrection/RS57/Acceptance
_Mass_All_pT_xF_bin1.pdf Graphic file (type pdf)
<use /root/github/e906-development/src/NewAcceptanceCorrection/RS57/Acceptance_
Mass_All_pT_xF_bin1.pdf>
Package pdftex.def Info: /root/github/e906-development/src/NewAcceptanceCorrect
ion/RS57/Acceptance_Mass_All_pT_xF_bin1.pdf  used on input line 279.
(pdftex.def)             Requested size: 216.67201pt x 210.17342pt.
 [18

 </root/github/e906-development/src/AcceptanceCorrection/acceptance_no_unfoldin
g_bins//Acceptance_Mass_All_pT_xF_bin1.pdf, page is rotated 90 degrees> </root/
github/e906-development/src/NewAcceptanceCorrection/RS57/Acceptance_Mass_All_pT
_xF_bin1.pdf, page is rotated 90 degrees>]
</root/github/e906-development/src/NewAcceptanceCorrection/RS57/Existing_Vs_Lat
est_Acceptance_Comparison/Compare_Latest_Vs_Existing_LH2_Acceptance_Mass_All_pT
_xF_bin1.pdf, id=1493, 569.12625pt x 552.0625pt>
File: /root/github/e906-development/src/NewAcceptanceCorrection/RS57/Existing_V
s_Latest_Acceptance_Comparison/Compare_Latest_Vs_Existing_LH2_Acceptance_Mass_A
ll_pT_xF_bin1.pdf Graphic file (type pdf)
<use /root/github/e906-development/src/NewAcceptanceCorrection/RS57/Existing_Vs
_Latest_Acceptance_Comparison/Compare_Latest_Vs_Existing_LH2_Acceptance_Mass_Al
l_pT_xF_bin1.pdf>
Package pdftex.def Info: /root/github/e906-development/src/NewAcceptanceCorrect
ion/RS57/Existing_Vs_Latest_Acceptance_Comparison/Compare_Latest_Vs_Existing_LH
2_Acceptance_Mass_All_pT_xF_bin1.pdf  used on input line 292.
(pdftex.def)             Requested size: 216.67201pt x 210.17342pt.
</root/github/e906-development/src/NewAcceptanceCorrection/RS57/Existing_Vs_Lat
est_Acceptance_Comparison/Compare_Latest_Vs_Existing_LD2_Acceptance_Mass_All_pT
_xF_bin1.pdf, id=1494, 569.12625pt x 552.0625pt>
File: /root/github/e906-development/src/NewAcceptanceCorrection/RS57/Existing_V
s_Latest_Acceptance_Comparison/Compare_Latest_Vs_Existing_LD2_Acceptance_Mass_A
ll_pT_xF_bin1.pdf Graphic file (type pdf)
<use /root/github/e906-development/src/NewAcceptanceCorrection/RS57/Existing_Vs
_Latest_Acceptance_Comparison/Compare_Latest_Vs_Existing_LD2_Acceptance_Mass_Al
l_pT_xF_bin1.pdf>
Package pdftex.def Info: /root/github/e906-development/src/NewAcceptanceCorrect
ion/RS57/Existing_Vs_Latest_Acceptance_Comparison/Compare_Latest_Vs_Existing_LD
2_Acceptance_Mass_All_pT_xF_bin1.pdf  used on input line 292.
(pdftex.def)             Requested size: 216.67201pt x 210.17342pt.
[19

 </root/github/e906-development/src/NewAcceptanceCorrection/RS57/Existing_Vs_La
test_Acceptance_Comparison/Compare_Latest_Vs_Existing_LH2_Acceptance_Mass_All_p
T_xF_bin1.pdf, page is rotated 90 degrees> </root/github/e906-development/src/N
ewAcceptanceCorrection/RS57/Existing_Vs_Latest_Acceptance_Comparison/Compare_La
test_Vs_Existing_LD2_Acceptance_Mass_All_pT_xF_bin1.pdf, page is rotated 90 deg
rees>]
</root/github/e906-development/src/AcceptanceCorrection/acceptance_no_unfolding
_bins//acceptance_overlay_mass_sliced_by_xF_bin2.pdf, id=1589, 569.12625pt x 40
8.52625pt>
File: /root/github/e906-development/src/AcceptanceCorrection/acceptance_no_unfo
lding_bins//acceptance_overlay_mass_sliced_by_xF_bin2.pdf Graphic file (type pd
f)
<use /root/github/e906-development/src/AcceptanceCorrection/acceptance_no_unfol
ding_bins//acceptance_overlay_mass_sliced_by_xF_bin2.pdf>
Package pdftex.def Info: /root/github/e906-development/src/AcceptanceCorrection
/acceptance_no_unfolding_bins//acceptance_overlay_mass_sliced_by_xF_bin2.pdf  u
sed on input line 305.
(pdftex.def)             Requested size: 216.67201pt x 155.52834pt.
</root/github/e906-development/src/NewAcceptanceCorrection/RS57/acceptance_over
lay_mass_sliced_by_xF_bin2.pdf, id=1590, 569.12625pt x 408.52625pt>
File: /root/github/e906-development/src/NewAcceptanceCorrection/RS57/acceptance
_overlay_mass_sliced_by_xF_bin2.pdf Graphic file (type pdf)
<use /root/github/e906-development/src/NewAcceptanceCorrection/RS57/acceptance_
overlay_mass_sliced_by_xF_bin2.pdf>
Package pdftex.def Info: /root/github/e906-development/src/NewAcceptanceCorrect
ion/RS57/acceptance_overlay_mass_sliced_by_xF_bin2.pdf  used on input line 305.

(pdftex.def)             Requested size: 216.67201pt x 155.52834pt.
 [20

 </root/github/e906-development/src/AcceptanceCorrection/acceptance_no_unfoldin
g_bins//acceptance_overlay_mass_sliced_by_xF_bin2.pdf, page is rotated 90 degre
es> </root/github/e906-development/src/NewAcceptanceCorrection/RS57/acceptance_
overlay_mass_sliced_by_xF_bin2.pdf, page is rotated 90 degrees>]
</root/github/e906-development/src/AcceptanceCorrection/acceptance_no_unfolding
_bins//Acceptance_Mass_All_pT_xF_bin2.pdf, id=1685, 569.12625pt x 552.0625pt>
File: /root/github/e906-development/src/AcceptanceCorrection/acceptance_no_unfo
lding_bins//Acceptance_Mass_All_pT_xF_bin2.pdf Graphic file (type pdf)
<use /root/github/e906-development/src/AcceptanceCorrection/acceptance_no_unfol
ding_bins//Acceptance_Mass_All_pT_xF_bin2.pdf>
Package pdftex.def Info: /root/github/e906-development/src/AcceptanceCorrection
/acceptance_no_unfolding_bins//Acceptance_Mass_All_pT_xF_bin2.pdf  used on inpu
t line 318.
(pdftex.def)             Requested size: 216.67201pt x 210.17342pt.
</root/github/e906-development/src/NewAcceptanceCorrection/RS57/Acceptance_Mass
_All_pT_xF_bin2.pdf, id=1686, 569.12625pt x 552.0625pt>
File: /root/github/e906-development/src/NewAcceptanceCorrection/RS57/Acceptance
_Mass_All_pT_xF_bin2.pdf Graphic file (type pdf)
<use /root/github/e906-development/src/NewAcceptanceCorrection/RS57/Acceptance_
Mass_All_pT_xF_bin2.pdf>
Package pdftex.def Info: /root/github/e906-development/src/NewAcceptanceCorrect
ion/RS57/Acceptance_Mass_All_pT_xF_bin2.pdf  used on input line 318.
(pdftex.def)             Requested size: 216.67201pt x 210.17342pt.

[21

 </root/github/e906-development/src/AcceptanceCorrection/acceptance_no_unfoldin
g_bins//Acceptance_Mass_All_pT_xF_bin2.pdf, page is rotated 90 degrees> </root/
github/e906-development/src/NewAcceptanceCorrection/RS57/Acceptance_Mass_All_pT
_xF_bin2.pdf, page is rotated 90 degrees>]
</root/github/e906-development/src/NewAcceptanceCorrection/RS57/Existing_Vs_Lat
est_Acceptance_Comparison/Compare_Latest_Vs_Existing_LH2_Acceptance_Mass_All_pT
_xF_bin2.pdf, id=1780, 569.12625pt x 552.0625pt>
File: /root/github/e906-development/src/NewAcceptanceCorrection/RS57/Existing_V
s_Latest_Acceptance_Comparison/Compare_Latest_Vs_Existing_LH2_Acceptance_Mass_A
ll_pT_xF_bin2.pdf Graphic file (type pdf)
<use /root/github/e906-development/src/NewAcceptanceCorrection/RS57/Existing_Vs
_Latest_Acceptance_Comparison/Compare_Latest_Vs_Existing_LH2_Acceptance_Mass_Al
l_pT_xF_bin2.pdf>
Package pdftex.def Info: /root/github/e906-development/src/NewAcceptanceCorrect
ion/RS57/Existing_Vs_Latest_Acceptance_Comparison/Compare_Latest_Vs_Existing_LH
2_Acceptance_Mass_All_pT_xF_bin2.pdf  used on input line 331.
(pdftex.def)             Requested size: 216.67201pt x 210.17342pt.
</root/github/e906-development/src/NewAcceptanceCorrection/RS57/Existing_Vs_Lat
est_Acceptance_Comparison/Compare_Latest_Vs_Existing_LD2_Acceptance_Mass_All_pT
_xF_bin2.pdf, id=1781, 569.12625pt x 552.0625pt>
File: /root/github/e906-development/src/NewAcceptanceCorrection/RS57/Existing_V
s_Latest_Acceptance_Comparison/Compare_Latest_Vs_Existing_LD2_Acceptance_Mass_A
ll_pT_xF_bin2.pdf Graphic file (type pdf)
<use /root/github/e906-development/src/NewAcceptanceCorrection/RS57/Existing_Vs
_Latest_Acceptance_Comparison/Compare_Latest_Vs_Existing_LD2_Acceptance_Mass_Al
l_pT_xF_bin2.pdf>
Package pdftex.def Info: /root/github/e906-development/src/NewAcceptanceCorrect
ion/RS57/Existing_Vs_Latest_Acceptance_Comparison/Compare_Latest_Vs_Existing_LD
2_Acceptance_Mass_All_pT_xF_bin2.pdf  used on input line 331.
(pdftex.def)             Requested size: 216.67201pt x 210.17342pt.
 [22

 </root/github/e906-development/src/NewAcceptanceCorrection/RS57/Existing_Vs_La
test_Acceptance_Comparison/Compare_Latest_Vs_Existing_LH2_Acceptance_Mass_All_p
T_xF_bin2.pdf, page is rotated 90 degrees> </root/github/e906-development/src/N
ewAcceptanceCorrection/RS57/Existing_Vs_Latest_Acceptance_Comparison/Compare_La
test_Vs_Existing_LD2_Acceptance_Mass_All_pT_xF_bin2.pdf, page is rotated 90 deg
rees>]
</root/github/e906-development/src/AcceptanceCorrection/acceptance_no_unfolding
_bins//acceptance_overlay_mass_sliced_by_xF_bin3.pdf, id=1876, 569.12625pt x 40
8.52625pt>
File: /root/github/e906-development/src/AcceptanceCorrection/acceptance_no_unfo
lding_bins//acceptance_overlay_mass_sliced_by_xF_bin3.pdf Graphic file (type pd
f)
<use /root/github/e906-development/src/AcceptanceCorrection/acceptance_no_unfol
ding_bins//acceptance_overlay_mass_sliced_by_xF_bin3.pdf>
Package pdftex.def Info: /root/github/e906-development/src/AcceptanceCorrection
/acceptance_no_unfolding_bins//acceptance_overlay_mass_sliced_by_xF_bin3.pdf  u
sed on input line 344.
(pdftex.def)             Requested size: 216.67201pt x 155.52834pt.
</root/github/e906-development/src/NewAcceptanceCorrection/RS57/acceptance_over
lay_mass_sliced_by_xF_bin3.pdf, id=1877, 569.12625pt x 408.52625pt>
File: /root/github/e906-development/src/NewAcceptanceCorrection/RS57/acceptance
_overlay_mass_sliced_by_xF_bin3.pdf Graphic file (type pdf)
<use /root/github/e906-development/src/NewAcceptanceCorrection/RS57/acceptance_
overlay_mass_sliced_by_xF_bin3.pdf>
Package pdftex.def Info: /root/github/e906-development/src/NewAcceptanceCorrect
ion/RS57/acceptance_overlay_mass_sliced_by_xF_bin3.pdf  used on input line 344.

(pdftex.def)             Requested size: 216.67201pt x 155.52834pt.
 [23

 </root/github/e906-development/src/AcceptanceCorrection/acceptance_no_unfoldin
g_bins//acceptance_overlay_mass_sliced_by_xF_bin3.pdf, page is rotated 90 degre
es> </root/github/e906-development/src/NewAcceptanceCorrection/RS57/acceptance_
overlay_mass_sliced_by_xF_bin3.pdf, page is rotated 90 degrees>]
</root/github/e906-development/src/AcceptanceCorrection/acceptance_no_unfolding
_bins//Acceptance_Mass_All_pT_xF_bin3.pdf, id=1971, 569.12625pt x 552.0625pt>
File: /root/github/e906-development/src/AcceptanceCorrection/acceptance_no_unfo
lding_bins//Acceptance_Mass_All_pT_xF_bin3.pdf Graphic file (type pdf)
<use /root/github/e906-development/src/AcceptanceCorrection/acceptance_no_unfol
ding_bins//Acceptance_Mass_All_pT_xF_bin3.pdf>
Package pdftex.def Info: /root/github/e906-development/src/AcceptanceCorrection
/acceptance_no_unfolding_bins//Acceptance_Mass_All_pT_xF_bin3.pdf  used on inpu
t line 357.
(pdftex.def)             Requested size: 216.67201pt x 210.17342pt.
</root/github/e906-development/src/NewAcceptanceCorrection/RS57/Acceptance_Mass
_All_pT_xF_bin3.pdf, id=1972, 569.12625pt x 552.0625pt>
File: /root/github/e906-development/src/NewAcceptanceCorrection/RS57/Acceptance
_Mass_All_pT_xF_bin3.pdf Graphic file (type pdf)
<use /root/github/e906-development/src/NewAcceptanceCorrection/RS57/Acceptance_
Mass_All_pT_xF_bin3.pdf>
Package pdftex.def Info: /root/github/e906-development/src/NewAcceptanceCorrect
ion/RS57/Acceptance_Mass_All_pT_xF_bin3.pdf  used on input line 357.
(pdftex.def)             Requested size: 216.67201pt x 210.17342pt.
 [24

 </root/github/e906-development/src/AcceptanceCorrection/acceptance_no_unfoldin
g_bins//Acceptance_Mass_All_pT_xF_bin3.pdf, page is rotated 90 degrees> </root/
github/e906-development/src/NewAcceptanceCorrection/RS57/Acceptance_Mass_All_pT
_xF_bin3.pdf, page is rotated 90 degrees>]
</root/github/e906-development/src/NewAcceptanceCorrection/RS57/Existing_Vs_Lat
est_Acceptance_Comparison/Compare_Latest_Vs_Existing_LH2_Acceptance_Mass_All_pT
_xF_bin3.pdf, id=2066, 569.12625pt x 552.0625pt>
File: /root/github/e906-development/src/NewAcceptanceCorrection/RS57/Existing_V
s_Latest_Acceptance_Comparison/Compare_Latest_Vs_Existing_LH2_Acceptance_Mass_A
ll_pT_xF_bin3.pdf Graphic file (type pdf)
<use /root/github/e906-development/src/NewAcceptanceCorrection/RS57/Existing_Vs
_Latest_Acceptance_Comparison/Compare_Latest_Vs_Existing_LH2_Acceptance_Mass_Al
l_pT_xF_bin3.pdf>
Package pdftex.def Info: /root/github/e906-development/src/NewAcceptanceCorrect
ion/RS57/Existing_Vs_Latest_Acceptance_Comparison/Compare_Latest_Vs_Existing_LH
2_Acceptance_Mass_All_pT_xF_bin3.pdf  used on input line 370.
(pdftex.def)             Requested size: 216.67201pt x 210.17342pt.
</root/github/e906-development/src/NewAcceptanceCorrection/RS57/Existing_Vs_Lat
est_Acceptance_Comparison/Compare_Latest_Vs_Existing_LD2_Acceptance_Mass_All_pT
_xF_bin3.pdf, id=2067, 569.12625pt x 552.0625pt>
File: /root/github/e906-development/src/NewAcceptanceCorrection/RS57/Existing_V
s_Latest_Acceptance_Comparison/Compare_Latest_Vs_Existing_LD2_Acceptance_Mass_A
ll_pT_xF_bin3.pdf Graphic file (type pdf)
<use /root/github/e906-development/src/NewAcceptanceCorrection/RS57/Existing_Vs
_Latest_Acceptance_Comparison/Compare_Latest_Vs_Existing_LD2_Acceptance_Mass_Al
l_pT_xF_bin3.pdf>
Package pdftex.def Info: /root/github/e906-development/src/NewAcceptanceCorrect
ion/RS57/Existing_Vs_Latest_Acceptance_Comparison/Compare_Latest_Vs_Existing_LD
2_Acceptance_Mass_All_pT_xF_bin3.pdf  used on input line 370.
(pdftex.def)             Requested size: 216.67201pt x 210.17342pt.
 [25

 </root/github/e906-development/src/NewAcceptanceCorrection/RS57/Existing_Vs_La
test_Acceptance_Comparison/Compare_Latest_Vs_Existing_LH2_Acceptance_Mass_All_p
T_xF_bin3.pdf, page is rotated 90 degrees> </root/github/e906-development/src/N
ewAcceptanceCorrection/RS57/Existing_Vs_Latest_Acceptance_Comparison/Compare_La
test_Vs_Existing_LD2_Acceptance_Mass_All_pT_xF_bin3.pdf, page is rotated 90 deg
rees>]
</root/github/e906-development/src/AcceptanceCorrection/acceptance_no_unfolding
_bins//acceptance_overlay_mass_sliced_by_xF_bin4.pdf, id=2163, 569.12625pt x 40
8.52625pt>
File: /root/github/e906-development/src/AcceptanceCorrection/acceptance_no_unfo
lding_bins//acceptance_overlay_mass_sliced_by_xF_bin4.pdf Graphic file (type pd
f)
<use /root/github/e906-development/src/AcceptanceCorrection/acceptance_no_unfol
ding_bins//acceptance_overlay_mass_sliced_by_xF_bin4.pdf>
Package pdftex.def Info: /root/github/e906-development/src/AcceptanceCorrection
/acceptance_no_unfolding_bins//acceptance_overlay_mass_sliced_by_xF_bin4.pdf  u
sed on input line 383.
(pdftex.def)             Requested size: 216.67201pt x 155.52834pt.
</root/github/e906-development/src/NewAcceptanceCorrection/RS57/acceptance_over
lay_mass_sliced_by_xF_bin4.pdf, id=2164, 569.12625pt x 408.52625pt>
File: /root/github/e906-development/src/NewAcceptanceCorrection/RS57/acceptance
_overlay_mass_sliced_by_xF_bin4.pdf Graphic file (type pdf)
<use /root/github/e906-development/src/NewAcceptanceCorrection/RS57/acceptance_
overlay_mass_sliced_by_xF_bin4.pdf>
Package pdftex.def Info: /root/github/e906-development/src/NewAcceptanceCorrect
ion/RS57/acceptance_overlay_mass_sliced_by_xF_bin4.pdf  used on input line 383.

(pdftex.def)             Requested size: 216.67201pt x 155.52834pt.
 [26

 </root/github/e906-development/src/AcceptanceCorrection/acceptance_no_unfoldin
g_bins//acceptance_overlay_mass_sliced_by_xF_bin4.pdf, page is rotated 90 degre
es> </root/github/e906-development/src/NewAcceptanceCorrection/RS57/acceptance_
overlay_mass_sliced_by_xF_bin4.pdf, page is rotated 90 degrees>]
</root/github/e906-development/src/AcceptanceCorrection/acceptance_no_unfolding
_bins//Acceptance_Mass_All_pT_xF_bin4.pdf, id=2258, 569.12625pt x 552.0625pt>
File: /root/github/e906-development/src/AcceptanceCorrection/acceptance_no_unfo
lding_bins//Acceptance_Mass_All_pT_xF_bin4.pdf Graphic file (type pdf)
<use /root/github/e906-development/src/AcceptanceCorrection/acceptance_no_unfol
ding_bins//Acceptance_Mass_All_pT_xF_bin4.pdf>
Package pdftex.def Info: /root/github/e906-development/src/AcceptanceCorrection
/acceptance_no_unfolding_bins//Acceptance_Mass_All_pT_xF_bin4.pdf  used on inpu
t line 396.
(pdftex.def)             Requested size: 216.67201pt x 210.17342pt.
</root/github/e906-development/src/NewAcceptanceCorrection/RS57/Acceptance_Mass
_All_pT_xF_bin4.pdf, id=2259, 569.12625pt x 552.0625pt>
File: /root/github/e906-development/src/NewAcceptanceCorrection/RS57/Acceptance
_Mass_All_pT_xF_bin4.pdf Graphic file (type pdf)
<use /root/github/e906-development/src/NewAcceptanceCorrection/RS57/Acceptance_
Mass_All_pT_xF_bin4.pdf>
Package pdftex.def Info: /root/github/e906-development/src/NewAcceptanceCorrect
ion/RS57/Acceptance_Mass_All_pT_xF_bin4.pdf  used on input line 396.
(pdftex.def)             Requested size: 216.67201pt x 210.17342pt.
 [27

 </root/github/e906-development/src/AcceptanceCorrection/acceptance_no_unfoldin
g_bins//Acceptance_Mass_All_pT_xF_bin4.pdf, page is rotated 90 degrees> </root/
github/e906-development/src/NewAcceptanceCorrection/RS57/Acceptance_Mass_All_pT
_xF_bin4.pdf, page is rotated 90 degrees>]
</root/github/e906-development/src/NewAcceptanceCorrection/RS57/Existing_Vs_Lat
est_Acceptance_Comparison/Compare_Latest_Vs_Existing_LH2_Acceptance_Mass_All_pT
_xF_bin4.pdf, id=2354, 569.12625pt x 552.0625pt>
File: /root/github/e906-development/src/NewAcceptanceCorrection/RS57/Existing_V
s_Latest_Acceptance_Comparison/Compare_Latest_Vs_Existing_LH2_Acceptance_Mass_A
ll_pT_xF_bin4.pdf Graphic file (type pdf)
<use /root/github/e906-development/src/NewAcceptanceCorrection/RS57/Existing_Vs
_Latest_Acceptance_Comparison/Compare_Latest_Vs_Existing_LH2_Acceptance_Mass_Al
l_pT_xF_bin4.pdf>
Package pdftex.def Info: /root/github/e906-development/src/NewAcceptanceCorrect
ion/RS57/Existing_Vs_Latest_Acceptance_Comparison/Compare_Latest_Vs_Existing_LH
2_Acceptance_Mass_All_pT_xF_bin4.pdf  used on input line 409.
(pdftex.def)             Requested size: 216.67201pt x 210.17342pt.
</root/github/e906-development/src/NewAcceptanceCorrection/RS57/Existing_Vs_Lat
est_Acceptance_Comparison/Compare_Latest_Vs_Existing_LD2_Acceptance_Mass_All_pT
_xF_bin4.pdf, id=2355, 569.12625pt x 552.0625pt>
File: /root/github/e906-development/src/NewAcceptanceCorrection/RS57/Existing_V
s_Latest_Acceptance_Comparison/Compare_Latest_Vs_Existing_LD2_Acceptance_Mass_A
ll_pT_xF_bin4.pdf Graphic file (type pdf)
<use /root/github/e906-development/src/NewAcceptanceCorrection/RS57/Existing_Vs
_Latest_Acceptance_Comparison/Compare_Latest_Vs_Existing_LD2_Acceptance_Mass_Al
l_pT_xF_bin4.pdf>
Package pdftex.def Info: /root/github/e906-development/src/NewAcceptanceCorrect
ion/RS57/Existing_Vs_Latest_Acceptance_Comparison/Compare_Latest_Vs_Existing_LD
2_Acceptance_Mass_All_pT_xF_bin4.pdf  used on input line 409.
(pdftex.def)             Requested size: 216.67201pt x 210.17342pt.
 [28

 </root/github/e906-development/src/NewAcceptanceCorrection/RS57/Existing_Vs_La
test_Acceptance_Comparison/Compare_Latest_Vs_Existing_LH2_Acceptance_Mass_All_p
T_xF_bin4.pdf, page is rotated 90 degrees> </root/github/e906-development/src/N
ewAcceptanceCorrection/RS57/Existing_Vs_Latest_Acceptance_Comparison/Compare_La
test_Vs_Existing_LD2_Acceptance_Mass_All_pT_xF_bin4.pdf, page is rotated 90 deg
rees>]
</root/github/e906-development/src/AcceptanceCorrection/acceptance_no_unfolding
_bins//acceptance_overlay_mass_sliced_by_xF_bin5.pdf, id=2449, 569.12625pt x 40
8.52625pt>
File: /root/github/e906-development/src/AcceptanceCorrection/acceptance_no_unfo
lding_bins//acceptance_overlay_mass_sliced_by_xF_bin5.pdf Graphic file (type pd
f)
<use /root/github/e906-development/src/AcceptanceCorrection/acceptance_no_unfol
ding_bins//acceptance_overlay_mass_sliced_by_xF_bin5.pdf>
Package pdftex.def Info: /root/github/e906-development/src/AcceptanceCorrection
/acceptance_no_unfolding_bins//acceptance_overlay_mass_sliced_by_xF_bin5.pdf  u
sed on input line 422.
(pdftex.def)             Requested size: 216.67201pt x 155.52834pt.
</root/github/e906-development/src/NewAcceptanceCorrection/RS57/acceptance_over
lay_mass_sliced_by_xF_bin5.pdf, id=2450, 569.12625pt x 408.52625pt>
File: /root/github/e906-development/src/NewAcceptanceCorrection/RS57/acceptance
_overlay_mass_sliced_by_xF_bin5.pdf Graphic file (type pdf)
<use /root/github/e906-development/src/NewAcceptanceCorrection/RS57/acceptance_
overlay_mass_sliced_by_xF_bin5.pdf>
Package pdftex.def Info: /root/github/e906-development/src/NewAcceptanceCorrect
ion/RS57/acceptance_overlay_mass_sliced_by_xF_bin5.pdf  used on input line 422.

(pdftex.def)             Requested size: 216.67201pt x 155.52834pt.
 [29

 </root/github/e906-development/src/AcceptanceCorrection/acceptance_no_unfoldin
g_bins//acceptance_overlay_mass_sliced_by_xF_bin5.pdf, page is rotated 90 degre
es> </root/github/e906-development/src/NewAcceptanceCorrection/RS57/acceptance_
overlay_mass_sliced_by_xF_bin5.pdf, page is rotated 90 degrees>]
</root/github/e906-development/src/AcceptanceCorrection/acceptance_no_unfolding
_bins//Acceptance_Mass_All_pT_xF_bin5.pdf, id=2544, 569.12625pt x 552.0625pt>
File: /root/github/e906-development/src/AcceptanceCorrection/acceptance_no_unfo
lding_bins//Acceptance_Mass_All_pT_xF_bin5.pdf Graphic file (type pdf)
<use /root/github/e906-development/src/AcceptanceCorrection/acceptance_no_unfol
ding_bins//Acceptance_Mass_All_pT_xF_bin5.pdf>
Package pdftex.def Info: /root/github/e906-development/src/AcceptanceCorrection
/acceptance_no_unfolding_bins//Acceptance_Mass_All_pT_xF_bin5.pdf  used on inpu
t line 435.
(pdftex.def)             Requested size: 216.67201pt x 210.17342pt.
</root/github/e906-development/src/NewAcceptanceCorrection/RS57/Acceptance_Mass
_All_pT_xF_bin5.pdf, id=2545, 569.12625pt x 552.0625pt>
File: /root/github/e906-development/src/NewAcceptanceCorrection/RS57/Acceptance
_Mass_All_pT_xF_bin5.pdf Graphic file (type pdf)
<use /root/github/e906-development/src/NewAcceptanceCorrection/RS57/Acceptance_
Mass_All_pT_xF_bin5.pdf>
Package pdftex.def Info: /root/github/e906-development/src/NewAcceptanceCorrect
ion/RS57/Acceptance_Mass_All_pT_xF_bin5.pdf  used on input line 435.
(pdftex.def)             Requested size: 216.67201pt x 210.17342pt.
 [30

 </root/github/e906-development/src/AcceptanceCorrection/acceptance_no_unfoldin
g_bins//Acceptance_Mass_All_pT_xF_bin5.pdf, page is rotated 90 degrees> </root/
github/e906-development/src/NewAcceptanceCorrection/RS57/Acceptance_Mass_All_pT
_xF_bin5.pdf, page is rotated 90 degrees>]
</root/github/e906-development/src/NewAcceptanceCorrection/RS57/Existing_Vs_Lat
est_Acceptance_Comparison/Compare_Latest_Vs_Existing_LH2_Acceptance_Mass_All_pT
_xF_bin5.pdf, id=2640, 569.12625pt x 552.0625pt>
File: /root/github/e906-development/src/NewAcceptanceCorrection/RS57/Existing_V
s_Latest_Acceptance_Comparison/Compare_Latest_Vs_Existing_LH2_Acceptance_Mass_A
ll_pT_xF_bin5.pdf Graphic file (type pdf)
<use /root/github/e906-development/src/NewAcceptanceCorrection/RS57/Existing_Vs
_Latest_Acceptance_Comparison/Compare_Latest_Vs_Existing_LH2_Acceptance_Mass_Al
l_pT_xF_bin5.pdf>
Package pdftex.def Info: /root/github/e906-development/src/NewAcceptanceCorrect
ion/RS57/Existing_Vs_Latest_Acceptance_Comparison/Compare_Latest_Vs_Existing_LH
2_Acceptance_Mass_All_pT_xF_bin5.pdf  used on input line 448.
(pdftex.def)             Requested size: 216.67201pt x 210.17342pt.
</root/github/e906-development/src/NewAcceptanceCorrection/RS57/Existing_Vs_Lat
est_Acceptance_Comparison/Compare_Latest_Vs_Existing_LD2_Acceptance_Mass_All_pT
_xF_bin5.pdf, id=2641, 569.12625pt x 552.0625pt>
File: /root/github/e906-development/src/NewAcceptanceCorrection/RS57/Existing_V
s_Latest_Acceptance_Comparison/Compare_Latest_Vs_Existing_LD2_Acceptance_Mass_A
ll_pT_xF_bin5.pdf Graphic file (type pdf)
<use /root/github/e906-development/src/NewAcceptanceCorrection/RS57/Existing_Vs
_Latest_Acceptance_Comparison/Compare_Latest_Vs_Existing_LD2_Acceptance_Mass_Al
l_pT_xF_bin5.pdf>
Package pdftex.def Info: /root/github/e906-development/src/NewAcceptanceCorrect
ion/RS57/Existing_Vs_Latest_Acceptance_Comparison/Compare_Latest_Vs_Existing_LD
2_Acceptance_Mass_All_pT_xF_bin5.pdf  used on input line 448.
(pdftex.def)             Requested size: 216.67201pt x 210.17342pt.
 [31

 </root/github/e906-development/src/NewAcceptanceCorrection/RS57/Existing_Vs_La
test_Acceptance_Comparison/Compare_Latest_Vs_Existing_LH2_Acceptance_Mass_All_p
T_xF_bin5.pdf, page is rotated 90 degrees> </root/github/e906-development/src/N
ewAcceptanceCorrection/RS57/Existing_Vs_Latest_Acceptance_Comparison/Compare_La
test_Vs_Existing_LD2_Acceptance_Mass_All_pT_xF_bin5.pdf, page is rotated 90 deg
rees>]
</root/github/e906-development/src/AcceptanceCorrection/acceptance_no_unfolding
_bins//acceptance_overlay_mass_sliced_by_xF_bin6.pdf, id=2736, 569.12625pt x 40
8.52625pt>
File: /root/github/e906-development/src/AcceptanceCorrection/acceptance_no_unfo
lding_bins//acceptance_overlay_mass_sliced_by_xF_bin6.pdf Graphic file (type pd
f)
<use /root/github/e906-development/src/AcceptanceCorrection/acceptance_no_unfol
ding_bins//acceptance_overlay_mass_sliced_by_xF_bin6.pdf>
Package pdftex.def Info: /root/github/e906-development/src/AcceptanceCorrection
/acceptance_no_unfolding_bins//acceptance_overlay_mass_sliced_by_xF_bin6.pdf  u
sed on input line 461.
(pdftex.def)             Requested size: 216.67201pt x 155.52834pt.
</root/github/e906-development/src/NewAcceptanceCorrection/RS57/acceptance_over
lay_mass_sliced_by_xF_bin6.pdf, id=2737, 569.12625pt x 408.52625pt>
File: /root/github/e906-development/src/NewAcceptanceCorrection/RS57/acceptance
_overlay_mass_sliced_by_xF_bin6.pdf Graphic file (type pdf)
<use /root/github/e906-development/src/NewAcceptanceCorrection/RS57/acceptance_
overlay_mass_sliced_by_xF_bin6.pdf>
Package pdftex.def Info: /root/github/e906-development/src/NewAcceptanceCorrect
ion/RS57/acceptance_overlay_mass_sliced_by_xF_bin6.pdf  used on input line 461.

(pdftex.def)             Requested size: 216.67201pt x 155.52834pt.
 [32

 </root/github/e906-development/src/AcceptanceCorrection/acceptance_no_unfoldin
g_bins//acceptance_overlay_mass_sliced_by_xF_bin6.pdf, page is rotated 90 degre
es> </root/github/e906-development/src/NewAcceptanceCorrection/RS57/acceptance_
overlay_mass_sliced_by_xF_bin6.pdf, page is rotated 90 degrees>]
</root/github/e906-development/src/AcceptanceCorrection/acceptance_no_unfolding
_bins//Acceptance_Mass_All_pT_xF_bin6.pdf, id=2832, 569.12625pt x 552.0625pt>
File: /root/github/e906-development/src/AcceptanceCorrection/acceptance_no_unfo
lding_bins//Acceptance_Mass_All_pT_xF_bin6.pdf Graphic file (type pdf)
<use /root/github/e906-development/src/AcceptanceCorrection/acceptance_no_unfol
ding_bins//Acceptance_Mass_All_pT_xF_bin6.pdf>
Package pdftex.def Info: /root/github/e906-development/src/AcceptanceCorrection
/acceptance_no_unfolding_bins//Acceptance_Mass_All_pT_xF_bin6.pdf  used on inpu
t line 474.
(pdftex.def)             Requested size: 216.67201pt x 210.17342pt.
</root/github/e906-development/src/NewAcceptanceCorrection/RS57/Acceptance_Mass
_All_pT_xF_bin6.pdf, id=2833, 569.12625pt x 552.0625pt>
File: /root/github/e906-development/src/NewAcceptanceCorrection/RS57/Acceptance
_Mass_All_pT_xF_bin6.pdf Graphic file (type pdf)
<use /root/github/e906-development/src/NewAcceptanceCorrection/RS57/Acceptance_
Mass_All_pT_xF_bin6.pdf>
Package pdftex.def Info: /root/github/e906-development/src/NewAcceptanceCorrect
ion/RS57/Acceptance_Mass_All_pT_xF_bin6.pdf  used on input line 474.
(pdftex.def)             Requested size: 216.67201pt x 210.17342pt.
 [33

 </root/github/e906-development/src/AcceptanceCorrection/acceptance_no_unfoldin
g_bins//Acceptance_Mass_All_pT_xF_bin6.pdf, page is rotated 90 degrees> </root/
github/e906-development/src/NewAcceptanceCorrection/RS57/Acceptance_Mass_All_pT
_xF_bin6.pdf, page is rotated 90 degrees>]
</root/github/e906-development/src/NewAcceptanceCorrection/RS57/Existing_Vs_Lat
est_Acceptance_Comparison/Compare_Latest_Vs_Existing_LH2_Acceptance_Mass_All_pT
_xF_bin6.pdf, id=2927, 569.12625pt x 552.0625pt>
File: /root/github/e906-development/src/NewAcceptanceCorrection/RS57/Existing_V
s_Latest_Acceptance_Comparison/Compare_Latest_Vs_Existing_LH2_Acceptance_Mass_A
ll_pT_xF_bin6.pdf Graphic file (type pdf)
<use /root/github/e906-development/src/NewAcceptanceCorrection/RS57/Existing_Vs
_Latest_Acceptance_Comparison/Compare_Latest_Vs_Existing_LH2_Acceptance_Mass_Al
l_pT_xF_bin6.pdf>
Package pdftex.def Info: /root/github/e906-development/src/NewAcceptanceCorrect
ion/RS57/Existing_Vs_Latest_Acceptance_Comparison/Compare_Latest_Vs_Existing_LH
2_Acceptance_Mass_All_pT_xF_bin6.pdf  used on input line 487.
(pdftex.def)             Requested size: 216.67201pt x 210.17342pt.
</root/github/e906-development/src/NewAcceptanceCorrection/RS57/Existing_Vs_Lat
est_Acceptance_Comparison/Compare_Latest_Vs_Existing_LD2_Acceptance_Mass_All_pT
_xF_bin6.pdf, id=2928, 569.12625pt x 552.0625pt>
File: /root/github/e906-development/src/NewAcceptanceCorrection/RS57/Existing_V
s_Latest_Acceptance_Comparison/Compare_Latest_Vs_Existing_LD2_Acceptance_Mass_A
ll_pT_xF_bin6.pdf Graphic file (type pdf)
<use /root/github/e906-development/src/NewAcceptanceCorrection/RS57/Existing_Vs
_Latest_Acceptance_Comparison/Compare_Latest_Vs_Existing_LD2_Acceptance_Mass_Al
l_pT_xF_bin6.pdf>
Package pdftex.def Info: /root/github/e906-development/src/NewAcceptanceCorrect
ion/RS57/Existing_Vs_Latest_Acceptance_Comparison/Compare_Latest_Vs_Existing_LD
2_Acceptance_Mass_All_pT_xF_bin6.pdf  used on input line 487.
(pdftex.def)             Requested size: 216.67201pt x 210.17342pt.
 [34

 </root/github/e906-development/src/NewAcceptanceCorrection/RS57/Existing_Vs_La
test_Acceptance_Comparison/Compare_Latest_Vs_Existing_LH2_Acceptance_Mass_All_p
T_xF_bin6.pdf, page is rotated 90 degrees> </root/github/e906-development/src/N
ewAcceptanceCorrection/RS57/Existing_Vs_Latest_Acceptance_Comparison/Compare_La
test_Vs_Existing_LD2_Acceptance_Mass_All_pT_xF_bin6.pdf, page is rotated 90 deg
rees>]
</root/github/e906-development/src/AcceptanceCorrection/acceptance_no_unfolding
_bins//acceptance_overlay_mass_sliced_by_xF_bin7.pdf, id=3023, 569.12625pt x 40
8.52625pt>
File: /root/github/e906-development/src/AcceptanceCorrection/acceptance_no_unfo
lding_bins//acceptance_overlay_mass_sliced_by_xF_bin7.pdf Graphic file (type pd
f)
<use /root/github/e906-development/src/AcceptanceCorrection/acceptance_no_unfol
ding_bins//acceptance_overlay_mass_sliced_by_xF_bin7.pdf>
Package pdftex.def Info: /root/github/e906-development/src/AcceptanceCorrection
/acceptance_no_unfolding_bins//acceptance_overlay_mass_sliced_by_xF_bin7.pdf  u
sed on input line 500.
(pdftex.def)             Requested size: 216.67201pt x 155.52834pt.
</root/github/e906-development/src/NewAcceptanceCorrection/RS57/acceptance_over
lay_mass_sliced_by_xF_bin7.pdf, id=3024, 569.12625pt x 408.52625pt>
File: /root/github/e906-development/src/NewAcceptanceCorrection/RS57/acceptance
_overlay_mass_sliced_by_xF_bin7.pdf Graphic file (type pdf)
<use /root/github/e906-development/src/NewAcceptanceCorrection/RS57/acceptance_
overlay_mass_sliced_by_xF_bin7.pdf>
Package pdftex.def Info: /root/github/e906-development/src/NewAcceptanceCorrect
ion/RS57/acceptance_overlay_mass_sliced_by_xF_bin7.pdf  used on input line 500.

(pdftex.def)             Requested size: 216.67201pt x 155.52834pt.

[35

 </root/github/e906-development/src/AcceptanceCorrection/acceptance_no_unfoldin
g_bins//acceptance_overlay_mass_sliced_by_xF_bin7.pdf, page is rotated 90 degre
es> </root/github/e906-development/src/NewAcceptanceCorrection/RS57/acceptance_
overlay_mass_sliced_by_xF_bin7.pdf, page is rotated 90 degrees>]
</root/github/e906-development/src/AcceptanceCorrection/acceptance_no_unfolding
_bins//Acceptance_Mass_All_pT_xF_bin7.pdf, id=3118, 569.12625pt x 552.0625pt>
File: /root/github/e906-development/src/AcceptanceCorrection/acceptance_no_unfo
lding_bins//Acceptance_Mass_All_pT_xF_bin7.pdf Graphic file (type pdf)
<use /root/github/e906-development/src/AcceptanceCorrection/acceptance_no_unfol
ding_bins//Acceptance_Mass_All_pT_xF_bin7.pdf>
Package pdftex.def Info: /root/github/e906-development/src/AcceptanceCorrection
/acceptance_no_unfolding_bins//Acceptance_Mass_All_pT_xF_bin7.pdf  used on inpu
t line 513.
(pdftex.def)             Requested size: 216.67201pt x 210.17342pt.
</root/github/e906-development/src/NewAcceptanceCorrection/RS57/Acceptance_Mass
_All_pT_xF_bin7.pdf, id=3119, 569.12625pt x 552.0625pt>
File: /root/github/e906-development/src/NewAcceptanceCorrection/RS57/Acceptance
_Mass_All_pT_xF_bin7.pdf Graphic file (type pdf)
<use /root/github/e906-development/src/NewAcceptanceCorrection/RS57/Acceptance_
Mass_All_pT_xF_bin7.pdf>
Package pdftex.def Info: /root/github/e906-development/src/NewAcceptanceCorrect
ion/RS57/Acceptance_Mass_All_pT_xF_bin7.pdf  used on input line 513.
(pdftex.def)             Requested size: 216.67201pt x 210.17342pt.
 [36

 </root/github/e906-development/src/AcceptanceCorrection/acceptance_no_unfoldin
g_bins//Acceptance_Mass_All_pT_xF_bin7.pdf, page is rotated 90 degrees> </root/
github/e906-development/src/NewAcceptanceCorrection/RS57/Acceptance_Mass_All_pT
_xF_bin7.pdf, page is rotated 90 degrees>]
</root/github/e906-development/src/NewAcceptanceCorrection/RS57/Existing_Vs_Lat
est_Acceptance_Comparison/Compare_Latest_Vs_Existing_LH2_Acceptance_Mass_All_pT
_xF_bin7.pdf, id=3213, 569.12625pt x 552.0625pt>
File: /root/github/e906-development/src/NewAcceptanceCorrection/RS57/Existing_V
s_Latest_Acceptance_Comparison/Compare_Latest_Vs_Existing_LH2_Acceptance_Mass_A
ll_pT_xF_bin7.pdf Graphic file (type pdf)
<use /root/github/e906-development/src/NewAcceptanceCorrection/RS57/Existing_Vs
_Latest_Acceptance_Comparison/Compare_Latest_Vs_Existing_LH2_Acceptance_Mass_Al
l_pT_xF_bin7.pdf>
Package pdftex.def Info: /root/github/e906-development/src/NewAcceptanceCorrect
ion/RS57/Existing_Vs_Latest_Acceptance_Comparison/Compare_Latest_Vs_Existing_LH
2_Acceptance_Mass_All_pT_xF_bin7.pdf  used on input line 526.
(pdftex.def)             Requested size: 216.67201pt x 210.17342pt.
</root/github/e906-development/src/NewAcceptanceCorrection/RS57/Existing_Vs_Lat
est_Acceptance_Comparison/Compare_Latest_Vs_Existing_LD2_Acceptance_Mass_All_pT
_xF_bin7.pdf, id=3214, 569.12625pt x 552.0625pt>
File: /root/github/e906-development/src/NewAcceptanceCorrection/RS57/Existing_V
s_Latest_Acceptance_Comparison/Compare_Latest_Vs_Existing_LD2_Acceptance_Mass_A
ll_pT_xF_bin7.pdf Graphic file (type pdf)
<use /root/github/e906-development/src/NewAcceptanceCorrection/RS57/Existing_Vs
_Latest_Acceptance_Comparison/Compare_Latest_Vs_Existing_LD2_Acceptance_Mass_Al
l_pT_xF_bin7.pdf>
Package pdftex.def Info: /root/github/e906-development/src/NewAcceptanceCorrect
ion/RS57/Existing_Vs_Latest_Acceptance_Comparison/Compare_Latest_Vs_Existing_LD
2_Acceptance_Mass_All_pT_xF_bin7.pdf  used on input line 526.
(pdftex.def)             Requested size: 216.67201pt x 210.17342pt.
 [37

 </root/github/e906-development/src/NewAcceptanceCorrection/RS57/Existing_Vs_La
test_Acceptance_Comparison/Compare_Latest_Vs_Existing_LH2_Acceptance_Mass_All_p
T_xF_bin7.pdf, page is rotated 90 degrees> </root/github/e906-development/src/N
ewAcceptanceCorrection/RS57/Existing_Vs_Latest_Acceptance_Comparison/Compare_La
test_Vs_Existing_LD2_Acceptance_Mass_All_pT_xF_bin7.pdf, page is rotated 90 deg
rees>]
</root/github/e906-development/src/AcceptanceCorrection/acceptance_no_unfolding
_bins//acceptance_overlay_mass_sliced_by_xF_bin8.pdf, id=3310, 569.12625pt x 40
8.52625pt>
File: /root/github/e906-development/src/AcceptanceCorrection/acceptance_no_unfo
lding_bins//acceptance_overlay_mass_sliced_by_xF_bin8.pdf Graphic file (type pd
f)
<use /root/github/e906-development/src/AcceptanceCorrection/acceptance_no_unfol
ding_bins//acceptance_overlay_mass_sliced_by_xF_bin8.pdf>
Package pdftex.def Info: /root/github/e906-development/src/AcceptanceCorrection
/acceptance_no_unfolding_bins//acceptance_overlay_mass_sliced_by_xF_bin8.pdf  u
sed on input line 539.
(pdftex.def)             Requested size: 216.67201pt x 155.52834pt.
</root/github/e906-development/src/NewAcceptanceCorrection/RS57/acceptance_over
lay_mass_sliced_by_xF_bin8.pdf, id=3311, 569.12625pt x 408.52625pt>
File: /root/github/e906-development/src/NewAcceptanceCorrection/RS57/acceptance
_overlay_mass_sliced_by_xF_bin8.pdf Graphic file (type pdf)
<use /root/github/e906-development/src/NewAcceptanceCorrection/RS57/acceptance_
overlay_mass_sliced_by_xF_bin8.pdf>
Package pdftex.def Info: /root/github/e906-development/src/NewAcceptanceCorrect
ion/RS57/acceptance_overlay_mass_sliced_by_xF_bin8.pdf  used on input line 539.

(pdftex.def)             Requested size: 216.67201pt x 155.52834pt.
 [38

 </root/github/e906-development/src/AcceptanceCorrection/acceptance_no_unfoldin
g_bins//acceptance_overlay_mass_sliced_by_xF_bin8.pdf, page is rotated 90 degre
es> </root/github/e906-development/src/NewAcceptanceCorrection/RS57/acceptance_
overlay_mass_sliced_by_xF_bin8.pdf, page is rotated 90 degrees>]
</root/github/e906-development/src/AcceptanceCorrection/acceptance_no_unfolding
_bins//Acceptance_Mass_All_pT_xF_bin8.pdf, id=3405, 569.12625pt x 552.0625pt>
File: /root/github/e906-development/src/AcceptanceCorrection/acceptance_no_unfo
lding_bins//Acceptance_Mass_All_pT_xF_bin8.pdf Graphic file (type pdf)
<use /root/github/e906-development/src/AcceptanceCorrection/acceptance_no_unfol
ding_bins//Acceptance_Mass_All_pT_xF_bin8.pdf>
Package pdftex.def Info: /root/github/e906-development/src/AcceptanceCorrection
/acceptance_no_unfolding_bins//Acceptance_Mass_All_pT_xF_bin8.pdf  used on inpu
t line 552.
(pdftex.def)             Requested size: 216.67201pt x 210.17342pt.
</root/github/e906-development/src/NewAcceptanceCorrection/RS57/Acceptance_Mass
_All_pT_xF_bin8.pdf, id=3406, 569.12625pt x 552.0625pt>
File: /root/github/e906-development/src/NewAcceptanceCorrection/RS57/Acceptance
_Mass_All_pT_xF_bin8.pdf Graphic file (type pdf)
<use /root/github/e906-development/src/NewAcceptanceCorrection/RS57/Acceptance_
Mass_All_pT_xF_bin8.pdf>
Package pdftex.def Info: /root/github/e906-development/src/NewAcceptanceCorrect
ion/RS57/Acceptance_Mass_All_pT_xF_bin8.pdf  used on input line 552.
(pdftex.def)             Requested size: 216.67201pt x 210.17342pt.
 [39

 </root/github/e906-development/src/AcceptanceCorrection/acceptance_no_unfoldin
g_bins//Acceptance_Mass_All_pT_xF_bin8.pdf, page is rotated 90 degrees> </root/
github/e906-development/src/NewAcceptanceCorrection/RS57/Acceptance_Mass_All_pT
_xF_bin8.pdf, page is rotated 90 degrees>]
</root/github/e906-development/src/NewAcceptanceCorrection/RS57/Existing_Vs_Lat
est_Acceptance_Comparison/Compare_Latest_Vs_Existing_LH2_Acceptance_Mass_All_pT
_xF_bin8.pdf, id=3501, 569.12625pt x 552.0625pt>
File: /root/github/e906-development/src/NewAcceptanceCorrection/RS57/Existing_V
s_Latest_Acceptance_Comparison/Compare_Latest_Vs_Existing_LH2_Acceptance_Mass_A
ll_pT_xF_bin8.pdf Graphic file (type pdf)
<use /root/github/e906-development/src/NewAcceptanceCorrection/RS57/Existing_Vs
_Latest_Acceptance_Comparison/Compare_Latest_Vs_Existing_LH2_Acceptance_Mass_Al
l_pT_xF_bin8.pdf>
Package pdftex.def Info: /root/github/e906-development/src/NewAcceptanceCorrect
ion/RS57/Existing_Vs_Latest_Acceptance_Comparison/Compare_Latest_Vs_Existing_LH
2_Acceptance_Mass_All_pT_xF_bin8.pdf  used on input line 565.
(pdftex.def)             Requested size: 216.67201pt x 210.17342pt.
</root/github/e906-development/src/NewAcceptanceCorrection/RS57/Existing_Vs_Lat
est_Acceptance_Comparison/Compare_Latest_Vs_Existing_LD2_Acceptance_Mass_All_pT
_xF_bin8.pdf, id=3502, 569.12625pt x 552.0625pt>
File: /root/github/e906-development/src/NewAcceptanceCorrection/RS57/Existing_V
s_Latest_Acceptance_Comparison/Compare_Latest_Vs_Existing_LD2_Acceptance_Mass_A
ll_pT_xF_bin8.pdf Graphic file (type pdf)
<use /root/github/e906-development/src/NewAcceptanceCorrection/RS57/Existing_Vs
_Latest_Acceptance_Comparison/Compare_Latest_Vs_Existing_LD2_Acceptance_Mass_Al
l_pT_xF_bin8.pdf>
Package pdftex.def Info: /root/github/e906-development/src/NewAcceptanceCorrect
ion/RS57/Existing_Vs_Latest_Acceptance_Comparison/Compare_Latest_Vs_Existing_LD
2_Acceptance_Mass_All_pT_xF_bin8.pdf  used on input line 565.
(pdftex.def)             Requested size: 216.67201pt x 210.17342pt.
[40

 </root/github/e906-development/src/NewAcceptanceCorrection/RS57/Existing_Vs_La
test_Acceptance_Comparison/Compare_Latest_Vs_Existing_LH2_Acceptance_Mass_All_p
T_xF_bin8.pdf, page is rotated 90 degrees> </root/github/e906-development/src/N
ewAcceptanceCorrection/RS57/Existing_Vs_Latest_Acceptance_Comparison/Compare_La
test_Vs_Existing_LD2_Acceptance_Mass_All_pT_xF_bin8.pdf, page is rotated 90 deg
rees>]
</root/github/e906-development/src/AcceptanceCorrection/acceptance_no_unfolding
_bins//acceptance_overlay_mass_sliced_by_xF_bin9.pdf, id=3596, 569.12625pt x 40
8.52625pt>
File: /root/github/e906-development/src/AcceptanceCorrection/acceptance_no_unfo
lding_bins//acceptance_overlay_mass_sliced_by_xF_bin9.pdf Graphic file (type pd
f)
<use /root/github/e906-development/src/AcceptanceCorrection/acceptance_no_unfol
ding_bins//acceptance_overlay_mass_sliced_by_xF_bin9.pdf>
Package pdftex.def Info: /root/github/e906-development/src/AcceptanceCorrection
/acceptance_no_unfolding_bins//acceptance_overlay_mass_sliced_by_xF_bin9.pdf  u
sed on input line 578.
(pdftex.def)             Requested size: 216.67201pt x 155.52834pt.
</root/github/e906-development/src/NewAcceptanceCorrection/RS57/acceptance_over
lay_mass_sliced_by_xF_bin9.pdf, id=3597, 569.12625pt x 408.52625pt>
File: /root/github/e906-development/src/NewAcceptanceCorrection/RS57/acceptance
_overlay_mass_sliced_by_xF_bin9.pdf Graphic file (type pdf)
<use /root/github/e906-development/src/NewAcceptanceCorrection/RS57/acceptance_
overlay_mass_sliced_by_xF_bin9.pdf>
Package pdftex.def Info: /root/github/e906-development/src/NewAcceptanceCorrect
ion/RS57/acceptance_overlay_mass_sliced_by_xF_bin9.pdf  used on input line 578.

(pdftex.def)             Requested size: 216.67201pt x 155.52834pt.
 [41

 </root/github/e906-development/src/AcceptanceCorrection/acceptance_no_unfoldin
g_bins//acceptance_overlay_mass_sliced_by_xF_bin9.pdf, page is rotated 90 degre
es> </root/github/e906-development/src/NewAcceptanceCorrection/RS57/acceptance_
overlay_mass_sliced_by_xF_bin9.pdf, page is rotated 90 degrees>]
</root/github/e906-development/src/AcceptanceCorrection/acceptance_no_unfolding
_bins//Acceptance_Mass_All_pT_xF_bin9.pdf, id=3691, 569.12625pt x 552.0625pt>
File: /root/github/e906-development/src/AcceptanceCorrection/acceptance_no_unfo
lding_bins//Acceptance_Mass_All_pT_xF_bin9.pdf Graphic file (type pdf)
<use /root/github/e906-development/src/AcceptanceCorrection/acceptance_no_unfol
ding_bins//Acceptance_Mass_All_pT_xF_bin9.pdf>
Package pdftex.def Info: /root/github/e906-development/src/AcceptanceCorrection
/acceptance_no_unfolding_bins//Acceptance_Mass_All_pT_xF_bin9.pdf  used on inpu
t line 591.
(pdftex.def)             Requested size: 216.67201pt x 210.17342pt.
</root/github/e906-development/src/NewAcceptanceCorrection/RS57/Acceptance_Mass
_All_pT_xF_bin9.pdf, id=3692, 569.12625pt x 552.0625pt>
File: /root/github/e906-development/src/NewAcceptanceCorrection/RS57/Acceptance
_Mass_All_pT_xF_bin9.pdf Graphic file (type pdf)
<use /root/github/e906-development/src/NewAcceptanceCorrection/RS57/Acceptance_
Mass_All_pT_xF_bin9.pdf>
Package pdftex.def Info: /root/github/e906-development/src/NewAcceptanceCorrect
ion/RS57/Acceptance_Mass_All_pT_xF_bin9.pdf  used on input line 591.
(pdftex.def)             Requested size: 216.67201pt x 210.17342pt.

[42

 </root/github/e906-development/src/AcceptanceCorrection/acceptance_no_unfoldin
g_bins//Acceptance_Mass_All_pT_xF_bin9.pdf, page is rotated 90 degrees> </root/
github/e906-development/src/NewAcceptanceCorrection/RS57/Acceptance_Mass_All_pT
_xF_bin9.pdf, page is rotated 90 degrees>]
</root/github/e906-development/src/NewAcceptanceCorrection/RS57/Existing_Vs_Lat
est_Acceptance_Comparison/Compare_Latest_Vs_Existing_LH2_Acceptance_Mass_All_pT
_xF_bin9.pdf, id=3787, 569.12625pt x 552.0625pt>
File: /root/github/e906-development/src/NewAcceptanceCorrection/RS57/Existing_V
s_Latest_Acceptance_Comparison/Compare_Latest_Vs_Existing_LH2_Acceptance_Mass_A
ll_pT_xF_bin9.pdf Graphic file (type pdf)
<use /root/github/e906-development/src/NewAcceptanceCorrection/RS57/Existing_Vs
_Latest_Acceptance_Comparison/Compare_Latest_Vs_Existing_LH2_Acceptance_Mass_Al
l_pT_xF_bin9.pdf>
Package pdftex.def Info: /root/github/e906-development/src/NewAcceptanceCorrect
ion/RS57/Existing_Vs_Latest_Acceptance_Comparison/Compare_Latest_Vs_Existing_LH
2_Acceptance_Mass_All_pT_xF_bin9.pdf  used on input line 604.
(pdftex.def)             Requested size: 216.67201pt x 210.17342pt.
</root/github/e906-development/src/NewAcceptanceCorrection/RS57/Existing_Vs_Lat
est_Acceptance_Comparison/Compare_Latest_Vs_Existing_LD2_Acceptance_Mass_All_pT
_xF_bin9.pdf, id=3788, 569.12625pt x 552.0625pt>
File: /root/github/e906-development/src/NewAcceptanceCorrection/RS57/Existing_V
s_Latest_Acceptance_Comparison/Compare_Latest_Vs_Existing_LD2_Acceptance_Mass_A
ll_pT_xF_bin9.pdf Graphic file (type pdf)
<use /root/github/e906-development/src/NewAcceptanceCorrection/RS57/Existing_Vs
_Latest_Acceptance_Comparison/Compare_Latest_Vs_Existing_LD2_Acceptance_Mass_Al
l_pT_xF_bin9.pdf>
Package pdftex.def Info: /root/github/e906-development/src/NewAcceptanceCorrect
ion/RS57/Existing_Vs_Latest_Acceptance_Comparison/Compare_Latest_Vs_Existing_LD
2_Acceptance_Mass_All_pT_xF_bin9.pdf  used on input line 604.
(pdftex.def)             Requested size: 216.67201pt x 210.17342pt.
 [43

 </root/github/e906-development/src/NewAcceptanceCorrection/RS57/Existing_Vs_La
test_Acceptance_Comparison/Compare_Latest_Vs_Existing_LH2_Acceptance_Mass_All_p
T_xF_bin9.pdf, page is rotated 90 degrees> </root/github/e906-development/src/N
ewAcceptanceCorrection/RS57/Existing_Vs_Latest_Acceptance_Comparison/Compare_La
test_Vs_Existing_LD2_Acceptance_Mass_All_pT_xF_bin9.pdf, page is rotated 90 deg
rees>]
</root/github/e906-development/src/AcceptanceCorrection/acceptance_no_unfolding
_bins//acceptance_overlay_mass_sliced_by_xF_bin10.pdf, id=3883, 569.12625pt x 4
08.52625pt>
File: /root/github/e906-development/src/AcceptanceCorrection/acceptance_no_unfo
lding_bins//acceptance_overlay_mass_sliced_by_xF_bin10.pdf Graphic file (type p
df)
<use /root/github/e906-development/src/AcceptanceCorrection/acceptance_no_unfol
ding_bins//acceptance_overlay_mass_sliced_by_xF_bin10.pdf>
Package pdftex.def Info: /root/github/e906-development/src/AcceptanceCorrection
/acceptance_no_unfolding_bins//acceptance_overlay_mass_sliced_by_xF_bin10.pdf  
used on input line 617.
(pdftex.def)             Requested size: 216.67201pt x 155.52834pt.
</root/github/e906-development/src/NewAcceptanceCorrection/RS57/acceptance_over
lay_mass_sliced_by_xF_bin10.pdf, id=3884, 569.12625pt x 408.52625pt>
File: /root/github/e906-development/src/NewAcceptanceCorrection/RS57/acceptance
_overlay_mass_sliced_by_xF_bin10.pdf Graphic file (type pdf)
<use /root/github/e906-development/src/NewAcceptanceCorrection/RS57/acceptance_
overlay_mass_sliced_by_xF_bin10.pdf>
Package pdftex.def Info: /root/github/e906-development/src/NewAcceptanceCorrect
ion/RS57/acceptance_overlay_mass_sliced_by_xF_bin10.pdf  used on input line 617
.
(pdftex.def)             Requested size: 216.67201pt x 155.52834pt.
 [44

 </root/github/e906-development/src/AcceptanceCorrection/acceptance_no_unfoldin
g_bins//acceptance_overlay_mass_sliced_by_xF_bin10.pdf, page is rotated 90 degr
ees> </root/github/e906-development/src/NewAcceptanceCorrection/RS57/acceptance
_overlay_mass_sliced_by_xF_bin10.pdf, page is rotated 90 degrees>]
</root/github/e906-development/src/AcceptanceCorrection/acceptance_no_unfolding
_bins//Acceptance_Mass_All_pT_xF_bin10.pdf, id=3979, 569.12625pt x 552.0625pt>
File: /root/github/e906-development/src/AcceptanceCorrection/acceptance_no_unfo
lding_bins//Acceptance_Mass_All_pT_xF_bin10.pdf Graphic file (type pdf)
<use /root/github/e906-development/src/AcceptanceCorrection/acceptance_no_unfol
ding_bins//Acceptance_Mass_All_pT_xF_bin10.pdf>
Package pdftex.def Info: /root/github/e906-development/src/AcceptanceCorrection
/acceptance_no_unfolding_bins//Acceptance_Mass_All_pT_xF_bin10.pdf  used on inp
ut line 630.
(pdftex.def)             Requested size: 216.67201pt x 210.17342pt.
</root/github/e906-development/src/NewAcceptanceCorrection/RS57/Acceptance_Mass
_All_pT_xF_bin10.pdf, id=3980, 569.12625pt x 552.0625pt>
File: /root/github/e906-development/src/NewAcceptanceCorrection/RS57/Acceptance
_Mass_All_pT_xF_bin10.pdf Graphic file (type pdf)
<use /root/github/e906-development/src/NewAcceptanceCorrection/RS57/Acceptance_
Mass_All_pT_xF_bin10.pdf>
Package pdftex.def Info: /root/github/e906-development/src/NewAcceptanceCorrect
ion/RS57/Acceptance_Mass_All_pT_xF_bin10.pdf  used on input line 630.
(pdftex.def)             Requested size: 216.67201pt x 210.17342pt.
 [45

 </root/github/e906-development/src/AcceptanceCorrection/acceptance_no_unfoldin
g_bins//Acceptance_Mass_All_pT_xF_bin10.pdf, page is rotated 90 degrees> </root
/github/e906-development/src/NewAcceptanceCorrection/RS57/Acceptance_Mass_All_p
T_xF_bin10.pdf, page is rotated 90 degrees>]
</root/github/e906-development/src/NewAcceptanceCorrection/RS57/Existing_Vs_Lat
est_Acceptance_Comparison/Compare_Latest_Vs_Existing_LH2_Acceptance_Mass_All_pT
_xF_bin10.pdf, id=4074, 569.12625pt x 552.0625pt>
File: /root/github/e906-development/src/NewAcceptanceCorrection/RS57/Existing_V
s_Latest_Acceptance_Comparison/Compare_Latest_Vs_Existing_LH2_Acceptance_Mass_A
ll_pT_xF_bin10.pdf Graphic file (type pdf)
<use /root/github/e906-development/src/NewAcceptanceCorrection/RS57/Existing_Vs
_Latest_Acceptance_Comparison/Compare_Latest_Vs_Existing_LH2_Acceptance_Mass_Al
l_pT_xF_bin10.pdf>
Package pdftex.def Info: /root/github/e906-development/src/NewAcceptanceCorrect
ion/RS57/Existing_Vs_Latest_Acceptance_Comparison/Compare_Latest_Vs_Existing_LH
2_Acceptance_Mass_All_pT_xF_bin10.pdf  used on input line 643.
(pdftex.def)             Requested size: 216.67201pt x 210.17342pt.
</root/github/e906-development/src/NewAcceptanceCorrection/RS57/Existing_Vs_Lat
est_Acceptance_Comparison/Compare_Latest_Vs_Existing_LD2_Acceptance_Mass_All_pT
_xF_bin10.pdf, id=4075, 569.12625pt x 552.0625pt>
File: /root/github/e906-development/src/NewAcceptanceCorrection/RS57/Existing_V
s_Latest_Acceptance_Comparison/Compare_Latest_Vs_Existing_LD2_Acceptance_Mass_A
ll_pT_xF_bin10.pdf Graphic file (type pdf)
<use /root/github/e906-development/src/NewAcceptanceCorrection/RS57/Existing_Vs
_Latest_Acceptance_Comparison/Compare_Latest_Vs_Existing_LD2_Acceptance_Mass_Al
l_pT_xF_bin10.pdf>
Package pdftex.def Info: /root/github/e906-development/src/NewAcceptanceCorrect
ion/RS57/Existing_Vs_Latest_Acceptance_Comparison/Compare_Latest_Vs_Existing_LD
2_Acceptance_Mass_All_pT_xF_bin10.pdf  used on input line 643.
(pdftex.def)             Requested size: 216.67201pt x 210.17342pt.
 [46

 </root/github/e906-development/src/NewAcceptanceCorrection/RS57/Existing_Vs_La
test_Acceptance_Comparison/Compare_Latest_Vs_Existing_LH2_Acceptance_Mass_All_p
T_xF_bin10.pdf, page is rotated 90 degrees> </root/github/e906-development/src/
NewAcceptanceCorrection/RS57/Existing_Vs_Latest_Acceptance_Comparison/Compare_L
atest_Vs_Existing_LD2_Acceptance_Mass_All_pT_xF_bin10.pdf, page is rotated 90 d
egrees>]
</root/github/e906-development/src/AcceptanceCorrection/acceptance_no_unfolding
_bins//acceptance_overlay_mass_sliced_by_xF_bin11.pdf, id=4169, 569.12625pt x 4
08.52625pt>
File: /root/github/e906-development/src/AcceptanceCorrection/acceptance_no_unfo
lding_bins//acceptance_overlay_mass_sliced_by_xF_bin11.pdf Graphic file (type p
df)
<use /root/github/e906-development/src/AcceptanceCorrection/acceptance_no_unfol
ding_bins//acceptance_overlay_mass_sliced_by_xF_bin11.pdf>
Package pdftex.def Info: /root/github/e906-development/src/AcceptanceCorrection
/acceptance_no_unfolding_bins//acceptance_overlay_mass_sliced_by_xF_bin11.pdf  
used on input line 656.
(pdftex.def)             Requested size: 216.67201pt x 155.52834pt.
</root/github/e906-development/src/NewAcceptanceCorrection/RS57/acceptance_over
lay_mass_sliced_by_xF_bin11.pdf, id=4170, 569.12625pt x 408.52625pt>
File: /root/github/e906-development/src/NewAcceptanceCorrection/RS57/acceptance
_overlay_mass_sliced_by_xF_bin11.pdf Graphic file (type pdf)
<use /root/github/e906-development/src/NewAcceptanceCorrection/RS57/acceptance_
overlay_mass_sliced_by_xF_bin11.pdf>
Package pdftex.def Info: /root/github/e906-development/src/NewAcceptanceCorrect
ion/RS57/acceptance_overlay_mass_sliced_by_xF_bin11.pdf  used on input line 656
.
(pdftex.def)             Requested size: 216.67201pt x 155.52834pt.
 [47

 </root/github/e906-development/src/AcceptanceCorrection/acceptance_no_unfoldin
g_bins//acceptance_overlay_mass_sliced_by_xF_bin11.pdf, page is rotated 90 degr
ees> </root/github/e906-development/src/NewAcceptanceCorrection/RS57/acceptance
_overlay_mass_sliced_by_xF_bin11.pdf, page is rotated 90 degrees>]
</root/github/e906-development/src/AcceptanceCorrection/acceptance_no_unfolding
_bins//Acceptance_Mass_All_pT_xF_bin11.pdf, id=4265, 569.12625pt x 552.0625pt>
File: /root/github/e906-development/src/AcceptanceCorrection/acceptance_no_unfo
lding_bins//Acceptance_Mass_All_pT_xF_bin11.pdf Graphic file (type pdf)
<use /root/github/e906-development/src/AcceptanceCorrection/acceptance_no_unfol
ding_bins//Acceptance_Mass_All_pT_xF_bin11.pdf>
Package pdftex.def Info: /root/github/e906-development/src/AcceptanceCorrection
/acceptance_no_unfolding_bins//Acceptance_Mass_All_pT_xF_bin11.pdf  used on inp
ut line 669.
(pdftex.def)             Requested size: 216.67201pt x 210.17342pt.
</root/github/e906-development/src/NewAcceptanceCorrection/RS57/Acceptance_Mass
_All_pT_xF_bin11.pdf, id=4266, 569.12625pt x 552.0625pt>
File: /root/github/e906-development/src/NewAcceptanceCorrection/RS57/Acceptance
_Mass_All_pT_xF_bin11.pdf Graphic file (type pdf)
<use /root/github/e906-development/src/NewAcceptanceCorrection/RS57/Acceptance_
Mass_All_pT_xF_bin11.pdf>
Package pdftex.def Info: /root/github/e906-development/src/NewAcceptanceCorrect
ion/RS57/Acceptance_Mass_All_pT_xF_bin11.pdf  used on input line 669.
(pdftex.def)             Requested size: 216.67201pt x 210.17342pt.
 [48

 </root/github/e906-development/src/AcceptanceCorrection/acceptance_no_unfoldin
g_bins//Acceptance_Mass_All_pT_xF_bin11.pdf, page is rotated 90 degrees> </root
/github/e906-development/src/NewAcceptanceCorrection/RS57/Acceptance_Mass_All_p
T_xF_bin11.pdf, page is rotated 90 degrees>]
</root/github/e906-development/src/NewAcceptanceCorrection/RS57/Existing_Vs_Lat
est_Acceptance_Comparison/Compare_Latest_Vs_Existing_LH2_Acceptance_Mass_All_pT
_xF_bin11.pdf, id=4360, 569.12625pt x 552.0625pt>
File: /root/github/e906-development/src/NewAcceptanceCorrection/RS57/Existing_V
s_Latest_Acceptance_Comparison/Compare_Latest_Vs_Existing_LH2_Acceptance_Mass_A
ll_pT_xF_bin11.pdf Graphic file (type pdf)
<use /root/github/e906-development/src/NewAcceptanceCorrection/RS57/Existing_Vs
_Latest_Acceptance_Comparison/Compare_Latest_Vs_Existing_LH2_Acceptance_Mass_Al
l_pT_xF_bin11.pdf>
Package pdftex.def Info: /root/github/e906-development/src/NewAcceptanceCorrect
ion/RS57/Existing_Vs_Latest_Acceptance_Comparison/Compare_Latest_Vs_Existing_LH
2_Acceptance_Mass_All_pT_xF_bin11.pdf  used on input line 682.
(pdftex.def)             Requested size: 216.67201pt x 210.17342pt.
</root/github/e906-development/src/NewAcceptanceCorrection/RS57/Existing_Vs_Lat
est_Acceptance_Comparison/Compare_Latest_Vs_Existing_LD2_Acceptance_Mass_All_pT
_xF_bin11.pdf, id=4361, 569.12625pt x 552.0625pt>
File: /root/github/e906-development/src/NewAcceptanceCorrection/RS57/Existing_V
s_Latest_Acceptance_Comparison/Compare_Latest_Vs_Existing_LD2_Acceptance_Mass_A
ll_pT_xF_bin11.pdf Graphic file (type pdf)
<use /root/github/e906-development/src/NewAcceptanceCorrection/RS57/Existing_Vs
_Latest_Acceptance_Comparison/Compare_Latest_Vs_Existing_LD2_Acceptance_Mass_Al
l_pT_xF_bin11.pdf>
Package pdftex.def Info: /root/github/e906-development/src/NewAcceptanceCorrect
ion/RS57/Existing_Vs_Latest_Acceptance_Comparison/Compare_Latest_Vs_Existing_LD
2_Acceptance_Mass_All_pT_xF_bin11.pdf  used on input line 682.
(pdftex.def)             Requested size: 216.67201pt x 210.17342pt.
 [49

 </root/github/e906-development/src/NewAcceptanceCorrection/RS57/Existing_Vs_La
test_Acceptance_Comparison/Compare_Latest_Vs_Existing_LH2_Acceptance_Mass_All_p
T_xF_bin11.pdf, page is rotated 90 degrees> </root/github/e906-development/src/
NewAcceptanceCorrection/RS57/Existing_Vs_Latest_Acceptance_Comparison/Compare_L
atest_Vs_Existing_LD2_Acceptance_Mass_All_pT_xF_bin11.pdf, page is rotated 90 d
egrees>]
</root/github/e906-development/src/AcceptanceCorrection/acceptance_no_unfolding
_bins//acceptance_overlay_mass_sliced_by_xF_bin12.pdf, id=4457, 569.12625pt x 4
08.52625pt>
File: /root/github/e906-development/src/AcceptanceCorrection/acceptance_no_unfo
lding_bins//acceptance_overlay_mass_sliced_by_xF_bin12.pdf Graphic file (type p
df)
<use /root/github/e906-development/src/AcceptanceCorrection/acceptance_no_unfol
ding_bins//acceptance_overlay_mass_sliced_by_xF_bin12.pdf>
Package pdftex.def Info: /root/github/e906-development/src/AcceptanceCorrection
/acceptance_no_unfolding_bins//acceptance_overlay_mass_sliced_by_xF_bin12.pdf  
used on input line 695.
(pdftex.def)             Requested size: 216.67201pt x 155.52834pt.
</root/github/e906-development/src/NewAcceptanceCorrection/RS57/acceptance_over
lay_mass_sliced_by_xF_bin12.pdf, id=4458, 569.12625pt x 408.52625pt>
File: /root/github/e906-development/src/NewAcceptanceCorrection/RS57/acceptance
_overlay_mass_sliced_by_xF_bin12.pdf Graphic file (type pdf)
<use /root/github/e906-development/src/NewAcceptanceCorrection/RS57/acceptance_
overlay_mass_sliced_by_xF_bin12.pdf>
Package pdftex.def Info: /root/github/e906-development/src/NewAcceptanceCorrect
ion/RS57/acceptance_overlay_mass_sliced_by_xF_bin12.pdf  used on input line 695
.
(pdftex.def)             Requested size: 216.67201pt x 155.52834pt.

[50

 </root/github/e906-development/src/AcceptanceCorrection/acceptance_no_unfoldin
g_bins//acceptance_overlay_mass_sliced_by_xF_bin12.pdf, page is rotated 90 degr
ees> </root/github/e906-development/src/NewAcceptanceCorrection/RS57/acceptance
_overlay_mass_sliced_by_xF_bin12.pdf, page is rotated 90 degrees>]
</root/github/e906-development/src/AcceptanceCorrection/acceptance_no_unfolding
_bins//Acceptance_Mass_All_pT_xF_bin12.pdf, id=4552, 569.12625pt x 552.0625pt>
File: /root/github/e906-development/src/AcceptanceCorrection/acceptance_no_unfo
lding_bins//Acceptance_Mass_All_pT_xF_bin12.pdf Graphic file (type pdf)
<use /root/github/e906-development/src/AcceptanceCorrection/acceptance_no_unfol
ding_bins//Acceptance_Mass_All_pT_xF_bin12.pdf>
Package pdftex.def Info: /root/github/e906-development/src/AcceptanceCorrection
/acceptance_no_unfolding_bins//Acceptance_Mass_All_pT_xF_bin12.pdf  used on inp
ut line 708.
(pdftex.def)             Requested size: 216.67201pt x 210.17342pt.
</root/github/e906-development/src/NewAcceptanceCorrection/RS57/Acceptance_Mass
_All_pT_xF_bin12.pdf, id=4553, 569.12625pt x 552.0625pt>
File: /root/github/e906-development/src/NewAcceptanceCorrection/RS57/Acceptance
_Mass_All_pT_xF_bin12.pdf Graphic file (type pdf)
<use /root/github/e906-development/src/NewAcceptanceCorrection/RS57/Acceptance_
Mass_All_pT_xF_bin12.pdf>
Package pdftex.def Info: /root/github/e906-development/src/NewAcceptanceCorrect
ion/RS57/Acceptance_Mass_All_pT_xF_bin12.pdf  used on input line 708.
(pdftex.def)             Requested size: 216.67201pt x 210.17342pt.
 [51

 </root/github/e906-development/src/AcceptanceCorrection/acceptance_no_unfoldin
g_bins//Acceptance_Mass_All_pT_xF_bin12.pdf, page is rotated 90 degrees> </root
/github/e906-development/src/NewAcceptanceCorrection/RS57/Acceptance_Mass_All_p
T_xF_bin12.pdf, page is rotated 90 degrees>]
</root/github/e906-development/src/NewAcceptanceCorrection/RS57/Existing_Vs_Lat
est_Acceptance_Comparison/Compare_Latest_Vs_Existing_LH2_Acceptance_Mass_All_pT
_xF_bin12.pdf, id=4648, 569.12625pt x 552.0625pt>
File: /root/github/e906-development/src/NewAcceptanceCorrection/RS57/Existing_V
s_Latest_Acceptance_Comparison/Compare_Latest_Vs_Existing_LH2_Acceptance_Mass_A
ll_pT_xF_bin12.pdf Graphic file (type pdf)
<use /root/github/e906-development/src/NewAcceptanceCorrection/RS57/Existing_Vs
_Latest_Acceptance_Comparison/Compare_Latest_Vs_Existing_LH2_Acceptance_Mass_Al
l_pT_xF_bin12.pdf>
Package pdftex.def Info: /root/github/e906-development/src/NewAcceptanceCorrect
ion/RS57/Existing_Vs_Latest_Acceptance_Comparison/Compare_Latest_Vs_Existing_LH
2_Acceptance_Mass_All_pT_xF_bin12.pdf  used on input line 721.
(pdftex.def)             Requested size: 216.67201pt x 210.17342pt.
</root/github/e906-development/src/NewAcceptanceCorrection/RS57/Existing_Vs_Lat
est_Acceptance_Comparison/Compare_Latest_Vs_Existing_LD2_Acceptance_Mass_All_pT
_xF_bin12.pdf, id=4649, 569.12625pt x 552.0625pt>
File: /root/github/e906-development/src/NewAcceptanceCorrection/RS57/Existing_V
s_Latest_Acceptance_Comparison/Compare_Latest_Vs_Existing_LD2_Acceptance_Mass_A
ll_pT_xF_bin12.pdf Graphic file (type pdf)
<use /root/github/e906-development/src/NewAcceptanceCorrection/RS57/Existing_Vs
_Latest_Acceptance_Comparison/Compare_Latest_Vs_Existing_LD2_Acceptance_Mass_Al
l_pT_xF_bin12.pdf>
Package pdftex.def Info: /root/github/e906-development/src/NewAcceptanceCorrect
ion/RS57/Existing_Vs_Latest_Acceptance_Comparison/Compare_Latest_Vs_Existing_LD
2_Acceptance_Mass_All_pT_xF_bin12.pdf  used on input line 721.
(pdftex.def)             Requested size: 216.67201pt x 210.17342pt.
 [52

 </root/github/e906-development/src/NewAcceptanceCorrection/RS57/Existing_Vs_La
test_Acceptance_Comparison/Compare_Latest_Vs_Existing_LH2_Acceptance_Mass_All_p
T_xF_bin12.pdf, page is rotated 90 degrees> </root/github/e906-development/src/
NewAcceptanceCorrection/RS57/Existing_Vs_Latest_Acceptance_Comparison/Compare_L
atest_Vs_Existing_LD2_Acceptance_Mass_All_pT_xF_bin12.pdf, page is rotated 90 d
egrees>]
</root/github/e906-development/src/AcceptanceCorrection/acceptance_no_unfolding
_bins//acceptance_overlay_mass_sliced_by_xF_bin13.pdf, id=4743, 569.12625pt x 4
08.52625pt>
File: /root/github/e906-development/src/AcceptanceCorrection/acceptance_no_unfo
lding_bins//acceptance_overlay_mass_sliced_by_xF_bin13.pdf Graphic file (type p
df)
<use /root/github/e906-development/src/AcceptanceCorrection/acceptance_no_unfol
ding_bins//acceptance_overlay_mass_sliced_by_xF_bin13.pdf>
Package pdftex.def Info: /root/github/e906-development/src/AcceptanceCorrection
/acceptance_no_unfolding_bins//acceptance_overlay_mass_sliced_by_xF_bin13.pdf  
used on input line 734.
(pdftex.def)             Requested size: 216.67201pt x 155.52834pt.
</root/github/e906-development/src/NewAcceptanceCorrection/RS57/acceptance_over
lay_mass_sliced_by_xF_bin13.pdf, id=4744, 569.12625pt x 408.52625pt>
File: /root/github/e906-development/src/NewAcceptanceCorrection/RS57/acceptance
_overlay_mass_sliced_by_xF_bin13.pdf Graphic file (type pdf)
<use /root/github/e906-development/src/NewAcceptanceCorrection/RS57/acceptance_
overlay_mass_sliced_by_xF_bin13.pdf>
Package pdftex.def Info: /root/github/e906-development/src/NewAcceptanceCorrect
ion/RS57/acceptance_overlay_mass_sliced_by_xF_bin13.pdf  used on input line 734
.
(pdftex.def)             Requested size: 216.67201pt x 155.52834pt.
 [53

 </root/github/e906-development/src/AcceptanceCorrection/acceptance_no_unfoldin
g_bins//acceptance_overlay_mass_sliced_by_xF_bin13.pdf, page is rotated 90 degr
ees> </root/github/e906-development/src/NewAcceptanceCorrection/RS57/acceptance
_overlay_mass_sliced_by_xF_bin13.pdf, page is rotated 90 degrees>]
</root/github/e906-development/src/AcceptanceCorrection/acceptance_no_unfolding
_bins//Acceptance_Mass_All_pT_xF_bin13.pdf, id=4838, 569.12625pt x 552.0625pt>
File: /root/github/e906-development/src/AcceptanceCorrection/acceptance_no_unfo
lding_bins//Acceptance_Mass_All_pT_xF_bin13.pdf Graphic file (type pdf)
<use /root/github/e906-development/src/AcceptanceCorrection/acceptance_no_unfol
ding_bins//Acceptance_Mass_All_pT_xF_bin13.pdf>
Package pdftex.def Info: /root/github/e906-development/src/AcceptanceCorrection
/acceptance_no_unfolding_bins//Acceptance_Mass_All_pT_xF_bin13.pdf  used on inp
ut line 747.
(pdftex.def)             Requested size: 216.67201pt x 210.17342pt.
</root/github/e906-development/src/NewAcceptanceCorrection/RS57/Acceptance_Mass
_All_pT_xF_bin13.pdf, id=4839, 569.12625pt x 552.0625pt>
File: /root/github/e906-development/src/NewAcceptanceCorrection/RS57/Acceptance
_Mass_All_pT_xF_bin13.pdf Graphic file (type pdf)
<use /root/github/e906-development/src/NewAcceptanceCorrection/RS57/Acceptance_
Mass_All_pT_xF_bin13.pdf>
Package pdftex.def Info: /root/github/e906-development/src/NewAcceptanceCorrect
ion/RS57/Acceptance_Mass_All_pT_xF_bin13.pdf  used on input line 747.
(pdftex.def)             Requested size: 216.67201pt x 210.17342pt.
 [54

 </root/github/e906-development/src/AcceptanceCorrection/acceptance_no_unfoldin
g_bins//Acceptance_Mass_All_pT_xF_bin13.pdf, page is rotated 90 degrees> </root
/github/e906-development/src/NewAcceptanceCorrection/RS57/Acceptance_Mass_All_p
T_xF_bin13.pdf, page is rotated 90 degrees>]
</root/github/e906-development/src/NewAcceptanceCorrection/RS57/Existing_Vs_Lat
est_Acceptance_Comparison/Compare_Latest_Vs_Existing_LH2_Acceptance_Mass_All_pT
_xF_bin13.pdf, id=4934, 569.12625pt x 552.0625pt>
File: /root/github/e906-development/src/NewAcceptanceCorrection/RS57/Existing_V
s_Latest_Acceptance_Comparison/Compare_Latest_Vs_Existing_LH2_Acceptance_Mass_A
ll_pT_xF_bin13.pdf Graphic file (type pdf)
<use /root/github/e906-development/src/NewAcceptanceCorrection/RS57/Existing_Vs
_Latest_Acceptance_Comparison/Compare_Latest_Vs_Existing_LH2_Acceptance_Mass_Al
l_pT_xF_bin13.pdf>
Package pdftex.def Info: /root/github/e906-development/src/NewAcceptanceCorrect
ion/RS57/Existing_Vs_Latest_Acceptance_Comparison/Compare_Latest_Vs_Existing_LH
2_Acceptance_Mass_All_pT_xF_bin13.pdf  used on input line 760.
(pdftex.def)             Requested size: 216.67201pt x 210.17342pt.
</root/github/e906-development/src/NewAcceptanceCorrection/RS57/Existing_Vs_Lat
est_Acceptance_Comparison/Compare_Latest_Vs_Existing_LD2_Acceptance_Mass_All_pT
_xF_bin13.pdf, id=4935, 569.12625pt x 552.0625pt>
File: /root/github/e906-development/src/NewAcceptanceCorrection/RS57/Existing_V
s_Latest_Acceptance_Comparison/Compare_Latest_Vs_Existing_LD2_Acceptance_Mass_A
ll_pT_xF_bin13.pdf Graphic file (type pdf)
<use /root/github/e906-development/src/NewAcceptanceCorrection/RS57/Existing_Vs
_Latest_Acceptance_Comparison/Compare_Latest_Vs_Existing_LD2_Acceptance_Mass_Al
l_pT_xF_bin13.pdf>
Package pdftex.def Info: /root/github/e906-development/src/NewAcceptanceCorrect
ion/RS57/Existing_Vs_Latest_Acceptance_Comparison/Compare_Latest_Vs_Existing_LD
2_Acceptance_Mass_All_pT_xF_bin13.pdf  used on input line 760.
(pdftex.def)             Requested size: 216.67201pt x 210.17342pt.
 [55

 </root/github/e906-development/src/NewAcceptanceCorrection/RS57/Existing_Vs_La
test_Acceptance_Comparison/Compare_Latest_Vs_Existing_LH2_Acceptance_Mass_All_p
T_xF_bin13.pdf, page is rotated 90 degrees> </root/github/e906-development/src/
NewAcceptanceCorrection/RS57/Existing_Vs_Latest_Acceptance_Comparison/Compare_L
atest_Vs_Existing_LD2_Acceptance_Mass_All_pT_xF_bin13.pdf, page is rotated 90 d
egrees>]
</root/github/e906-development/src/AcceptanceCorrection/acceptance_no_unfolding
_bins//acceptance_overlay_mass_sliced_by_xF_bin14.pdf, id=5030, 569.12625pt x 4
08.52625pt>
File: /root/github/e906-development/src/AcceptanceCorrection/acceptance_no_unfo
lding_bins//acceptance_overlay_mass_sliced_by_xF_bin14.pdf Graphic file (type p
df)
<use /root/github/e906-development/src/AcceptanceCorrection/acceptance_no_unfol
ding_bins//acceptance_overlay_mass_sliced_by_xF_bin14.pdf>
Package pdftex.def Info: /root/github/e906-development/src/AcceptanceCorrection
/acceptance_no_unfolding_bins//acceptance_overlay_mass_sliced_by_xF_bin14.pdf  
used on input line 773.
(pdftex.def)             Requested size: 216.67201pt x 155.52834pt.
</root/github/e906-development/src/NewAcceptanceCorrection/RS57/acceptance_over
lay_mass_sliced_by_xF_bin14.pdf, id=5031, 569.12625pt x 408.52625pt>
File: /root/github/e906-development/src/NewAcceptanceCorrection/RS57/acceptance
_overlay_mass_sliced_by_xF_bin14.pdf Graphic file (type pdf)
<use /root/github/e906-development/src/NewAcceptanceCorrection/RS57/acceptance_
overlay_mass_sliced_by_xF_bin14.pdf>
Package pdftex.def Info: /root/github/e906-development/src/NewAcceptanceCorrect
ion/RS57/acceptance_overlay_mass_sliced_by_xF_bin14.pdf  used on input line 773
.
(pdftex.def)             Requested size: 216.67201pt x 155.52834pt.
 [56

 </root/github/e906-development/src/AcceptanceCorrection/acceptance_no_unfoldin
g_bins//acceptance_overlay_mass_sliced_by_xF_bin14.pdf, page is rotated 90 degr
ees> </root/github/e906-development/src/NewAcceptanceCorrection/RS57/acceptance
_overlay_mass_sliced_by_xF_bin14.pdf, page is rotated 90 degrees>]
</root/github/e906-development/src/AcceptanceCorrection/acceptance_no_unfolding
_bins//Acceptance_Mass_All_pT_xF_bin14.pdf, id=5126, 569.12625pt x 552.0625pt>
File: /root/github/e906-development/src/AcceptanceCorrection/acceptance_no_unfo
lding_bins//Acceptance_Mass_All_pT_xF_bin14.pdf Graphic file (type pdf)
<use /root/github/e906-development/src/AcceptanceCorrection/acceptance_no_unfol
ding_bins//Acceptance_Mass_All_pT_xF_bin14.pdf>
Package pdftex.def Info: /root/github/e906-development/src/AcceptanceCorrection
/acceptance_no_unfolding_bins//Acceptance_Mass_All_pT_xF_bin14.pdf  used on inp
ut line 786.
(pdftex.def)             Requested size: 216.67201pt x 210.17342pt.
</root/github/e906-development/src/NewAcceptanceCorrection/RS57/Acceptance_Mass
_All_pT_xF_bin14.pdf, id=5127, 569.12625pt x 552.0625pt>
File: /root/github/e906-development/src/NewAcceptanceCorrection/RS57/Acceptance
_Mass_All_pT_xF_bin14.pdf Graphic file (type pdf)
<use /root/github/e906-development/src/NewAcceptanceCorrection/RS57/Acceptance_
Mass_All_pT_xF_bin14.pdf>
Package pdftex.def Info: /root/github/e906-development/src/NewAcceptanceCorrect
ion/RS57/Acceptance_Mass_All_pT_xF_bin14.pdf  used on input line 786.
(pdftex.def)             Requested size: 216.67201pt x 210.17342pt.
 [57

 </root/github/e906-development/src/AcceptanceCorrection/acceptance_no_unfoldin
g_bins//Acceptance_Mass_All_pT_xF_bin14.pdf, page is rotated 90 degrees> </root
/github/e906-development/src/NewAcceptanceCorrection/RS57/Acceptance_Mass_All_p
T_xF_bin14.pdf, page is rotated 90 degrees>]
</root/github/e906-development/src/NewAcceptanceCorrection/RS57/Existing_Vs_Lat
est_Acceptance_Comparison/Compare_Latest_Vs_Existing_LH2_Acceptance_Mass_All_pT
_xF_bin14.pdf, id=5221, 569.12625pt x 552.0625pt>
File: /root/github/e906-development/src/NewAcceptanceCorrection/RS57/Existing_V
s_Latest_Acceptance_Comparison/Compare_Latest_Vs_Existing_LH2_Acceptance_Mass_A
ll_pT_xF_bin14.pdf Graphic file (type pdf)
<use /root/github/e906-development/src/NewAcceptanceCorrection/RS57/Existing_Vs
_Latest_Acceptance_Comparison/Compare_Latest_Vs_Existing_LH2_Acceptance_Mass_Al
l_pT_xF_bin14.pdf>
Package pdftex.def Info: /root/github/e906-development/src/NewAcceptanceCorrect
ion/RS57/Existing_Vs_Latest_Acceptance_Comparison/Compare_Latest_Vs_Existing_LH
2_Acceptance_Mass_All_pT_xF_bin14.pdf  used on input line 799.
(pdftex.def)             Requested size: 216.67201pt x 210.17342pt.
</root/github/e906-development/src/NewAcceptanceCorrection/RS57/Existing_Vs_Lat
est_Acceptance_Comparison/Compare_Latest_Vs_Existing_LD2_Acceptance_Mass_All_pT
_xF_bin14.pdf, id=5222, 569.12625pt x 552.0625pt>
File: /root/github/e906-development/src/NewAcceptanceCorrection/RS57/Existing_V
s_Latest_Acceptance_Comparison/Compare_Latest_Vs_Existing_LD2_Acceptance_Mass_A
ll_pT_xF_bin14.pdf Graphic file (type pdf)
<use /root/github/e906-development/src/NewAcceptanceCorrection/RS57/Existing_Vs
_Latest_Acceptance_Comparison/Compare_Latest_Vs_Existing_LD2_Acceptance_Mass_Al
l_pT_xF_bin14.pdf>
Package pdftex.def Info: /root/github/e906-development/src/NewAcceptanceCorrect
ion/RS57/Existing_Vs_Latest_Acceptance_Comparison/Compare_Latest_Vs_Existing_LD
2_Acceptance_Mass_All_pT_xF_bin14.pdf  used on input line 799.
(pdftex.def)             Requested size: 216.67201pt x 210.17342pt.
 [58

 </root/github/e906-development/src/NewAcceptanceCorrection/RS57/Existing_Vs_La
test_Acceptance_Comparison/Compare_Latest_Vs_Existing_LH2_Acceptance_Mass_All_p
T_xF_bin14.pdf, page is rotated 90 degrees> </root/github/e906-development/src/
NewAcceptanceCorrection/RS57/Existing_Vs_Latest_Acceptance_Comparison/Compare_L
atest_Vs_Existing_LD2_Acceptance_Mass_All_pT_xF_bin14.pdf, page is rotated 90 d
egrees>]
</root/github/e906-development/src/AcceptanceCorrection/acceptance_no_unfolding
_bins//acceptance_overlay_mass_sliced_by_xF_bin15.pdf, id=5316, 569.12625pt x 4
08.52625pt>
File: /root/github/e906-development/src/AcceptanceCorrection/acceptance_no_unfo
lding_bins//acceptance_overlay_mass_sliced_by_xF_bin15.pdf Graphic file (type p
df)
<use /root/github/e906-development/src/AcceptanceCorrection/acceptance_no_unfol
ding_bins//acceptance_overlay_mass_sliced_by_xF_bin15.pdf>
Package pdftex.def Info: /root/github/e906-development/src/AcceptanceCorrection
/acceptance_no_unfolding_bins//acceptance_overlay_mass_sliced_by_xF_bin15.pdf  
used on input line 812.
(pdftex.def)             Requested size: 216.67201pt x 155.52834pt.
</root/github/e906-development/src/NewAcceptanceCorrection/RS57/acceptance_over
lay_mass_sliced_by_xF_bin15.pdf, id=5317, 569.12625pt x 408.52625pt>
File: /root/github/e906-development/src/NewAcceptanceCorrection/RS57/acceptance
_overlay_mass_sliced_by_xF_bin15.pdf Graphic file (type pdf)
<use /root/github/e906-development/src/NewAcceptanceCorrection/RS57/acceptance_
overlay_mass_sliced_by_xF_bin15.pdf>
Package pdftex.def Info: /root/github/e906-development/src/NewAcceptanceCorrect
ion/RS57/acceptance_overlay_mass_sliced_by_xF_bin15.pdf  used on input line 812
.
(pdftex.def)             Requested size: 216.67201pt x 155.52834pt.

[59

 </root/github/e906-development/src/AcceptanceCorrection/acceptance_no_unfoldin
g_bins//acceptance_overlay_mass_sliced_by_xF_bin15.pdf, page is rotated 90 degr
ees> </root/github/e906-development/src/NewAcceptanceCorrection/RS57/acceptance
_overlay_mass_sliced_by_xF_bin15.pdf, page is rotated 90 degrees>]
</root/github/e906-development/src/AcceptanceCorrection/acceptance_no_unfolding
_bins//Acceptance_Mass_All_pT_xF_bin15.pdf, id=5412, 569.12625pt x 552.0625pt>
File: /root/github/e906-development/src/AcceptanceCorrection/acceptance_no_unfo
lding_bins//Acceptance_Mass_All_pT_xF_bin15.pdf Graphic file (type pdf)
<use /root/github/e906-development/src/AcceptanceCorrection/acceptance_no_unfol
ding_bins//Acceptance_Mass_All_pT_xF_bin15.pdf>
Package pdftex.def Info: /root/github/e906-development/src/AcceptanceCorrection
/acceptance_no_unfolding_bins//Acceptance_Mass_All_pT_xF_bin15.pdf  used on inp
ut line 825.
(pdftex.def)             Requested size: 216.67201pt x 210.17342pt.
</root/github/e906-development/src/NewAcceptanceCorrection/RS57/Acceptance_Mass
_All_pT_xF_bin15.pdf, id=5413, 569.12625pt x 552.0625pt>
File: /root/github/e906-development/src/NewAcceptanceCorrection/RS57/Acceptance
_Mass_All_pT_xF_bin15.pdf Graphic file (type pdf)
<use /root/github/e906-development/src/NewAcceptanceCorrection/RS57/Acceptance_
Mass_All_pT_xF_bin15.pdf>
Package pdftex.def Info: /root/github/e906-development/src/NewAcceptanceCorrect
ion/RS57/Acceptance_Mass_All_pT_xF_bin15.pdf  used on input line 825.
(pdftex.def)             Requested size: 216.67201pt x 210.17342pt.
 [60

 </root/github/e906-development/src/AcceptanceCorrection/acceptance_no_unfoldin
g_bins//Acceptance_Mass_All_pT_xF_bin15.pdf, page is rotated 90 degrees> </root
/github/e906-development/src/NewAcceptanceCorrection/RS57/Acceptance_Mass_All_p
T_xF_bin15.pdf, page is rotated 90 degrees>]
</root/github/e906-development/src/NewAcceptanceCorrection/RS57/Existing_Vs_Lat
est_Acceptance_Comparison/Compare_Latest_Vs_Existing_LH2_Acceptance_Mass_All_pT
_xF_bin15.pdf, id=5507, 569.12625pt x 552.0625pt>
File: /root/github/e906-development/src/NewAcceptanceCorrection/RS57/Existing_V
s_Latest_Acceptance_Comparison/Compare_Latest_Vs_Existing_LH2_Acceptance_Mass_A
ll_pT_xF_bin15.pdf Graphic file (type pdf)
<use /root/github/e906-development/src/NewAcceptanceCorrection/RS57/Existing_Vs
_Latest_Acceptance_Comparison/Compare_Latest_Vs_Existing_LH2_Acceptance_Mass_Al
l_pT_xF_bin15.pdf>
Package pdftex.def Info: /root/github/e906-development/src/NewAcceptanceCorrect
ion/RS57/Existing_Vs_Latest_Acceptance_Comparison/Compare_Latest_Vs_Existing_LH
2_Acceptance_Mass_All_pT_xF_bin15.pdf  used on input line 838.
(pdftex.def)             Requested size: 216.67201pt x 210.17342pt.
</root/github/e906-development/src/NewAcceptanceCorrection/RS57/Existing_Vs_Lat
est_Acceptance_Comparison/Compare_Latest_Vs_Existing_LD2_Acceptance_Mass_All_pT
_xF_bin15.pdf, id=5508, 569.12625pt x 552.0625pt>
File: /root/github/e906-development/src/NewAcceptanceCorrection/RS57/Existing_V
s_Latest_Acceptance_Comparison/Compare_Latest_Vs_Existing_LD2_Acceptance_Mass_A
ll_pT_xF_bin15.pdf Graphic file (type pdf)
<use /root/github/e906-development/src/NewAcceptanceCorrection/RS57/Existing_Vs
_Latest_Acceptance_Comparison/Compare_Latest_Vs_Existing_LD2_Acceptance_Mass_Al
l_pT_xF_bin15.pdf>
Package pdftex.def Info: /root/github/e906-development/src/NewAcceptanceCorrect
ion/RS57/Existing_Vs_Latest_Acceptance_Comparison/Compare_Latest_Vs_Existing_LD
2_Acceptance_Mass_All_pT_xF_bin15.pdf  used on input line 838.
(pdftex.def)             Requested size: 216.67201pt x 210.17342pt.
 [61

 </root/github/e906-development/src/NewAcceptanceCorrection/RS57/Existing_Vs_La
test_Acceptance_Comparison/Compare_Latest_Vs_Existing_LH2_Acceptance_Mass_All_p
T_xF_bin15.pdf, page is rotated 90 degrees> </root/github/e906-development/src/
NewAcceptanceCorrection/RS57/Existing_Vs_Latest_Acceptance_Comparison/Compare_L
atest_Vs_Existing_LD2_Acceptance_Mass_All_pT_xF_bin15.pdf, page is rotated 90 d
egrees>]
File: /root/github/e906-development/src/AcceptanceCorrection/acceptance_no_unfo
lding_bins//acceptance_overlay_Integrated_mass.pdf Graphic file (type pdf)
<use /root/github/e906-development/src/AcceptanceCorrection/acceptance_no_unfol
ding_bins//acceptance_overlay_Integrated_mass.pdf>
Package pdftex.def Info: /root/github/e906-development/src/AcceptanceCorrection
/acceptance_no_unfolding_bins//acceptance_overlay_Integrated_mass.pdf  used on 
input line 852.
(pdftex.def)             Requested size: 216.67201pt x 155.52834pt.
</root/github/e906-development/src/NewAcceptanceCorrection/RS59/acceptance_over
lay_Integrated_mass.pdf, id=5604, 569.12625pt x 408.52625pt>
File: /root/github/e906-development/src/NewAcceptanceCorrection/RS59/acceptance
_overlay_Integrated_mass.pdf Graphic file (type pdf)
<use /root/github/e906-development/src/NewAcceptanceCorrection/RS59/acceptance_
overlay_Integrated_mass.pdf>
Package pdftex.def Info: /root/github/e906-development/src/NewAcceptanceCorrect
ion/RS59/acceptance_overlay_Integrated_mass.pdf  used on input line 852.
(pdftex.def)             Requested size: 216.67201pt x 155.52834pt.
 [62

 </root/github/e906-development/src/NewAcceptanceCorrection/RS59/acceptance_ove
rlay_Integrated_mass.pdf, page is rotated 90 degrees>]
File: /root/github/e906-development/src/AcceptanceCorrection/acceptance_no_unfo
lding_bins//Acceptance_Mass_All_xF_pT.pdf Graphic file (type pdf)
<use /root/github/e906-development/src/AcceptanceCorrection/acceptance_no_unfol
ding_bins//Acceptance_Mass_All_xF_pT.pdf>
Package pdftex.def Info: /root/github/e906-development/src/AcceptanceCorrection
/acceptance_no_unfolding_bins//Acceptance_Mass_All_xF_pT.pdf  used on input lin
e 865.
(pdftex.def)             Requested size: 216.67201pt x 210.17342pt.
</root/github/e906-development/src/NewAcceptanceCorrection/RS59/Acceptance_Mass
_All_xF_pT.pdf, id=5655, 569.12625pt x 552.0625pt>
File: /root/github/e906-development/src/NewAcceptanceCorrection/RS59/Acceptance
_Mass_All_xF_pT.pdf Graphic file (type pdf)
<use /root/github/e906-development/src/NewAcceptanceCorrection/RS59/Acceptance_
Mass_All_xF_pT.pdf>
Package pdftex.def Info: /root/github/e906-development/src/NewAcceptanceCorrect
ion/RS59/Acceptance_Mass_All_xF_pT.pdf  used on input line 865.
(pdftex.def)             Requested size: 216.67201pt x 210.17342pt.
 [63

 </root/github/e906-development/src/NewAcceptanceCorrection/RS59/Acceptance_Mas
s_All_xF_pT.pdf, page is rotated 90 degrees>]
</root/github/e906-development/src/NewAcceptanceCorrection/RS59/Existing_Vs_Lat
est_Acceptance_Comparison/Compare_Latest_Vs_Existing_LH2_Acceptance_Mass_All_xF
_pT.pdf, id=5706, 569.12625pt x 552.0625pt>
File: /root/github/e906-development/src/NewAcceptanceCorrection/RS59/Existing_V
s_Latest_Acceptance_Comparison/Compare_Latest_Vs_Existing_LH2_Acceptance_Mass_A
ll_xF_pT.pdf Graphic file (type pdf)
<use /root/github/e906-development/src/NewAcceptanceCorrection/RS59/Existing_Vs
_Latest_Acceptance_Comparison/Compare_Latest_Vs_Existing_LH2_Acceptance_Mass_Al
l_xF_pT.pdf>
Package pdftex.def Info: /root/github/e906-development/src/NewAcceptanceCorrect
ion/RS59/Existing_Vs_Latest_Acceptance_Comparison/Compare_Latest_Vs_Existing_LH
2_Acceptance_Mass_All_xF_pT.pdf  used on input line 878.
(pdftex.def)             Requested size: 216.67201pt x 210.17342pt.
</root/github/e906-development/src/NewAcceptanceCorrection/RS59/Existing_Vs_Lat
est_Acceptance_Comparison/Compare_Latest_Vs_Existing_LD2_Acceptance_Mass_All_xF
_pT.pdf, id=5707, 569.12625pt x 552.0625pt>
File: /root/github/e906-development/src/NewAcceptanceCorrection/RS59/Existing_V
s_Latest_Acceptance_Comparison/Compare_Latest_Vs_Existing_LD2_Acceptance_Mass_A
ll_xF_pT.pdf Graphic file (type pdf)
<use /root/github/e906-development/src/NewAcceptanceCorrection/RS59/Existing_Vs
_Latest_Acceptance_Comparison/Compare_Latest_Vs_Existing_LD2_Acceptance_Mass_Al
l_xF_pT.pdf>
Package pdftex.def Info: /root/github/e906-development/src/NewAcceptanceCorrect
ion/RS59/Existing_Vs_Latest_Acceptance_Comparison/Compare_Latest_Vs_Existing_LD
2_Acceptance_Mass_All_xF_pT.pdf  used on input line 878.
(pdftex.def)             Requested size: 216.67201pt x 210.17342pt.

[64

 </root/github/e906-development/src/NewAcceptanceCorrection/RS59/Existing_Vs_La
test_Acceptance_Comparison/Compare_Latest_Vs_Existing_LH2_Acceptance_Mass_All_x
F_pT.pdf, page is rotated 90 degrees> </root/github/e906-development/src/NewAcc
eptanceCorrection/RS59/Existing_Vs_Latest_Acceptance_Comparison/Compare_Latest_
Vs_Existing_LD2_Acceptance_Mass_All_xF_pT.pdf, page is rotated 90 degrees>]

Package hyperref Warning: Token not allowed in a PDF string (Unicode):
(hyperref)                removing `math shift' on input line 879.


Package hyperref Warning: Token not allowed in a PDF string (Unicode):
(hyperref)                removing `subscript' on input line 879.


Package hyperref Warning: Token not allowed in a PDF string (Unicode):
(hyperref)                removing `math shift' on input line 879.

File: /root/github/e906-development/src/AcceptanceCorrection/acceptance_no_unfo
lding_bins//acceptance_overlay_Integrated_xF.pdf Graphic file (type pdf)
<use /root/github/e906-development/src/AcceptanceCorrection/acceptance_no_unfol
ding_bins//acceptance_overlay_Integrated_xF.pdf>
Package pdftex.def Info: /root/github/e906-development/src/AcceptanceCorrection
/acceptance_no_unfolding_bins//acceptance_overlay_Integrated_xF.pdf  used on in
put line 892.
(pdftex.def)             Requested size: 216.67201pt x 155.52834pt.
</root/github/e906-development/src/NewAcceptanceCorrection/RS59/acceptance_over
lay_Integrated_xF.pdf, id=5801, 569.12625pt x 408.52625pt>
File: /root/github/e906-development/src/NewAcceptanceCorrection/RS59/acceptance
_overlay_Integrated_xF.pdf Graphic file (type pdf)
<use /root/github/e906-development/src/NewAcceptanceCorrection/RS59/acceptance_
overlay_Integrated_xF.pdf>
Package pdftex.def Info: /root/github/e906-development/src/NewAcceptanceCorrect
ion/RS59/acceptance_overlay_Integrated_xF.pdf  used on input line 892.
(pdftex.def)             Requested size: 216.67201pt x 155.52834pt.
[65

 </root/github/e906-development/src/NewAcceptanceCorrection/RS59/acceptance_ove
rlay_Integrated_xF.pdf, page is rotated 90 degrees>]
File: /root/github/e906-development/src/AcceptanceCorrection/acceptance_no_unfo
lding_bins//Acceptance_xF_All_Mass_pT.pdf Graphic file (type pdf)
<use /root/github/e906-development/src/AcceptanceCorrection/acceptance_no_unfol
ding_bins//Acceptance_xF_All_Mass_pT.pdf>
Package pdftex.def Info: /root/github/e906-development/src/AcceptanceCorrection
/acceptance_no_unfolding_bins//Acceptance_xF_All_Mass_pT.pdf  used on input lin
e 905.
(pdftex.def)             Requested size: 216.67201pt x 210.17342pt.
</root/github/e906-development/src/NewAcceptanceCorrection/RS59/Acceptance_xF_A
ll_Mass_pT.pdf, id=5853, 569.12625pt x 552.0625pt>
File: /root/github/e906-development/src/NewAcceptanceCorrection/RS59/Acceptance
_xF_All_Mass_pT.pdf Graphic file (type pdf)
<use /root/github/e906-development/src/NewAcceptanceCorrection/RS59/Acceptance_
xF_All_Mass_pT.pdf>
Package pdftex.def Info: /root/github/e906-development/src/NewAcceptanceCorrect
ion/RS59/Acceptance_xF_All_Mass_pT.pdf  used on input line 905.
(pdftex.def)             Requested size: 216.67201pt x 210.17342pt.
 [66

 </root/github/e906-development/src/NewAcceptanceCorrection/RS59/Acceptance_xF_
All_Mass_pT.pdf, page is rotated 90 degrees>]
</root/github/e906-development/src/NewAcceptanceCorrection/RS59/Existing_Vs_Lat
est_Acceptance_Comparison/Compare_Latest_Vs_Existing_LH2_Acceptance_xF_All_Mass
_pT.pdf, id=5904, 569.12625pt x 552.0625pt>
File: /root/github/e906-development/src/NewAcceptanceCorrection/RS59/Existing_V
s_Latest_Acceptance_Comparison/Compare_Latest_Vs_Existing_LH2_Acceptance_xF_All
_Mass_pT.pdf Graphic file (type pdf)
<use /root/github/e906-development/src/NewAcceptanceCorrection/RS59/Existing_Vs
_Latest_Acceptance_Comparison/Compare_Latest_Vs_Existing_LH2_Acceptance_xF_All_
Mass_pT.pdf>
Package pdftex.def Info: /root/github/e906-development/src/NewAcceptanceCorrect
ion/RS59/Existing_Vs_Latest_Acceptance_Comparison/Compare_Latest_Vs_Existing_LH
2_Acceptance_xF_All_Mass_pT.pdf  used on input line 918.
(pdftex.def)             Requested size: 216.67201pt x 210.17342pt.
</root/github/e906-development/src/NewAcceptanceCorrection/RS59/Existing_Vs_Lat
est_Acceptance_Comparison/Compare_Latest_Vs_Existing_LD2_Acceptance_xF_All_Mass
_pT.pdf, id=5905, 569.12625pt x 552.0625pt>
File: /root/github/e906-development/src/NewAcceptanceCorrection/RS59/Existing_V
s_Latest_Acceptance_Comparison/Compare_Latest_Vs_Existing_LD2_Acceptance_xF_All
_Mass_pT.pdf Graphic file (type pdf)
<use /root/github/e906-development/src/NewAcceptanceCorrection/RS59/Existing_Vs
_Latest_Acceptance_Comparison/Compare_Latest_Vs_Existing_LD2_Acceptance_xF_All_
Mass_pT.pdf>
Package pdftex.def Info: /root/github/e906-development/src/NewAcceptanceCorrect
ion/RS59/Existing_Vs_Latest_Acceptance_Comparison/Compare_Latest_Vs_Existing_LD
2_Acceptance_xF_All_Mass_pT.pdf  used on input line 918.
(pdftex.def)             Requested size: 216.67201pt x 210.17342pt.
 [67

 </root/github/e906-development/src/NewAcceptanceCorrection/RS59/Existing_Vs_La
test_Acceptance_Comparison/Compare_Latest_Vs_Existing_LH2_Acceptance_xF_All_Mas
s_pT.pdf, page is rotated 90 degrees> </root/github/e906-development/src/NewAcc
eptanceCorrection/RS59/Existing_Vs_Latest_Acceptance_Comparison/Compare_Latest_
Vs_Existing_LD2_Acceptance_xF_All_Mass_pT.pdf, page is rotated 90 degrees>]

Package hyperref Warning: Token not allowed in a PDF string (Unicode):
(hyperref)                removing `math shift' on input line 919.


Package hyperref Warning: Token not allowed in a PDF string (Unicode):
(hyperref)                removing `subscript' on input line 919.


Package hyperref Warning: Token not allowed in a PDF string (Unicode):
(hyperref)                removing `math shift' on input line 919.

File: /root/github/e906-development/src/AcceptanceCorrection/acceptance_no_unfo
lding_bins//acceptance_overlay_Integrated_pT.pdf Graphic file (type pdf)
<use /root/github/e906-development/src/AcceptanceCorrection/acceptance_no_unfol
ding_bins//acceptance_overlay_Integrated_pT.pdf>
Package pdftex.def Info: /root/github/e906-development/src/AcceptanceCorrection
/acceptance_no_unfolding_bins//acceptance_overlay_Integrated_pT.pdf  used on in
put line 932.
(pdftex.def)             Requested size: 216.67201pt x 155.52834pt.
</root/github/e906-development/src/NewAcceptanceCorrection/RS59/acceptance_over
lay_Integrated_pT.pdf, id=6000, 569.12625pt x 408.52625pt>
File: /root/github/e906-development/src/NewAcceptanceCorrection/RS59/acceptance
_overlay_Integrated_pT.pdf Graphic file (type pdf)
<use /root/github/e906-development/src/NewAcceptanceCorrection/RS59/acceptance_
overlay_Integrated_pT.pdf>
Package pdftex.def Info: /root/github/e906-development/src/NewAcceptanceCorrect
ion/RS59/acceptance_overlay_Integrated_pT.pdf  used on input line 932.
(pdftex.def)             Requested size: 216.67201pt x 155.52834pt.
[68

 </root/github/e906-development/src/NewAcceptanceCorrection/RS59/acceptance_ove
rlay_Integrated_pT.pdf, page is rotated 90 degrees>]
File: /root/github/e906-development/src/AcceptanceCorrection/acceptance_no_unfo
lding_bins//Acceptance_pT_All_Mass_xF.pdf Graphic file (type pdf)
<use /root/github/e906-development/src/AcceptanceCorrection/acceptance_no_unfol
ding_bins//Acceptance_pT_All_Mass_xF.pdf>
Package pdftex.def Info: /root/github/e906-development/src/AcceptanceCorrection
/acceptance_no_unfolding_bins//Acceptance_pT_All_Mass_xF.pdf  used on input lin
e 945.
(pdftex.def)             Requested size: 216.67201pt x 210.17342pt.
</root/github/e906-development/src/NewAcceptanceCorrection/RS59/Acceptance_pT_A
ll_Mass_xF.pdf, id=6052, 569.12625pt x 552.0625pt>
File: /root/github/e906-development/src/NewAcceptanceCorrection/RS59/Acceptance
_pT_All_Mass_xF.pdf Graphic file (type pdf)
<use /root/github/e906-development/src/NewAcceptanceCorrection/RS59/Acceptance_
pT_All_Mass_xF.pdf>
Package pdftex.def Info: /root/github/e906-development/src/NewAcceptanceCorrect
ion/RS59/Acceptance_pT_All_Mass_xF.pdf  used on input line 945.
(pdftex.def)             Requested size: 216.67201pt x 210.17342pt.
 [69

 </root/github/e906-development/src/NewAcceptanceCorrection/RS59/Acceptance_pT_
All_Mass_xF.pdf, page is rotated 90 degrees>]
</root/github/e906-development/src/NewAcceptanceCorrection/RS59/Existing_Vs_Lat
est_Acceptance_Comparison/Compare_Latest_Vs_Existing_LH2_Acceptance_pT_All_Mass
_xF.pdf, id=6103, 569.12625pt x 552.0625pt>
File: /root/github/e906-development/src/NewAcceptanceCorrection/RS59/Existing_V
s_Latest_Acceptance_Comparison/Compare_Latest_Vs_Existing_LH2_Acceptance_pT_All
_Mass_xF.pdf Graphic file (type pdf)
<use /root/github/e906-development/src/NewAcceptanceCorrection/RS59/Existing_Vs
_Latest_Acceptance_Comparison/Compare_Latest_Vs_Existing_LH2_Acceptance_pT_All_
Mass_xF.pdf>
Package pdftex.def Info: /root/github/e906-development/src/NewAcceptanceCorrect
ion/RS59/Existing_Vs_Latest_Acceptance_Comparison/Compare_Latest_Vs_Existing_LH
2_Acceptance_pT_All_Mass_xF.pdf  used on input line 958.
(pdftex.def)             Requested size: 216.67201pt x 210.17342pt.
</root/github/e906-development/src/NewAcceptanceCorrection/RS59/Existing_Vs_Lat
est_Acceptance_Comparison/Compare_Latest_Vs_Existing_LD2_Acceptance_pT_All_Mass
_xF.pdf, id=6104, 569.12625pt x 552.0625pt>
File: /root/github/e906-development/src/NewAcceptanceCorrection/RS59/Existing_V
s_Latest_Acceptance_Comparison/Compare_Latest_Vs_Existing_LD2_Acceptance_pT_All
_Mass_xF.pdf Graphic file (type pdf)
<use /root/github/e906-development/src/NewAcceptanceCorrection/RS59/Existing_Vs
_Latest_Acceptance_Comparison/Compare_Latest_Vs_Existing_LD2_Acceptance_pT_All_
Mass_xF.pdf>
Package pdftex.def Info: /root/github/e906-development/src/NewAcceptanceCorrect
ion/RS59/Existing_Vs_Latest_Acceptance_Comparison/Compare_Latest_Vs_Existing_LD
2_Acceptance_pT_All_Mass_xF.pdf  used on input line 958.
(pdftex.def)             Requested size: 216.67201pt x 210.17342pt.
 [70

 </root/github/e906-development/src/NewAcceptanceCorrection/RS59/Existing_Vs_La
test_Acceptance_Comparison/Compare_Latest_Vs_Existing_LH2_Acceptance_pT_All_Mas
s_xF.pdf, page is rotated 90 degrees> </root/github/e906-development/src/NewAcc
eptanceCorrection/RS59/Existing_Vs_Latest_Acceptance_Comparison/Compare_Latest_
Vs_Existing_LD2_Acceptance_pT_All_Mass_xF.pdf, page is rotated 90 degrees>]

Package hyperref Warning: Token not allowed in a PDF string (Unicode):
(hyperref)                removing `math shift' on input line 959.


Package hyperref Warning: Token not allowed in a PDF string (Unicode):
(hyperref)                removing `subscript' on input line 959.


Package hyperref Warning: Token not allowed in a PDF string (Unicode):
(hyperref)                removing `math shift' on input line 959.

File: /root/github/e906-development/src/AcceptanceCorrection/acceptance_no_unfo
lding_bins//acceptance_overlay_mass_sliced_by_xF_bin0.pdf Graphic file (type pd
f)
<use /root/github/e906-development/src/AcceptanceCorrection/acceptance_no_unfol
ding_bins//acceptance_overlay_mass_sliced_by_xF_bin0.pdf>
Package pdftex.def Info: /root/github/e906-development/src/AcceptanceCorrection
/acceptance_no_unfolding_bins//acceptance_overlay_mass_sliced_by_xF_bin0.pdf  u
sed on input line 972.
(pdftex.def)             Requested size: 216.67201pt x 155.52834pt.
</root/github/e906-development/src/NewAcceptanceCorrection/RS59/acceptance_over
lay_mass_sliced_by_xF_bin0.pdf, id=6198, 569.12625pt x 408.52625pt>
File: /root/github/e906-development/src/NewAcceptanceCorrection/RS59/acceptance
_overlay_mass_sliced_by_xF_bin0.pdf Graphic file (type pdf)
<use /root/github/e906-development/src/NewAcceptanceCorrection/RS59/acceptance_
overlay_mass_sliced_by_xF_bin0.pdf>
Package pdftex.def Info: /root/github/e906-development/src/NewAcceptanceCorrect
ion/RS59/acceptance_overlay_mass_sliced_by_xF_bin0.pdf  used on input line 972.

(pdftex.def)             Requested size: 216.67201pt x 155.52834pt.
[71

 </root/github/e906-development/src/NewAcceptanceCorrection/RS59/acceptance_ove
rlay_mass_sliced_by_xF_bin0.pdf, page is rotated 90 degrees>]
File: /root/github/e906-development/src/AcceptanceCorrection/acceptance_no_unfo
lding_bins//Acceptance_Mass_All_pT_xF_bin0.pdf Graphic file (type pdf)
<use /root/github/e906-development/src/AcceptanceCorrection/acceptance_no_unfol
ding_bins//Acceptance_Mass_All_pT_xF_bin0.pdf>
Package pdftex.def Info: /root/github/e906-development/src/AcceptanceCorrection
/acceptance_no_unfolding_bins//Acceptance_Mass_All_pT_xF_bin0.pdf  used on inpu
t line 985.
(pdftex.def)             Requested size: 216.67201pt x 210.17342pt.
</root/github/e906-development/src/NewAcceptanceCorrection/RS59/Acceptance_Mass
_All_pT_xF_bin0.pdf, id=6249, 569.12625pt x 552.0625pt>
File: /root/github/e906-development/src/NewAcceptanceCorrection/RS59/Acceptance
_Mass_All_pT_xF_bin0.pdf Graphic file (type pdf)
<use /root/github/e906-development/src/NewAcceptanceCorrection/RS59/Acceptance_
Mass_All_pT_xF_bin0.pdf>
Package pdftex.def Info: /root/github/e906-development/src/NewAcceptanceCorrect
ion/RS59/Acceptance_Mass_All_pT_xF_bin0.pdf  used on input line 985.
(pdftex.def)             Requested size: 216.67201pt x 210.17342pt.
 [72

 </root/github/e906-development/src/NewAcceptanceCorrection/RS59/Acceptance_Mas
s_All_pT_xF_bin0.pdf, page is rotated 90 degrees>]
</root/github/e906-development/src/NewAcceptanceCorrection/RS59/Existing_Vs_Lat
est_Acceptance_Comparison/Compare_Latest_Vs_Existing_LH2_Acceptance_Mass_All_pT
_xF_bin0.pdf, id=6301, 569.12625pt x 552.0625pt>
File: /root/github/e906-development/src/NewAcceptanceCorrection/RS59/Existing_V
s_Latest_Acceptance_Comparison/Compare_Latest_Vs_Existing_LH2_Acceptance_Mass_A
ll_pT_xF_bin0.pdf Graphic file (type pdf)
<use /root/github/e906-development/src/NewAcceptanceCorrection/RS59/Existing_Vs
_Latest_Acceptance_Comparison/Compare_Latest_Vs_Existing_LH2_Acceptance_Mass_Al
l_pT_xF_bin0.pdf>
Package pdftex.def Info: /root/github/e906-development/src/NewAcceptanceCorrect
ion/RS59/Existing_Vs_Latest_Acceptance_Comparison/Compare_Latest_Vs_Existing_LH
2_Acceptance_Mass_All_pT_xF_bin0.pdf  used on input line 998.
(pdftex.def)             Requested size: 216.67201pt x 210.17342pt.
</root/github/e906-development/src/NewAcceptanceCorrection/RS59/Existing_Vs_Lat
est_Acceptance_Comparison/Compare_Latest_Vs_Existing_LD2_Acceptance_Mass_All_pT
_xF_bin0.pdf, id=6302, 569.12625pt x 552.0625pt>
File: /root/github/e906-development/src/NewAcceptanceCorrection/RS59/Existing_V
s_Latest_Acceptance_Comparison/Compare_Latest_Vs_Existing_LD2_Acceptance_Mass_A
ll_pT_xF_bin0.pdf Graphic file (type pdf)
<use /root/github/e906-development/src/NewAcceptanceCorrection/RS59/Existing_Vs
_Latest_Acceptance_Comparison/Compare_Latest_Vs_Existing_LD2_Acceptance_Mass_Al
l_pT_xF_bin0.pdf>
Package pdftex.def Info: /root/github/e906-development/src/NewAcceptanceCorrect
ion/RS59/Existing_Vs_Latest_Acceptance_Comparison/Compare_Latest_Vs_Existing_LD
2_Acceptance_Mass_All_pT_xF_bin0.pdf  used on input line 998.
(pdftex.def)             Requested size: 216.67201pt x 210.17342pt.
 [73

 </root/github/e906-development/src/NewAcceptanceCorrection/RS59/Existing_Vs_La
test_Acceptance_Comparison/Compare_Latest_Vs_Existing_LH2_Acceptance_Mass_All_p
T_xF_bin0.pdf, page is rotated 90 degrees> </root/github/e906-development/src/N
ewAcceptanceCorrection/RS59/Existing_Vs_Latest_Acceptance_Comparison/Compare_La
test_Vs_Existing_LD2_Acceptance_Mass_All_pT_xF_bin0.pdf, page is rotated 90 deg
rees>]
File: /root/github/e906-development/src/AcceptanceCorrection/acceptance_no_unfo
lding_bins//acceptance_overlay_mass_sliced_by_xF_bin1.pdf Graphic file (type pd
f)
<use /root/github/e906-development/src/AcceptanceCorrection/acceptance_no_unfol
ding_bins//acceptance_overlay_mass_sliced_by_xF_bin1.pdf>
Package pdftex.def Info: /root/github/e906-development/src/AcceptanceCorrection
/acceptance_no_unfolding_bins//acceptance_overlay_mass_sliced_by_xF_bin1.pdf  u
sed on input line 1011.
(pdftex.def)             Requested size: 216.67201pt x 155.52834pt.
</root/github/e906-development/src/NewAcceptanceCorrection/RS59/acceptance_over
lay_mass_sliced_by_xF_bin1.pdf, id=6397, 569.12625pt x 408.52625pt>
File: /root/github/e906-development/src/NewAcceptanceCorrection/RS59/acceptance
_overlay_mass_sliced_by_xF_bin1.pdf Graphic file (type pdf)
<use /root/github/e906-development/src/NewAcceptanceCorrection/RS59/acceptance_
overlay_mass_sliced_by_xF_bin1.pdf>
Package pdftex.def Info: /root/github/e906-development/src/NewAcceptanceCorrect
ion/RS59/acceptance_overlay_mass_sliced_by_xF_bin1.pdf  used on input line 1011
.
(pdftex.def)             Requested size: 216.67201pt x 155.52834pt.
 [74

 </root/github/e906-development/src/NewAcceptanceCorrection/RS59/acceptance_ove
rlay_mass_sliced_by_xF_bin1.pdf, page is rotated 90 degrees>]
File: /root/github/e906-development/src/AcceptanceCorrection/acceptance_no_unfo
lding_bins//Acceptance_Mass_All_pT_xF_bin1.pdf Graphic file (type pdf)
<use /root/github/e906-development/src/AcceptanceCorrection/acceptance_no_unfol
ding_bins//Acceptance_Mass_All_pT_xF_bin1.pdf>
Package pdftex.def Info: /root/github/e906-development/src/AcceptanceCorrection
/acceptance_no_unfolding_bins//Acceptance_Mass_All_pT_xF_bin1.pdf  used on inpu
t line 1024.
(pdftex.def)             Requested size: 216.67201pt x 210.17342pt.
</root/github/e906-development/src/NewAcceptanceCorrection/RS59/Acceptance_Mass
_All_pT_xF_bin1.pdf, id=6448, 569.12625pt x 552.0625pt>
File: /root/github/e906-development/src/NewAcceptanceCorrection/RS59/Acceptance
_Mass_All_pT_xF_bin1.pdf Graphic file (type pdf)
<use /root/github/e906-development/src/NewAcceptanceCorrection/RS59/Acceptance_
Mass_All_pT_xF_bin1.pdf>
Package pdftex.def Info: /root/github/e906-development/src/NewAcceptanceCorrect
ion/RS59/Acceptance_Mass_All_pT_xF_bin1.pdf  used on input line 1024.
(pdftex.def)             Requested size: 216.67201pt x 210.17342pt.
 [75

 </root/github/e906-development/src/NewAcceptanceCorrection/RS59/Acceptance_Mas
s_All_pT_xF_bin1.pdf, page is rotated 90 degrees>]
</root/github/e906-development/src/NewAcceptanceCorrection/RS59/Existing_Vs_Lat
est_Acceptance_Comparison/Compare_Latest_Vs_Existing_LH2_Acceptance_Mass_All_pT
_xF_bin1.pdf, id=6500, 569.12625pt x 552.0625pt>
File: /root/github/e906-development/src/NewAcceptanceCorrection/RS59/Existing_V
s_Latest_Acceptance_Comparison/Compare_Latest_Vs_Existing_LH2_Acceptance_Mass_A
ll_pT_xF_bin1.pdf Graphic file (type pdf)
<use /root/github/e906-development/src/NewAcceptanceCorrection/RS59/Existing_Vs
_Latest_Acceptance_Comparison/Compare_Latest_Vs_Existing_LH2_Acceptance_Mass_Al
l_pT_xF_bin1.pdf>
Package pdftex.def Info: /root/github/e906-development/src/NewAcceptanceCorrect
ion/RS59/Existing_Vs_Latest_Acceptance_Comparison/Compare_Latest_Vs_Existing_LH
2_Acceptance_Mass_All_pT_xF_bin1.pdf  used on input line 1037.
(pdftex.def)             Requested size: 216.67201pt x 210.17342pt.
</root/github/e906-development/src/NewAcceptanceCorrection/RS59/Existing_Vs_Lat
est_Acceptance_Comparison/Compare_Latest_Vs_Existing_LD2_Acceptance_Mass_All_pT
_xF_bin1.pdf, id=6501, 569.12625pt x 552.0625pt>
File: /root/github/e906-development/src/NewAcceptanceCorrection/RS59/Existing_V
s_Latest_Acceptance_Comparison/Compare_Latest_Vs_Existing_LD2_Acceptance_Mass_A
ll_pT_xF_bin1.pdf Graphic file (type pdf)
<use /root/github/e906-development/src/NewAcceptanceCorrection/RS59/Existing_Vs
_Latest_Acceptance_Comparison/Compare_Latest_Vs_Existing_LD2_Acceptance_Mass_Al
l_pT_xF_bin1.pdf>
Package pdftex.def Info: /root/github/e906-development/src/NewAcceptanceCorrect
ion/RS59/Existing_Vs_Latest_Acceptance_Comparison/Compare_Latest_Vs_Existing_LD
2_Acceptance_Mass_All_pT_xF_bin1.pdf  used on input line 1037.
(pdftex.def)             Requested size: 216.67201pt x 210.17342pt.
 [76

 </root/github/e906-development/src/NewAcceptanceCorrection/RS59/Existing_Vs_La
test_Acceptance_Comparison/Compare_Latest_Vs_Existing_LH2_Acceptance_Mass_All_p
T_xF_bin1.pdf, page is rotated 90 degrees> </root/github/e906-development/src/N
ewAcceptanceCorrection/RS59/Existing_Vs_Latest_Acceptance_Comparison/Compare_La
test_Vs_Existing_LD2_Acceptance_Mass_All_pT_xF_bin1.pdf, page is rotated 90 deg
rees>]
File: /root/github/e906-development/src/AcceptanceCorrection/acceptance_no_unfo
lding_bins//acceptance_overlay_mass_sliced_by_xF_bin2.pdf Graphic file (type pd
f)
<use /root/github/e906-development/src/AcceptanceCorrection/acceptance_no_unfol
ding_bins//acceptance_overlay_mass_sliced_by_xF_bin2.pdf>
Package pdftex.def Info: /root/github/e906-development/src/AcceptanceCorrection
/acceptance_no_unfolding_bins//acceptance_overlay_mass_sliced_by_xF_bin2.pdf  u
sed on input line 1050.
(pdftex.def)             Requested size: 216.67201pt x 155.52834pt.
</root/github/e906-development/src/NewAcceptanceCorrection/RS59/acceptance_over
lay_mass_sliced_by_xF_bin2.pdf, id=6595, 569.12625pt x 408.52625pt>
File: /root/github/e906-development/src/NewAcceptanceCorrection/RS59/acceptance
_overlay_mass_sliced_by_xF_bin2.pdf Graphic file (type pdf)
<use /root/github/e906-development/src/NewAcceptanceCorrection/RS59/acceptance_
overlay_mass_sliced_by_xF_bin2.pdf>
Package pdftex.def Info: /root/github/e906-development/src/NewAcceptanceCorrect
ion/RS59/acceptance_overlay_mass_sliced_by_xF_bin2.pdf  used on input line 1050
.
(pdftex.def)             Requested size: 216.67201pt x 155.52834pt.
 [77

 </root/github/e906-development/src/NewAcceptanceCorrection/RS59/acceptance_ove
rlay_mass_sliced_by_xF_bin2.pdf, page is rotated 90 degrees>]
File: /root/github/e906-development/src/AcceptanceCorrection/acceptance_no_unfo
lding_bins//Acceptance_Mass_All_pT_xF_bin2.pdf Graphic file (type pdf)
<use /root/github/e906-development/src/AcceptanceCorrection/acceptance_no_unfol
ding_bins//Acceptance_Mass_All_pT_xF_bin2.pdf>
Package pdftex.def Info: /root/github/e906-development/src/AcceptanceCorrection
/acceptance_no_unfolding_bins//Acceptance_Mass_All_pT_xF_bin2.pdf  used on inpu
t line 1063.
(pdftex.def)             Requested size: 216.67201pt x 210.17342pt.
</root/github/e906-development/src/NewAcceptanceCorrection/RS59/Acceptance_Mass
_All_pT_xF_bin2.pdf, id=6646, 569.12625pt x 552.0625pt>
File: /root/github/e906-development/src/NewAcceptanceCorrection/RS59/Acceptance
_Mass_All_pT_xF_bin2.pdf Graphic file (type pdf)
<use /root/github/e906-development/src/NewAcceptanceCorrection/RS59/Acceptance_
Mass_All_pT_xF_bin2.pdf>
Package pdftex.def Info: /root/github/e906-development/src/NewAcceptanceCorrect
ion/RS59/Acceptance_Mass_All_pT_xF_bin2.pdf  used on input line 1063.
(pdftex.def)             Requested size: 216.67201pt x 210.17342pt.
 [78

 </root/github/e906-development/src/NewAcceptanceCorrection/RS59/Acceptance_Mas
s_All_pT_xF_bin2.pdf, page is rotated 90 degrees>]
</root/github/e906-development/src/NewAcceptanceCorrection/RS59/Existing_Vs_Lat
est_Acceptance_Comparison/Compare_Latest_Vs_Existing_LH2_Acceptance_Mass_All_pT
_xF_bin2.pdf, id=6697, 569.12625pt x 552.0625pt>
File: /root/github/e906-development/src/NewAcceptanceCorrection/RS59/Existing_V
s_Latest_Acceptance_Comparison/Compare_Latest_Vs_Existing_LH2_Acceptance_Mass_A
ll_pT_xF_bin2.pdf Graphic file (type pdf)
<use /root/github/e906-development/src/NewAcceptanceCorrection/RS59/Existing_Vs
_Latest_Acceptance_Comparison/Compare_Latest_Vs_Existing_LH2_Acceptance_Mass_Al
l_pT_xF_bin2.pdf>
Package pdftex.def Info: /root/github/e906-development/src/NewAcceptanceCorrect
ion/RS59/Existing_Vs_Latest_Acceptance_Comparison/Compare_Latest_Vs_Existing_LH
2_Acceptance_Mass_All_pT_xF_bin2.pdf  used on input line 1076.
(pdftex.def)             Requested size: 216.67201pt x 210.17342pt.
</root/github/e906-development/src/NewAcceptanceCorrection/RS59/Existing_Vs_Lat
est_Acceptance_Comparison/Compare_Latest_Vs_Existing_LD2_Acceptance_Mass_All_pT
_xF_bin2.pdf, id=6698, 569.12625pt x 552.0625pt>
File: /root/github/e906-development/src/NewAcceptanceCorrection/RS59/Existing_V
s_Latest_Acceptance_Comparison/Compare_Latest_Vs_Existing_LD2_Acceptance_Mass_A
ll_pT_xF_bin2.pdf Graphic file (type pdf)
<use /root/github/e906-development/src/NewAcceptanceCorrection/RS59/Existing_Vs
_Latest_Acceptance_Comparison/Compare_Latest_Vs_Existing_LD2_Acceptance_Mass_Al
l_pT_xF_bin2.pdf>
Package pdftex.def Info: /root/github/e906-development/src/NewAcceptanceCorrect
ion/RS59/Existing_Vs_Latest_Acceptance_Comparison/Compare_Latest_Vs_Existing_LD
2_Acceptance_Mass_All_pT_xF_bin2.pdf  used on input line 1076.
(pdftex.def)             Requested size: 216.67201pt x 210.17342pt.
 [79

 </root/github/e906-development/src/NewAcceptanceCorrection/RS59/Existing_Vs_La
test_Acceptance_Comparison/Compare_Latest_Vs_Existing_LH2_Acceptance_Mass_All_p
T_xF_bin2.pdf, page is rotated 90 degrees> </root/github/e906-development/src/N
ewAcceptanceCorrection/RS59/Existing_Vs_Latest_Acceptance_Comparison/Compare_La
test_Vs_Existing_LD2_Acceptance_Mass_All_pT_xF_bin2.pdf, page is rotated 90 deg
rees>]
File: /root/github/e906-development/src/AcceptanceCorrection/acceptance_no_unfo
lding_bins//acceptance_overlay_mass_sliced_by_xF_bin3.pdf Graphic file (type pd
f)
<use /root/github/e906-development/src/AcceptanceCorrection/acceptance_no_unfol
ding_bins//acceptance_overlay_mass_sliced_by_xF_bin3.pdf>
Package pdftex.def Info: /root/github/e906-development/src/AcceptanceCorrection
/acceptance_no_unfolding_bins//acceptance_overlay_mass_sliced_by_xF_bin3.pdf  u
sed on input line 1089.
(pdftex.def)             Requested size: 216.67201pt x 155.52834pt.
</root/github/e906-development/src/NewAcceptanceCorrection/RS59/acceptance_over
lay_mass_sliced_by_xF_bin3.pdf, id=6794, 569.12625pt x 408.52625pt>
File: /root/github/e906-development/src/NewAcceptanceCorrection/RS59/acceptance
_overlay_mass_sliced_by_xF_bin3.pdf Graphic file (type pdf)
<use /root/github/e906-development/src/NewAcceptanceCorrection/RS59/acceptance_
overlay_mass_sliced_by_xF_bin3.pdf>
Package pdftex.def Info: /root/github/e906-development/src/NewAcceptanceCorrect
ion/RS59/acceptance_overlay_mass_sliced_by_xF_bin3.pdf  used on input line 1089
.
(pdftex.def)             Requested size: 216.67201pt x 155.52834pt.
 [80

 </root/github/e906-development/src/NewAcceptanceCorrection/RS59/acceptance_ove
rlay_mass_sliced_by_xF_bin3.pdf, page is rotated 90 degrees>]
File: /root/github/e906-development/src/AcceptanceCorrection/acceptance_no_unfo
lding_bins//Acceptance_Mass_All_pT_xF_bin3.pdf Graphic file (type pdf)
<use /root/github/e906-development/src/AcceptanceCorrection/acceptance_no_unfol
ding_bins//Acceptance_Mass_All_pT_xF_bin3.pdf>
Package pdftex.def Info: /root/github/e906-development/src/AcceptanceCorrection
/acceptance_no_unfolding_bins//Acceptance_Mass_All_pT_xF_bin3.pdf  used on inpu
t line 1102.
(pdftex.def)             Requested size: 216.67201pt x 210.17342pt.
</root/github/e906-development/src/NewAcceptanceCorrection/RS59/Acceptance_Mass
_All_pT_xF_bin3.pdf, id=6845, 569.12625pt x 552.0625pt>
File: /root/github/e906-development/src/NewAcceptanceCorrection/RS59/Acceptance
_Mass_All_pT_xF_bin3.pdf Graphic file (type pdf)
<use /root/github/e906-development/src/NewAcceptanceCorrection/RS59/Acceptance_
Mass_All_pT_xF_bin3.pdf>
Package pdftex.def Info: /root/github/e906-development/src/NewAcceptanceCorrect
ion/RS59/Acceptance_Mass_All_pT_xF_bin3.pdf  used on input line 1102.
(pdftex.def)             Requested size: 216.67201pt x 210.17342pt.
 [81

 </root/github/e906-development/src/NewAcceptanceCorrection/RS59/Acceptance_Mas
s_All_pT_xF_bin3.pdf, page is rotated 90 degrees>]
</root/github/e906-development/src/NewAcceptanceCorrection/RS59/Existing_Vs_Lat
est_Acceptance_Comparison/Compare_Latest_Vs_Existing_LH2_Acceptance_Mass_All_pT
_xF_bin3.pdf, id=6896, 569.12625pt x 552.0625pt>
File: /root/github/e906-development/src/NewAcceptanceCorrection/RS59/Existing_V
s_Latest_Acceptance_Comparison/Compare_Latest_Vs_Existing_LH2_Acceptance_Mass_A
ll_pT_xF_bin3.pdf Graphic file (type pdf)
<use /root/github/e906-development/src/NewAcceptanceCorrection/RS59/Existing_Vs
_Latest_Acceptance_Comparison/Compare_Latest_Vs_Existing_LH2_Acceptance_Mass_Al
l_pT_xF_bin3.pdf>
Package pdftex.def Info: /root/github/e906-development/src/NewAcceptanceCorrect
ion/RS59/Existing_Vs_Latest_Acceptance_Comparison/Compare_Latest_Vs_Existing_LH
2_Acceptance_Mass_All_pT_xF_bin3.pdf  used on input line 1115.
(pdftex.def)             Requested size: 216.67201pt x 210.17342pt.
</root/github/e906-development/src/NewAcceptanceCorrection/RS59/Existing_Vs_Lat
est_Acceptance_Comparison/Compare_Latest_Vs_Existing_LD2_Acceptance_Mass_All_pT
_xF_bin3.pdf, id=6897, 569.12625pt x 552.0625pt>
File: /root/github/e906-development/src/NewAcceptanceCorrection/RS59/Existing_V
s_Latest_Acceptance_Comparison/Compare_Latest_Vs_Existing_LD2_Acceptance_Mass_A
ll_pT_xF_bin3.pdf Graphic file (type pdf)
<use /root/github/e906-development/src/NewAcceptanceCorrection/RS59/Existing_Vs
_Latest_Acceptance_Comparison/Compare_Latest_Vs_Existing_LD2_Acceptance_Mass_Al
l_pT_xF_bin3.pdf>
Package pdftex.def Info: /root/github/e906-development/src/NewAcceptanceCorrect
ion/RS59/Existing_Vs_Latest_Acceptance_Comparison/Compare_Latest_Vs_Existing_LD
2_Acceptance_Mass_All_pT_xF_bin3.pdf  used on input line 1115.
(pdftex.def)             Requested size: 216.67201pt x 210.17342pt.
 [82

 </root/github/e906-development/src/NewAcceptanceCorrection/RS59/Existing_Vs_La
test_Acceptance_Comparison/Compare_Latest_Vs_Existing_LH2_Acceptance_Mass_All_p
T_xF_bin3.pdf, page is rotated 90 degrees> </root/github/e906-development/src/N
ewAcceptanceCorrection/RS59/Existing_Vs_Latest_Acceptance_Comparison/Compare_La
test_Vs_Existing_LD2_Acceptance_Mass_All_pT_xF_bin3.pdf, page is rotated 90 deg
rees>]
File: /root/github/e906-development/src/AcceptanceCorrection/acceptance_no_unfo
lding_bins//acceptance_overlay_mass_sliced_by_xF_bin4.pdf Graphic file (type pd
f)
<use /root/github/e906-development/src/AcceptanceCorrection/acceptance_no_unfol
ding_bins//acceptance_overlay_mass_sliced_by_xF_bin4.pdf>
Package pdftex.def Info: /root/github/e906-development/src/AcceptanceCorrection
/acceptance_no_unfolding_bins//acceptance_overlay_mass_sliced_by_xF_bin4.pdf  u
sed on input line 1128.
(pdftex.def)             Requested size: 216.67201pt x 155.52834pt.
</root/github/e906-development/src/NewAcceptanceCorrection/RS59/acceptance_over
lay_mass_sliced_by_xF_bin4.pdf, id=6992, 569.12625pt x 408.52625pt>
File: /root/github/e906-development/src/NewAcceptanceCorrection/RS59/acceptance
_overlay_mass_sliced_by_xF_bin4.pdf Graphic file (type pdf)
<use /root/github/e906-development/src/NewAcceptanceCorrection/RS59/acceptance_
overlay_mass_sliced_by_xF_bin4.pdf>
Package pdftex.def Info: /root/github/e906-development/src/NewAcceptanceCorrect
ion/RS59/acceptance_overlay_mass_sliced_by_xF_bin4.pdf  used on input line 1128
.
(pdftex.def)             Requested size: 216.67201pt x 155.52834pt.
 [83

 </root/github/e906-development/src/NewAcceptanceCorrection/RS59/acceptance_ove
rlay_mass_sliced_by_xF_bin4.pdf, page is rotated 90 degrees>]
File: /root/github/e906-development/src/AcceptanceCorrection/acceptance_no_unfo
lding_bins//Acceptance_Mass_All_pT_xF_bin4.pdf Graphic file (type pdf)
<use /root/github/e906-development/src/AcceptanceCorrection/acceptance_no_unfol
ding_bins//Acceptance_Mass_All_pT_xF_bin4.pdf>
Package pdftex.def Info: /root/github/e906-development/src/AcceptanceCorrection
/acceptance_no_unfolding_bins//Acceptance_Mass_All_pT_xF_bin4.pdf  used on inpu
t line 1141.
(pdftex.def)             Requested size: 216.67201pt x 210.17342pt.
</root/github/e906-development/src/NewAcceptanceCorrection/RS59/Acceptance_Mass
_All_pT_xF_bin4.pdf, id=7043, 569.12625pt x 552.0625pt>
File: /root/github/e906-development/src/NewAcceptanceCorrection/RS59/Acceptance
_Mass_All_pT_xF_bin4.pdf Graphic file (type pdf)
<use /root/github/e906-development/src/NewAcceptanceCorrection/RS59/Acceptance_
Mass_All_pT_xF_bin4.pdf>
Package pdftex.def Info: /root/github/e906-development/src/NewAcceptanceCorrect
ion/RS59/Acceptance_Mass_All_pT_xF_bin4.pdf  used on input line 1141.
(pdftex.def)             Requested size: 216.67201pt x 210.17342pt.
 [84

 </root/github/e906-development/src/NewAcceptanceCorrection/RS59/Acceptance_Mas
s_All_pT_xF_bin4.pdf, page is rotated 90 degrees>]
</root/github/e906-development/src/NewAcceptanceCorrection/RS59/Existing_Vs_Lat
est_Acceptance_Comparison/Compare_Latest_Vs_Existing_LH2_Acceptance_Mass_All_pT
_xF_bin4.pdf, id=7094, 569.12625pt x 552.0625pt>
File: /root/github/e906-development/src/NewAcceptanceCorrection/RS59/Existing_V
s_Latest_Acceptance_Comparison/Compare_Latest_Vs_Existing_LH2_Acceptance_Mass_A
ll_pT_xF_bin4.pdf Graphic file (type pdf)
<use /root/github/e906-development/src/NewAcceptanceCorrection/RS59/Existing_Vs
_Latest_Acceptance_Comparison/Compare_Latest_Vs_Existing_LH2_Acceptance_Mass_Al
l_pT_xF_bin4.pdf>
Package pdftex.def Info: /root/github/e906-development/src/NewAcceptanceCorrect
ion/RS59/Existing_Vs_Latest_Acceptance_Comparison/Compare_Latest_Vs_Existing_LH
2_Acceptance_Mass_All_pT_xF_bin4.pdf  used on input line 1154.
(pdftex.def)             Requested size: 216.67201pt x 210.17342pt.
</root/github/e906-development/src/NewAcceptanceCorrection/RS59/Existing_Vs_Lat
est_Acceptance_Comparison/Compare_Latest_Vs_Existing_LD2_Acceptance_Mass_All_pT
_xF_bin4.pdf, id=7095, 569.12625pt x 552.0625pt>
File: /root/github/e906-development/src/NewAcceptanceCorrection/RS59/Existing_V
s_Latest_Acceptance_Comparison/Compare_Latest_Vs_Existing_LD2_Acceptance_Mass_A
ll_pT_xF_bin4.pdf Graphic file (type pdf)
<use /root/github/e906-development/src/NewAcceptanceCorrection/RS59/Existing_Vs
_Latest_Acceptance_Comparison/Compare_Latest_Vs_Existing_LD2_Acceptance_Mass_Al
l_pT_xF_bin4.pdf>
Package pdftex.def Info: /root/github/e906-development/src/NewAcceptanceCorrect
ion/RS59/Existing_Vs_Latest_Acceptance_Comparison/Compare_Latest_Vs_Existing_LD
2_Acceptance_Mass_All_pT_xF_bin4.pdf  used on input line 1154.
(pdftex.def)             Requested size: 216.67201pt x 210.17342pt.
 [85

 </root/github/e906-development/src/NewAcceptanceCorrection/RS59/Existing_Vs_La
test_Acceptance_Comparison/Compare_Latest_Vs_Existing_LH2_Acceptance_Mass_All_p
T_xF_bin4.pdf, page is rotated 90 degrees> </root/github/e906-development/src/N
ewAcceptanceCorrection/RS59/Existing_Vs_Latest_Acceptance_Comparison/Compare_La
test_Vs_Existing_LD2_Acceptance_Mass_All_pT_xF_bin4.pdf, page is rotated 90 deg
rees>]
File: /root/github/e906-development/src/AcceptanceCorrection/acceptance_no_unfo
lding_bins//acceptance_overlay_mass_sliced_by_xF_bin5.pdf Graphic file (type pd
f)
<use /root/github/e906-development/src/AcceptanceCorrection/acceptance_no_unfol
ding_bins//acceptance_overlay_mass_sliced_by_xF_bin5.pdf>
Package pdftex.def Info: /root/github/e906-development/src/AcceptanceCorrection
/acceptance_no_unfolding_bins//acceptance_overlay_mass_sliced_by_xF_bin5.pdf  u
sed on input line 1167.
(pdftex.def)             Requested size: 216.67201pt x 155.52834pt.
</root/github/e906-development/src/NewAcceptanceCorrection/RS59/acceptance_over
lay_mass_sliced_by_xF_bin5.pdf, id=7191, 569.12625pt x 408.52625pt>
File: /root/github/e906-development/src/NewAcceptanceCorrection/RS59/acceptance
_overlay_mass_sliced_by_xF_bin5.pdf Graphic file (type pdf)
<use /root/github/e906-development/src/NewAcceptanceCorrection/RS59/acceptance_
overlay_mass_sliced_by_xF_bin5.pdf>
Package pdftex.def Info: /root/github/e906-development/src/NewAcceptanceCorrect
ion/RS59/acceptance_overlay_mass_sliced_by_xF_bin5.pdf  used on input line 1167
.
(pdftex.def)             Requested size: 216.67201pt x 155.52834pt.
 [86

 </root/github/e906-development/src/NewAcceptanceCorrection/RS59/acceptance_ove
rlay_mass_sliced_by_xF_bin5.pdf, page is rotated 90 degrees>]
File: /root/github/e906-development/src/AcceptanceCorrection/acceptance_no_unfo
lding_bins//Acceptance_Mass_All_pT_xF_bin5.pdf Graphic file (type pdf)
<use /root/github/e906-development/src/AcceptanceCorrection/acceptance_no_unfol
ding_bins//Acceptance_Mass_All_pT_xF_bin5.pdf>
Package pdftex.def Info: /root/github/e906-development/src/AcceptanceCorrection
/acceptance_no_unfolding_bins//Acceptance_Mass_All_pT_xF_bin5.pdf  used on inpu
t line 1180.
(pdftex.def)             Requested size: 216.67201pt x 210.17342pt.
</root/github/e906-development/src/NewAcceptanceCorrection/RS59/Acceptance_Mass
_All_pT_xF_bin5.pdf, id=7242, 569.12625pt x 552.0625pt>
File: /root/github/e906-development/src/NewAcceptanceCorrection/RS59/Acceptance
_Mass_All_pT_xF_bin5.pdf Graphic file (type pdf)
<use /root/github/e906-development/src/NewAcceptanceCorrection/RS59/Acceptance_
Mass_All_pT_xF_bin5.pdf>
Package pdftex.def Info: /root/github/e906-development/src/NewAcceptanceCorrect
ion/RS59/Acceptance_Mass_All_pT_xF_bin5.pdf  used on input line 1180.
(pdftex.def)             Requested size: 216.67201pt x 210.17342pt.

[87

 </root/github/e906-development/src/NewAcceptanceCorrection/RS59/Acceptance_Mas
s_All_pT_xF_bin5.pdf, page is rotated 90 degrees>]
</root/github/e906-development/src/NewAcceptanceCorrection/RS59/Existing_Vs_Lat
est_Acceptance_Comparison/Compare_Latest_Vs_Existing_LH2_Acceptance_Mass_All_pT
_xF_bin5.pdf, id=7293, 569.12625pt x 552.0625pt>
File: /root/github/e906-development/src/NewAcceptanceCorrection/RS59/Existing_V
s_Latest_Acceptance_Comparison/Compare_Latest_Vs_Existing_LH2_Acceptance_Mass_A
ll_pT_xF_bin5.pdf Graphic file (type pdf)
<use /root/github/e906-development/src/NewAcceptanceCorrection/RS59/Existing_Vs
_Latest_Acceptance_Comparison/Compare_Latest_Vs_Existing_LH2_Acceptance_Mass_Al
l_pT_xF_bin5.pdf>
Package pdftex.def Info: /root/github/e906-development/src/NewAcceptanceCorrect
ion/RS59/Existing_Vs_Latest_Acceptance_Comparison/Compare_Latest_Vs_Existing_LH
2_Acceptance_Mass_All_pT_xF_bin5.pdf  used on input line 1193.
(pdftex.def)             Requested size: 216.67201pt x 210.17342pt.
</root/github/e906-development/src/NewAcceptanceCorrection/RS59/Existing_Vs_Lat
est_Acceptance_Comparison/Compare_Latest_Vs_Existing_LD2_Acceptance_Mass_All_pT
_xF_bin5.pdf, id=7294, 569.12625pt x 552.0625pt>
File: /root/github/e906-development/src/NewAcceptanceCorrection/RS59/Existing_V
s_Latest_Acceptance_Comparison/Compare_Latest_Vs_Existing_LD2_Acceptance_Mass_A
ll_pT_xF_bin5.pdf Graphic file (type pdf)
<use /root/github/e906-development/src/NewAcceptanceCorrection/RS59/Existing_Vs
_Latest_Acceptance_Comparison/Compare_Latest_Vs_Existing_LD2_Acceptance_Mass_Al
l_pT_xF_bin5.pdf>
Package pdftex.def Info: /root/github/e906-development/src/NewAcceptanceCorrect
ion/RS59/Existing_Vs_Latest_Acceptance_Comparison/Compare_Latest_Vs_Existing_LD
2_Acceptance_Mass_All_pT_xF_bin5.pdf  used on input line 1193.
(pdftex.def)             Requested size: 216.67201pt x 210.17342pt.
 [88

 </root/github/e906-development/src/NewAcceptanceCorrection/RS59/Existing_Vs_La
test_Acceptance_Comparison/Compare_Latest_Vs_Existing_LH2_Acceptance_Mass_All_p
T_xF_bin5.pdf, page is rotated 90 degrees> </root/github/e906-development/src/N
ewAcceptanceCorrection/RS59/Existing_Vs_Latest_Acceptance_Comparison/Compare_La
test_Vs_Existing_LD2_Acceptance_Mass_All_pT_xF_bin5.pdf, page is rotated 90 deg
rees>]
File: /root/github/e906-development/src/AcceptanceCorrection/acceptance_no_unfo
lding_bins//acceptance_overlay_mass_sliced_by_xF_bin6.pdf Graphic file (type pd
f)
<use /root/github/e906-development/src/AcceptanceCorrection/acceptance_no_unfol
ding_bins//acceptance_overlay_mass_sliced_by_xF_bin6.pdf>
Package pdftex.def Info: /root/github/e906-development/src/AcceptanceCorrection
/acceptance_no_unfolding_bins//acceptance_overlay_mass_sliced_by_xF_bin6.pdf  u
sed on input line 1206.
(pdftex.def)             Requested size: 216.67201pt x 155.52834pt.
</root/github/e906-development/src/NewAcceptanceCorrection/RS59/acceptance_over
lay_mass_sliced_by_xF_bin6.pdf, id=7388, 569.12625pt x 408.52625pt>
File: /root/github/e906-development/src/NewAcceptanceCorrection/RS59/acceptance
_overlay_mass_sliced_by_xF_bin6.pdf Graphic file (type pdf)
<use /root/github/e906-development/src/NewAcceptanceCorrection/RS59/acceptance_
overlay_mass_sliced_by_xF_bin6.pdf>
Package pdftex.def Info: /root/github/e906-development/src/NewAcceptanceCorrect
ion/RS59/acceptance_overlay_mass_sliced_by_xF_bin6.pdf  used on input line 1206
.
(pdftex.def)             Requested size: 216.67201pt x 155.52834pt.
 [89

 </root/github/e906-development/src/NewAcceptanceCorrection/RS59/acceptance_ove
rlay_mass_sliced_by_xF_bin6.pdf, page is rotated 90 degrees>]
File: /root/github/e906-development/src/AcceptanceCorrection/acceptance_no_unfo
lding_bins//Acceptance_Mass_All_pT_xF_bin6.pdf Graphic file (type pdf)
<use /root/github/e906-development/src/AcceptanceCorrection/acceptance_no_unfol
ding_bins//Acceptance_Mass_All_pT_xF_bin6.pdf>
Package pdftex.def Info: /root/github/e906-development/src/AcceptanceCorrection
/acceptance_no_unfolding_bins//Acceptance_Mass_All_pT_xF_bin6.pdf  used on inpu
t line 1219.
(pdftex.def)             Requested size: 216.67201pt x 210.17342pt.
</root/github/e906-development/src/NewAcceptanceCorrection/RS59/Acceptance_Mass
_All_pT_xF_bin6.pdf, id=7440, 569.12625pt x 552.0625pt>
File: /root/github/e906-development/src/NewAcceptanceCorrection/RS59/Acceptance
_Mass_All_pT_xF_bin6.pdf Graphic file (type pdf)
<use /root/github/e906-development/src/NewAcceptanceCorrection/RS59/Acceptance_
Mass_All_pT_xF_bin6.pdf>
Package pdftex.def Info: /root/github/e906-development/src/NewAcceptanceCorrect
ion/RS59/Acceptance_Mass_All_pT_xF_bin6.pdf  used on input line 1219.
(pdftex.def)             Requested size: 216.67201pt x 210.17342pt.
 [90

 </root/github/e906-development/src/NewAcceptanceCorrection/RS59/Acceptance_Mas
s_All_pT_xF_bin6.pdf, page is rotated 90 degrees>]
</root/github/e906-development/src/NewAcceptanceCorrection/RS59/Existing_Vs_Lat
est_Acceptance_Comparison/Compare_Latest_Vs_Existing_LH2_Acceptance_Mass_All_pT
_xF_bin6.pdf, id=7491, 569.12625pt x 552.0625pt>
File: /root/github/e906-development/src/NewAcceptanceCorrection/RS59/Existing_V
s_Latest_Acceptance_Comparison/Compare_Latest_Vs_Existing_LH2_Acceptance_Mass_A
ll_pT_xF_bin6.pdf Graphic file (type pdf)
<use /root/github/e906-development/src/NewAcceptanceCorrection/RS59/Existing_Vs
_Latest_Acceptance_Comparison/Compare_Latest_Vs_Existing_LH2_Acceptance_Mass_Al
l_pT_xF_bin6.pdf>
Package pdftex.def Info: /root/github/e906-development/src/NewAcceptanceCorrect
ion/RS59/Existing_Vs_Latest_Acceptance_Comparison/Compare_Latest_Vs_Existing_LH
2_Acceptance_Mass_All_pT_xF_bin6.pdf  used on input line 1232.
(pdftex.def)             Requested size: 216.67201pt x 210.17342pt.
</root/github/e906-development/src/NewAcceptanceCorrection/RS59/Existing_Vs_Lat
est_Acceptance_Comparison/Compare_Latest_Vs_Existing_LD2_Acceptance_Mass_All_pT
_xF_bin6.pdf, id=7492, 569.12625pt x 552.0625pt>
File: /root/github/e906-development/src/NewAcceptanceCorrection/RS59/Existing_V
s_Latest_Acceptance_Comparison/Compare_Latest_Vs_Existing_LD2_Acceptance_Mass_A
ll_pT_xF_bin6.pdf Graphic file (type pdf)
<use /root/github/e906-development/src/NewAcceptanceCorrection/RS59/Existing_Vs
_Latest_Acceptance_Comparison/Compare_Latest_Vs_Existing_LD2_Acceptance_Mass_Al
l_pT_xF_bin6.pdf>
Package pdftex.def Info: /root/github/e906-development/src/NewAcceptanceCorrect
ion/RS59/Existing_Vs_Latest_Acceptance_Comparison/Compare_Latest_Vs_Existing_LD
2_Acceptance_Mass_All_pT_xF_bin6.pdf  used on input line 1232.
(pdftex.def)             Requested size: 216.67201pt x 210.17342pt.
 [91

 </root/github/e906-development/src/NewAcceptanceCorrection/RS59/Existing_Vs_La
test_Acceptance_Comparison/Compare_Latest_Vs_Existing_LH2_Acceptance_Mass_All_p
T_xF_bin6.pdf, page is rotated 90 degrees> </root/github/e906-development/src/N
ewAcceptanceCorrection/RS59/Existing_Vs_Latest_Acceptance_Comparison/Compare_La
test_Vs_Existing_LD2_Acceptance_Mass_All_pT_xF_bin6.pdf, page is rotated 90 deg
rees>]
File: /root/github/e906-development/src/AcceptanceCorrection/acceptance_no_unfo
lding_bins//acceptance_overlay_mass_sliced_by_xF_bin7.pdf Graphic file (type pd
f)
<use /root/github/e906-development/src/AcceptanceCorrection/acceptance_no_unfol
ding_bins//acceptance_overlay_mass_sliced_by_xF_bin7.pdf>
Package pdftex.def Info: /root/github/e906-development/src/AcceptanceCorrection
/acceptance_no_unfolding_bins//acceptance_overlay_mass_sliced_by_xF_bin7.pdf  u
sed on input line 1245.
(pdftex.def)             Requested size: 216.67201pt x 155.52834pt.
</root/github/e906-development/src/NewAcceptanceCorrection/RS59/acceptance_over
lay_mass_sliced_by_xF_bin7.pdf, id=7587, 569.12625pt x 408.52625pt>
File: /root/github/e906-development/src/NewAcceptanceCorrection/RS59/acceptance
_overlay_mass_sliced_by_xF_bin7.pdf Graphic file (type pdf)
<use /root/github/e906-development/src/NewAcceptanceCorrection/RS59/acceptance_
overlay_mass_sliced_by_xF_bin7.pdf>
Package pdftex.def Info: /root/github/e906-development/src/NewAcceptanceCorrect
ion/RS59/acceptance_overlay_mass_sliced_by_xF_bin7.pdf  used on input line 1245
.
(pdftex.def)             Requested size: 216.67201pt x 155.52834pt.
 [92

 </root/github/e906-development/src/NewAcceptanceCorrection/RS59/acceptance_ove
rlay_mass_sliced_by_xF_bin7.pdf, page is rotated 90 degrees>]
File: /root/github/e906-development/src/AcceptanceCorrection/acceptance_no_unfo
lding_bins//Acceptance_Mass_All_pT_xF_bin7.pdf Graphic file (type pdf)
<use /root/github/e906-development/src/AcceptanceCorrection/acceptance_no_unfol
ding_bins//Acceptance_Mass_All_pT_xF_bin7.pdf>
Package pdftex.def Info: /root/github/e906-development/src/AcceptanceCorrection
/acceptance_no_unfolding_bins//Acceptance_Mass_All_pT_xF_bin7.pdf  used on inpu
t line 1258.
(pdftex.def)             Requested size: 216.67201pt x 210.17342pt.
</root/github/e906-development/src/NewAcceptanceCorrection/RS59/Acceptance_Mass
_All_pT_xF_bin7.pdf, id=7639, 569.12625pt x 552.0625pt>
File: /root/github/e906-development/src/NewAcceptanceCorrection/RS59/Acceptance
_Mass_All_pT_xF_bin7.pdf Graphic file (type pdf)
<use /root/github/e906-development/src/NewAcceptanceCorrection/RS59/Acceptance_
Mass_All_pT_xF_bin7.pdf>
Package pdftex.def Info: /root/github/e906-development/src/NewAcceptanceCorrect
ion/RS59/Acceptance_Mass_All_pT_xF_bin7.pdf  used on input line 1258.
(pdftex.def)             Requested size: 216.67201pt x 210.17342pt.
 [93

 </root/github/e906-development/src/NewAcceptanceCorrection/RS59/Acceptance_Mas
s_All_pT_xF_bin7.pdf, page is rotated 90 degrees>]
</root/github/e906-development/src/NewAcceptanceCorrection/RS59/Existing_Vs_Lat
est_Acceptance_Comparison/Compare_Latest_Vs_Existing_LH2_Acceptance_Mass_All_pT
_xF_bin7.pdf, id=7690, 569.12625pt x 552.0625pt>
File: /root/github/e906-development/src/NewAcceptanceCorrection/RS59/Existing_V
s_Latest_Acceptance_Comparison/Compare_Latest_Vs_Existing_LH2_Acceptance_Mass_A
ll_pT_xF_bin7.pdf Graphic file (type pdf)
<use /root/github/e906-development/src/NewAcceptanceCorrection/RS59/Existing_Vs
_Latest_Acceptance_Comparison/Compare_Latest_Vs_Existing_LH2_Acceptance_Mass_Al
l_pT_xF_bin7.pdf>
Package pdftex.def Info: /root/github/e906-development/src/NewAcceptanceCorrect
ion/RS59/Existing_Vs_Latest_Acceptance_Comparison/Compare_Latest_Vs_Existing_LH
2_Acceptance_Mass_All_pT_xF_bin7.pdf  used on input line 1271.
(pdftex.def)             Requested size: 216.67201pt x 210.17342pt.
</root/github/e906-development/src/NewAcceptanceCorrection/RS59/Existing_Vs_Lat
est_Acceptance_Comparison/Compare_Latest_Vs_Existing_LD2_Acceptance_Mass_All_pT
_xF_bin7.pdf, id=7691, 569.12625pt x 552.0625pt>
File: /root/github/e906-development/src/NewAcceptanceCorrection/RS59/Existing_V
s_Latest_Acceptance_Comparison/Compare_Latest_Vs_Existing_LD2_Acceptance_Mass_A
ll_pT_xF_bin7.pdf Graphic file (type pdf)
<use /root/github/e906-development/src/NewAcceptanceCorrection/RS59/Existing_Vs
_Latest_Acceptance_Comparison/Compare_Latest_Vs_Existing_LD2_Acceptance_Mass_Al
l_pT_xF_bin7.pdf>
Package pdftex.def Info: /root/github/e906-development/src/NewAcceptanceCorrect
ion/RS59/Existing_Vs_Latest_Acceptance_Comparison/Compare_Latest_Vs_Existing_LD
2_Acceptance_Mass_All_pT_xF_bin7.pdf  used on input line 1271.
(pdftex.def)             Requested size: 216.67201pt x 210.17342pt.

[94

 </root/github/e906-development/src/NewAcceptanceCorrection/RS59/Existing_Vs_La
test_Acceptance_Comparison/Compare_Latest_Vs_Existing_LH2_Acceptance_Mass_All_p
T_xF_bin7.pdf, page is rotated 90 degrees> </root/github/e906-development/src/N
ewAcceptanceCorrection/RS59/Existing_Vs_Latest_Acceptance_Comparison/Compare_La
test_Vs_Existing_LD2_Acceptance_Mass_All_pT_xF_bin7.pdf, page is rotated 90 deg
rees>]
File: /root/github/e906-development/src/AcceptanceCorrection/acceptance_no_unfo
lding_bins//acceptance_overlay_mass_sliced_by_xF_bin8.pdf Graphic file (type pd
f)
<use /root/github/e906-development/src/AcceptanceCorrection/acceptance_no_unfol
ding_bins//acceptance_overlay_mass_sliced_by_xF_bin8.pdf>
Package pdftex.def Info: /root/github/e906-development/src/AcceptanceCorrection
/acceptance_no_unfolding_bins//acceptance_overlay_mass_sliced_by_xF_bin8.pdf  u
sed on input line 1284.
(pdftex.def)             Requested size: 216.67201pt x 155.52834pt.
</root/github/e906-development/src/NewAcceptanceCorrection/RS59/acceptance_over
lay_mass_sliced_by_xF_bin8.pdf, id=7785, 569.12625pt x 408.52625pt>
File: /root/github/e906-development/src/NewAcceptanceCorrection/RS59/acceptance
_overlay_mass_sliced_by_xF_bin8.pdf Graphic file (type pdf)
<use /root/github/e906-development/src/NewAcceptanceCorrection/RS59/acceptance_
overlay_mass_sliced_by_xF_bin8.pdf>
Package pdftex.def Info: /root/github/e906-development/src/NewAcceptanceCorrect
ion/RS59/acceptance_overlay_mass_sliced_by_xF_bin8.pdf  used on input line 1284
.
(pdftex.def)             Requested size: 216.67201pt x 155.52834pt.
 [95

 </root/github/e906-development/src/NewAcceptanceCorrection/RS59/acceptance_ove
rlay_mass_sliced_by_xF_bin8.pdf, page is rotated 90 degrees>]
File: /root/github/e906-development/src/AcceptanceCorrection/acceptance_no_unfo
lding_bins//Acceptance_Mass_All_pT_xF_bin8.pdf Graphic file (type pdf)
<use /root/github/e906-development/src/AcceptanceCorrection/acceptance_no_unfol
ding_bins//Acceptance_Mass_All_pT_xF_bin8.pdf>
Package pdftex.def Info: /root/github/e906-development/src/AcceptanceCorrection
/acceptance_no_unfolding_bins//Acceptance_Mass_All_pT_xF_bin8.pdf  used on inpu
t line 1297.
(pdftex.def)             Requested size: 216.67201pt x 210.17342pt.
</root/github/e906-development/src/NewAcceptanceCorrection/RS59/Acceptance_Mass
_All_pT_xF_bin8.pdf, id=7836, 569.12625pt x 552.0625pt>
File: /root/github/e906-development/src/NewAcceptanceCorrection/RS59/Acceptance
_Mass_All_pT_xF_bin8.pdf Graphic file (type pdf)
<use /root/github/e906-development/src/NewAcceptanceCorrection/RS59/Acceptance_
Mass_All_pT_xF_bin8.pdf>
Package pdftex.def Info: /root/github/e906-development/src/NewAcceptanceCorrect
ion/RS59/Acceptance_Mass_All_pT_xF_bin8.pdf  used on input line 1297.
(pdftex.def)             Requested size: 216.67201pt x 210.17342pt.

[96

 </root/github/e906-development/src/NewAcceptanceCorrection/RS59/Acceptance_Mas
s_All_pT_xF_bin8.pdf, page is rotated 90 degrees>]
</root/github/e906-development/src/NewAcceptanceCorrection/RS59/Existing_Vs_Lat
est_Acceptance_Comparison/Compare_Latest_Vs_Existing_LH2_Acceptance_Mass_All_pT
_xF_bin8.pdf, id=7888, 569.12625pt x 552.0625pt>
File: /root/github/e906-development/src/NewAcceptanceCorrection/RS59/Existing_V
s_Latest_Acceptance_Comparison/Compare_Latest_Vs_Existing_LH2_Acceptance_Mass_A
ll_pT_xF_bin8.pdf Graphic file (type pdf)
<use /root/github/e906-development/src/NewAcceptanceCorrection/RS59/Existing_Vs
_Latest_Acceptance_Comparison/Compare_Latest_Vs_Existing_LH2_Acceptance_Mass_Al
l_pT_xF_bin8.pdf>
Package pdftex.def Info: /root/github/e906-development/src/NewAcceptanceCorrect
ion/RS59/Existing_Vs_Latest_Acceptance_Comparison/Compare_Latest_Vs_Existing_LH
2_Acceptance_Mass_All_pT_xF_bin8.pdf  used on input line 1310.
(pdftex.def)             Requested size: 216.67201pt x 210.17342pt.
</root/github/e906-development/src/NewAcceptanceCorrection/RS59/Existing_Vs_Lat
est_Acceptance_Comparison/Compare_Latest_Vs_Existing_LD2_Acceptance_Mass_All_pT
_xF_bin8.pdf, id=7889, 569.12625pt x 552.0625pt>
File: /root/github/e906-development/src/NewAcceptanceCorrection/RS59/Existing_V
s_Latest_Acceptance_Comparison/Compare_Latest_Vs_Existing_LD2_Acceptance_Mass_A
ll_pT_xF_bin8.pdf Graphic file (type pdf)
<use /root/github/e906-development/src/NewAcceptanceCorrection/RS59/Existing_Vs
_Latest_Acceptance_Comparison/Compare_Latest_Vs_Existing_LD2_Acceptance_Mass_Al
l_pT_xF_bin8.pdf>
Package pdftex.def Info: /root/github/e906-development/src/NewAcceptanceCorrect
ion/RS59/Existing_Vs_Latest_Acceptance_Comparison/Compare_Latest_Vs_Existing_LD
2_Acceptance_Mass_All_pT_xF_bin8.pdf  used on input line 1310.
(pdftex.def)             Requested size: 216.67201pt x 210.17342pt.
 [97

 </root/github/e906-development/src/NewAcceptanceCorrection/RS59/Existing_Vs_La
test_Acceptance_Comparison/Compare_Latest_Vs_Existing_LH2_Acceptance_Mass_All_p
T_xF_bin8.pdf, page is rotated 90 degrees> </root/github/e906-development/src/N
ewAcceptanceCorrection/RS59/Existing_Vs_Latest_Acceptance_Comparison/Compare_La
test_Vs_Existing_LD2_Acceptance_Mass_All_pT_xF_bin8.pdf, page is rotated 90 deg
rees>]
File: /root/github/e906-development/src/AcceptanceCorrection/acceptance_no_unfo
lding_bins//acceptance_overlay_mass_sliced_by_xF_bin9.pdf Graphic file (type pd
f)
<use /root/github/e906-development/src/AcceptanceCorrection/acceptance_no_unfol
ding_bins//acceptance_overlay_mass_sliced_by_xF_bin9.pdf>
Package pdftex.def Info: /root/github/e906-development/src/AcceptanceCorrection
/acceptance_no_unfolding_bins//acceptance_overlay_mass_sliced_by_xF_bin9.pdf  u
sed on input line 1323.
(pdftex.def)             Requested size: 216.67201pt x 155.52834pt.
</root/github/e906-development/src/NewAcceptanceCorrection/RS59/acceptance_over
lay_mass_sliced_by_xF_bin9.pdf, id=7984, 569.12625pt x 408.52625pt>
File: /root/github/e906-development/src/NewAcceptanceCorrection/RS59/acceptance
_overlay_mass_sliced_by_xF_bin9.pdf Graphic file (type pdf)
<use /root/github/e906-development/src/NewAcceptanceCorrection/RS59/acceptance_
overlay_mass_sliced_by_xF_bin9.pdf>
Package pdftex.def Info: /root/github/e906-development/src/NewAcceptanceCorrect
ion/RS59/acceptance_overlay_mass_sliced_by_xF_bin9.pdf  used on input line 1323
.
(pdftex.def)             Requested size: 216.67201pt x 155.52834pt.
 [98

 </root/github/e906-development/src/NewAcceptanceCorrection/RS59/acceptance_ove
rlay_mass_sliced_by_xF_bin9.pdf, page is rotated 90 degrees>]
File: /root/github/e906-development/src/AcceptanceCorrection/acceptance_no_unfo
lding_bins//Acceptance_Mass_All_pT_xF_bin9.pdf Graphic file (type pdf)
<use /root/github/e906-development/src/AcceptanceCorrection/acceptance_no_unfol
ding_bins//Acceptance_Mass_All_pT_xF_bin9.pdf>
Package pdftex.def Info: /root/github/e906-development/src/AcceptanceCorrection
/acceptance_no_unfolding_bins//Acceptance_Mass_All_pT_xF_bin9.pdf  used on inpu
t line 1336.
(pdftex.def)             Requested size: 216.67201pt x 210.17342pt.
</root/github/e906-development/src/NewAcceptanceCorrection/RS59/Acceptance_Mass
_All_pT_xF_bin9.pdf, id=8035, 569.12625pt x 552.0625pt>
File: /root/github/e906-development/src/NewAcceptanceCorrection/RS59/Acceptance
_Mass_All_pT_xF_bin9.pdf Graphic file (type pdf)
<use /root/github/e906-development/src/NewAcceptanceCorrection/RS59/Acceptance_
Mass_All_pT_xF_bin9.pdf>
Package pdftex.def Info: /root/github/e906-development/src/NewAcceptanceCorrect
ion/RS59/Acceptance_Mass_All_pT_xF_bin9.pdf  used on input line 1336.
(pdftex.def)             Requested size: 216.67201pt x 210.17342pt.
 [99

 </root/github/e906-development/src/NewAcceptanceCorrection/RS59/Acceptance_Mas
s_All_pT_xF_bin9.pdf, page is rotated 90 degrees>]
</root/github/e906-development/src/NewAcceptanceCorrection/RS59/Existing_Vs_Lat
est_Acceptance_Comparison/Compare_Latest_Vs_Existing_LH2_Acceptance_Mass_All_pT
_xF_bin9.pdf, id=8087, 569.12625pt x 552.0625pt>
File: /root/github/e906-development/src/NewAcceptanceCorrection/RS59/Existing_V
s_Latest_Acceptance_Comparison/Compare_Latest_Vs_Existing_LH2_Acceptance_Mass_A
ll_pT_xF_bin9.pdf Graphic file (type pdf)
<use /root/github/e906-development/src/NewAcceptanceCorrection/RS59/Existing_Vs
_Latest_Acceptance_Comparison/Compare_Latest_Vs_Existing_LH2_Acceptance_Mass_Al
l_pT_xF_bin9.pdf>
Package pdftex.def Info: /root/github/e906-development/src/NewAcceptanceCorrect
ion/RS59/Existing_Vs_Latest_Acceptance_Comparison/Compare_Latest_Vs_Existing_LH
2_Acceptance_Mass_All_pT_xF_bin9.pdf  used on input line 1349.
(pdftex.def)             Requested size: 216.67201pt x 210.17342pt.
</root/github/e906-development/src/NewAcceptanceCorrection/RS59/Existing_Vs_Lat
est_Acceptance_Comparison/Compare_Latest_Vs_Existing_LD2_Acceptance_Mass_All_pT
_xF_bin9.pdf, id=8088, 569.12625pt x 552.0625pt>
File: /root/github/e906-development/src/NewAcceptanceCorrection/RS59/Existing_V
s_Latest_Acceptance_Comparison/Compare_Latest_Vs_Existing_LD2_Acceptance_Mass_A
ll_pT_xF_bin9.pdf Graphic file (type pdf)
<use /root/github/e906-development/src/NewAcceptanceCorrection/RS59/Existing_Vs
_Latest_Acceptance_Comparison/Compare_Latest_Vs_Existing_LD2_Acceptance_Mass_Al
l_pT_xF_bin9.pdf>
Package pdftex.def Info: /root/github/e906-development/src/NewAcceptanceCorrect
ion/RS59/Existing_Vs_Latest_Acceptance_Comparison/Compare_Latest_Vs_Existing_LD
2_Acceptance_Mass_All_pT_xF_bin9.pdf  used on input line 1349.
(pdftex.def)             Requested size: 216.67201pt x 210.17342pt.
 [100

 </root/github/e906-development/src/NewAcceptanceCorrection/RS59/Existing_Vs_La
test_Acceptance_Comparison/Compare_Latest_Vs_Existing_LH2_Acceptance_Mass_All_p
T_xF_bin9.pdf, page is rotated 90 degrees> </root/github/e906-development/src/N
ewAcceptanceCorrection/RS59/Existing_Vs_Latest_Acceptance_Comparison/Compare_La
test_Vs_Existing_LD2_Acceptance_Mass_All_pT_xF_bin9.pdf, page is rotated 90 deg
rees>]
File: /root/github/e906-development/src/AcceptanceCorrection/acceptance_no_unfo
lding_bins//acceptance_overlay_mass_sliced_by_xF_bin10.pdf Graphic file (type p
df)
<use /root/github/e906-development/src/AcceptanceCorrection/acceptance_no_unfol
ding_bins//acceptance_overlay_mass_sliced_by_xF_bin10.pdf>
Package pdftex.def Info: /root/github/e906-development/src/AcceptanceCorrection
/acceptance_no_unfolding_bins//acceptance_overlay_mass_sliced_by_xF_bin10.pdf  
used on input line 1362.
(pdftex.def)             Requested size: 216.67201pt x 155.52834pt.
</root/github/e906-development/src/NewAcceptanceCorrection/RS59/acceptance_over
lay_mass_sliced_by_xF_bin10.pdf, id=8182, 569.12625pt x 408.52625pt>
File: /root/github/e906-development/src/NewAcceptanceCorrection/RS59/acceptance
_overlay_mass_sliced_by_xF_bin10.pdf Graphic file (type pdf)
<use /root/github/e906-development/src/NewAcceptanceCorrection/RS59/acceptance_
overlay_mass_sliced_by_xF_bin10.pdf>
Package pdftex.def Info: /root/github/e906-development/src/NewAcceptanceCorrect
ion/RS59/acceptance_overlay_mass_sliced_by_xF_bin10.pdf  used on input line 136
2.
(pdftex.def)             Requested size: 216.67201pt x 155.52834pt.
 [101

 </root/github/e906-development/src/NewAcceptanceCorrection/RS59/acceptance_ove
rlay_mass_sliced_by_xF_bin10.pdf, page is rotated 90 degrees>]
File: /root/github/e906-development/src/AcceptanceCorrection/acceptance_no_unfo
lding_bins//Acceptance_Mass_All_pT_xF_bin10.pdf Graphic file (type pdf)
<use /root/github/e906-development/src/AcceptanceCorrection/acceptance_no_unfol
ding_bins//Acceptance_Mass_All_pT_xF_bin10.pdf>
Package pdftex.def Info: /root/github/e906-development/src/AcceptanceCorrection
/acceptance_no_unfolding_bins//Acceptance_Mass_All_pT_xF_bin10.pdf  used on inp
ut line 1375.
(pdftex.def)             Requested size: 216.67201pt x 210.17342pt.
</root/github/e906-development/src/NewAcceptanceCorrection/RS59/Acceptance_Mass
_All_pT_xF_bin10.pdf, id=8233, 569.12625pt x 552.0625pt>
File: /root/github/e906-development/src/NewAcceptanceCorrection/RS59/Acceptance
_Mass_All_pT_xF_bin10.pdf Graphic file (type pdf)
<use /root/github/e906-development/src/NewAcceptanceCorrection/RS59/Acceptance_
Mass_All_pT_xF_bin10.pdf>
Package pdftex.def Info: /root/github/e906-development/src/NewAcceptanceCorrect
ion/RS59/Acceptance_Mass_All_pT_xF_bin10.pdf  used on input line 1375.
(pdftex.def)             Requested size: 216.67201pt x 210.17342pt.
 [102

 </root/github/e906-development/src/NewAcceptanceCorrection/RS59/Acceptance_Mas
s_All_pT_xF_bin10.pdf, page is rotated 90 degrees>]
</root/github/e906-development/src/NewAcceptanceCorrection/RS59/Existing_Vs_Lat
est_Acceptance_Comparison/Compare_Latest_Vs_Existing_LH2_Acceptance_Mass_All_pT
_xF_bin10.pdf, id=8284, 569.12625pt x 552.0625pt>
File: /root/github/e906-development/src/NewAcceptanceCorrection/RS59/Existing_V
s_Latest_Acceptance_Comparison/Compare_Latest_Vs_Existing_LH2_Acceptance_Mass_A
ll_pT_xF_bin10.pdf Graphic file (type pdf)
<use /root/github/e906-development/src/NewAcceptanceCorrection/RS59/Existing_Vs
_Latest_Acceptance_Comparison/Compare_Latest_Vs_Existing_LH2_Acceptance_Mass_Al
l_pT_xF_bin10.pdf>
Package pdftex.def Info: /root/github/e906-development/src/NewAcceptanceCorrect
ion/RS59/Existing_Vs_Latest_Acceptance_Comparison/Compare_Latest_Vs_Existing_LH
2_Acceptance_Mass_All_pT_xF_bin10.pdf  used on input line 1388.
(pdftex.def)             Requested size: 216.67201pt x 210.17342pt.
</root/github/e906-development/src/NewAcceptanceCorrection/RS59/Existing_Vs_Lat
est_Acceptance_Comparison/Compare_Latest_Vs_Existing_LD2_Acceptance_Mass_All_pT
_xF_bin10.pdf, id=8285, 569.12625pt x 552.0625pt>
File: /root/github/e906-development/src/NewAcceptanceCorrection/RS59/Existing_V
s_Latest_Acceptance_Comparison/Compare_Latest_Vs_Existing_LD2_Acceptance_Mass_A
ll_pT_xF_bin10.pdf Graphic file (type pdf)
<use /root/github/e906-development/src/NewAcceptanceCorrection/RS59/Existing_Vs
_Latest_Acceptance_Comparison/Compare_Latest_Vs_Existing_LD2_Acceptance_Mass_Al
l_pT_xF_bin10.pdf>
Package pdftex.def Info: /root/github/e906-development/src/NewAcceptanceCorrect
ion/RS59/Existing_Vs_Latest_Acceptance_Comparison/Compare_Latest_Vs_Existing_LD
2_Acceptance_Mass_All_pT_xF_bin10.pdf  used on input line 1388.
(pdftex.def)             Requested size: 216.67201pt x 210.17342pt.
[103

 </root/github/e906-development/src/NewAcceptanceCorrection/RS59/Existing_Vs_La
test_Acceptance_Comparison/Compare_Latest_Vs_Existing_LH2_Acceptance_Mass_All_p
T_xF_bin10.pdf, page is rotated 90 degrees> </root/github/e906-development/src/
NewAcceptanceCorrection/RS59/Existing_Vs_Latest_Acceptance_Comparison/Compare_L
atest_Vs_Existing_LD2_Acceptance_Mass_All_pT_xF_bin10.pdf, page is rotated 90 d
egrees>]
File: /root/github/e906-development/src/AcceptanceCorrection/acceptance_no_unfo
lding_bins//acceptance_overlay_mass_sliced_by_xF_bin11.pdf Graphic file (type p
df)
<use /root/github/e906-development/src/AcceptanceCorrection/acceptance_no_unfol
ding_bins//acceptance_overlay_mass_sliced_by_xF_bin11.pdf>
Package pdftex.def Info: /root/github/e906-development/src/AcceptanceCorrection
/acceptance_no_unfolding_bins//acceptance_overlay_mass_sliced_by_xF_bin11.pdf  
used on input line 1401.
(pdftex.def)             Requested size: 216.67201pt x 155.52834pt.
</root/github/e906-development/src/NewAcceptanceCorrection/RS59/acceptance_over
lay_mass_sliced_by_xF_bin11.pdf, id=8381, 569.12625pt x 408.52625pt>
File: /root/github/e906-development/src/NewAcceptanceCorrection/RS59/acceptance
_overlay_mass_sliced_by_xF_bin11.pdf Graphic file (type pdf)
<use /root/github/e906-development/src/NewAcceptanceCorrection/RS59/acceptance_
overlay_mass_sliced_by_xF_bin11.pdf>
Package pdftex.def Info: /root/github/e906-development/src/NewAcceptanceCorrect
ion/RS59/acceptance_overlay_mass_sliced_by_xF_bin11.pdf  used on input line 140
1.
(pdftex.def)             Requested size: 216.67201pt x 155.52834pt.
 [104

 </root/github/e906-development/src/NewAcceptanceCorrection/RS59/acceptance_ove
rlay_mass_sliced_by_xF_bin11.pdf, page is rotated 90 degrees>]
File: /root/github/e906-development/src/AcceptanceCorrection/acceptance_no_unfo
lding_bins//Acceptance_Mass_All_pT_xF_bin11.pdf Graphic file (type pdf)
<use /root/github/e906-development/src/AcceptanceCorrection/acceptance_no_unfol
ding_bins//Acceptance_Mass_All_pT_xF_bin11.pdf>
Package pdftex.def Info: /root/github/e906-development/src/AcceptanceCorrection
/acceptance_no_unfolding_bins//Acceptance_Mass_All_pT_xF_bin11.pdf  used on inp
ut line 1414.
(pdftex.def)             Requested size: 216.67201pt x 210.17342pt.
</root/github/e906-development/src/NewAcceptanceCorrection/RS59/Acceptance_Mass
_All_pT_xF_bin11.pdf, id=8432, 569.12625pt x 552.0625pt>
File: /root/github/e906-development/src/NewAcceptanceCorrection/RS59/Acceptance
_Mass_All_pT_xF_bin11.pdf Graphic file (type pdf)
<use /root/github/e906-development/src/NewAcceptanceCorrection/RS59/Acceptance_
Mass_All_pT_xF_bin11.pdf>
Package pdftex.def Info: /root/github/e906-development/src/NewAcceptanceCorrect
ion/RS59/Acceptance_Mass_All_pT_xF_bin11.pdf  used on input line 1414.
(pdftex.def)             Requested size: 216.67201pt x 210.17342pt.
[105

 </root/github/e906-development/src/NewAcceptanceCorrection/RS59/Acceptance_Mas
s_All_pT_xF_bin11.pdf, page is rotated 90 degrees>]
</root/github/e906-development/src/NewAcceptanceCorrection/RS59/Existing_Vs_Lat
est_Acceptance_Comparison/Compare_Latest_Vs_Existing_LH2_Acceptance_Mass_All_pT
_xF_bin11.pdf, id=8483, 569.12625pt x 552.0625pt>
File: /root/github/e906-development/src/NewAcceptanceCorrection/RS59/Existing_V
s_Latest_Acceptance_Comparison/Compare_Latest_Vs_Existing_LH2_Acceptance_Mass_A
ll_pT_xF_bin11.pdf Graphic file (type pdf)
<use /root/github/e906-development/src/NewAcceptanceCorrection/RS59/Existing_Vs
_Latest_Acceptance_Comparison/Compare_Latest_Vs_Existing_LH2_Acceptance_Mass_Al
l_pT_xF_bin11.pdf>
Package pdftex.def Info: /root/github/e906-development/src/NewAcceptanceCorrect
ion/RS59/Existing_Vs_Latest_Acceptance_Comparison/Compare_Latest_Vs_Existing_LH
2_Acceptance_Mass_All_pT_xF_bin11.pdf  used on input line 1427.
(pdftex.def)             Requested size: 216.67201pt x 210.17342pt.
</root/github/e906-development/src/NewAcceptanceCorrection/RS59/Existing_Vs_Lat
est_Acceptance_Comparison/Compare_Latest_Vs_Existing_LD2_Acceptance_Mass_All_pT
_xF_bin11.pdf, id=8484, 569.12625pt x 552.0625pt>
File: /root/github/e906-development/src/NewAcceptanceCorrection/RS59/Existing_V
s_Latest_Acceptance_Comparison/Compare_Latest_Vs_Existing_LD2_Acceptance_Mass_A
ll_pT_xF_bin11.pdf Graphic file (type pdf)
<use /root/github/e906-development/src/NewAcceptanceCorrection/RS59/Existing_Vs
_Latest_Acceptance_Comparison/Compare_Latest_Vs_Existing_LD2_Acceptance_Mass_Al
l_pT_xF_bin11.pdf>
Package pdftex.def Info: /root/github/e906-development/src/NewAcceptanceCorrect
ion/RS59/Existing_Vs_Latest_Acceptance_Comparison/Compare_Latest_Vs_Existing_LD
2_Acceptance_Mass_All_pT_xF_bin11.pdf  used on input line 1427.
(pdftex.def)             Requested size: 216.67201pt x 210.17342pt.
 [106

 </root/github/e906-development/src/NewAcceptanceCorrection/RS59/Existing_Vs_La
test_Acceptance_Comparison/Compare_Latest_Vs_Existing_LH2_Acceptance_Mass_All_p
T_xF_bin11.pdf, page is rotated 90 degrees> </root/github/e906-development/src/
NewAcceptanceCorrection/RS59/Existing_Vs_Latest_Acceptance_Comparison/Compare_L
atest_Vs_Existing_LD2_Acceptance_Mass_All_pT_xF_bin11.pdf, page is rotated 90 d
egrees>]
File: /root/github/e906-development/src/AcceptanceCorrection/acceptance_no_unfo
lding_bins//acceptance_overlay_mass_sliced_by_xF_bin12.pdf Graphic file (type p
df)
<use /root/github/e906-development/src/AcceptanceCorrection/acceptance_no_unfol
ding_bins//acceptance_overlay_mass_sliced_by_xF_bin12.pdf>
Package pdftex.def Info: /root/github/e906-development/src/AcceptanceCorrection
/acceptance_no_unfolding_bins//acceptance_overlay_mass_sliced_by_xF_bin12.pdf  
used on input line 1440.
(pdftex.def)             Requested size: 216.67201pt x 155.52834pt.
</root/github/e906-development/src/NewAcceptanceCorrection/RS59/acceptance_over
lay_mass_sliced_by_xF_bin12.pdf, id=8579, 569.12625pt x 408.52625pt>
File: /root/github/e906-development/src/NewAcceptanceCorrection/RS59/acceptance
_overlay_mass_sliced_by_xF_bin12.pdf Graphic file (type pdf)
<use /root/github/e906-development/src/NewAcceptanceCorrection/RS59/acceptance_
overlay_mass_sliced_by_xF_bin12.pdf>
Package pdftex.def Info: /root/github/e906-development/src/NewAcceptanceCorrect
ion/RS59/acceptance_overlay_mass_sliced_by_xF_bin12.pdf  used on input line 144
0.
(pdftex.def)             Requested size: 216.67201pt x 155.52834pt.
 [107

 </root/github/e906-development/src/NewAcceptanceCorrection/RS59/acceptance_ove
rlay_mass_sliced_by_xF_bin12.pdf, page is rotated 90 degrees>]
File: /root/github/e906-development/src/AcceptanceCorrection/acceptance_no_unfo
lding_bins//Acceptance_Mass_All_pT_xF_bin12.pdf Graphic file (type pdf)
<use /root/github/e906-development/src/AcceptanceCorrection/acceptance_no_unfol
ding_bins//Acceptance_Mass_All_pT_xF_bin12.pdf>
Package pdftex.def Info: /root/github/e906-development/src/AcceptanceCorrection
/acceptance_no_unfolding_bins//Acceptance_Mass_All_pT_xF_bin12.pdf  used on inp
ut line 1453.
(pdftex.def)             Requested size: 216.67201pt x 210.17342pt.
</root/github/e906-development/src/NewAcceptanceCorrection/RS59/Acceptance_Mass
_All_pT_xF_bin12.pdf, id=8630, 569.12625pt x 552.0625pt>
File: /root/github/e906-development/src/NewAcceptanceCorrection/RS59/Acceptance
_Mass_All_pT_xF_bin12.pdf Graphic file (type pdf)
<use /root/github/e906-development/src/NewAcceptanceCorrection/RS59/Acceptance_
Mass_All_pT_xF_bin12.pdf>
Package pdftex.def Info: /root/github/e906-development/src/NewAcceptanceCorrect
ion/RS59/Acceptance_Mass_All_pT_xF_bin12.pdf  used on input line 1453.
(pdftex.def)             Requested size: 216.67201pt x 210.17342pt.
 [108

 </root/github/e906-development/src/NewAcceptanceCorrection/RS59/Acceptance_Mas
s_All_pT_xF_bin12.pdf, page is rotated 90 degrees>]
</root/github/e906-development/src/NewAcceptanceCorrection/RS59/Existing_Vs_Lat
est_Acceptance_Comparison/Compare_Latest_Vs_Existing_LH2_Acceptance_Mass_All_pT
_xF_bin12.pdf, id=8681, 569.12625pt x 552.0625pt>
File: /root/github/e906-development/src/NewAcceptanceCorrection/RS59/Existing_V
s_Latest_Acceptance_Comparison/Compare_Latest_Vs_Existing_LH2_Acceptance_Mass_A
ll_pT_xF_bin12.pdf Graphic file (type pdf)
<use /root/github/e906-development/src/NewAcceptanceCorrection/RS59/Existing_Vs
_Latest_Acceptance_Comparison/Compare_Latest_Vs_Existing_LH2_Acceptance_Mass_Al
l_pT_xF_bin12.pdf>
Package pdftex.def Info: /root/github/e906-development/src/NewAcceptanceCorrect
ion/RS59/Existing_Vs_Latest_Acceptance_Comparison/Compare_Latest_Vs_Existing_LH
2_Acceptance_Mass_All_pT_xF_bin12.pdf  used on input line 1466.
(pdftex.def)             Requested size: 216.67201pt x 210.17342pt.
</root/github/e906-development/src/NewAcceptanceCorrection/RS59/Existing_Vs_Lat
est_Acceptance_Comparison/Compare_Latest_Vs_Existing_LD2_Acceptance_Mass_All_pT
_xF_bin12.pdf, id=8682, 569.12625pt x 552.0625pt>
File: /root/github/e906-development/src/NewAcceptanceCorrection/RS59/Existing_V
s_Latest_Acceptance_Comparison/Compare_Latest_Vs_Existing_LD2_Acceptance_Mass_A
ll_pT_xF_bin12.pdf Graphic file (type pdf)
<use /root/github/e906-development/src/NewAcceptanceCorrection/RS59/Existing_Vs
_Latest_Acceptance_Comparison/Compare_Latest_Vs_Existing_LD2_Acceptance_Mass_Al
l_pT_xF_bin12.pdf>
Package pdftex.def Info: /root/github/e906-development/src/NewAcceptanceCorrect
ion/RS59/Existing_Vs_Latest_Acceptance_Comparison/Compare_Latest_Vs_Existing_LD
2_Acceptance_Mass_All_pT_xF_bin12.pdf  used on input line 1466.
(pdftex.def)             Requested size: 216.67201pt x 210.17342pt.
 [109

 </root/github/e906-development/src/NewAcceptanceCorrection/RS59/Existing_Vs_La
test_Acceptance_Comparison/Compare_Latest_Vs_Existing_LH2_Acceptance_Mass_All_p
T_xF_bin12.pdf, page is rotated 90 degrees> </root/github/e906-development/src/
NewAcceptanceCorrection/RS59/Existing_Vs_Latest_Acceptance_Comparison/Compare_L
atest_Vs_Existing_LD2_Acceptance_Mass_All_pT_xF_bin12.pdf, page is rotated 90 d
egrees>]
File: /root/github/e906-development/src/AcceptanceCorrection/acceptance_no_unfo
lding_bins//acceptance_overlay_mass_sliced_by_xF_bin13.pdf Graphic file (type p
df)
<use /root/github/e906-development/src/AcceptanceCorrection/acceptance_no_unfol
ding_bins//acceptance_overlay_mass_sliced_by_xF_bin13.pdf>
Package pdftex.def Info: /root/github/e906-development/src/AcceptanceCorrection
/acceptance_no_unfolding_bins//acceptance_overlay_mass_sliced_by_xF_bin13.pdf  
used on input line 1479.
(pdftex.def)             Requested size: 216.67201pt x 155.52834pt.
</root/github/e906-development/src/NewAcceptanceCorrection/RS59/acceptance_over
lay_mass_sliced_by_xF_bin13.pdf, id=8778, 569.12625pt x 408.52625pt>
File: /root/github/e906-development/src/NewAcceptanceCorrection/RS59/acceptance
_overlay_mass_sliced_by_xF_bin13.pdf Graphic file (type pdf)
<use /root/github/e906-development/src/NewAcceptanceCorrection/RS59/acceptance_
overlay_mass_sliced_by_xF_bin13.pdf>
Package pdftex.def Info: /root/github/e906-development/src/NewAcceptanceCorrect
ion/RS59/acceptance_overlay_mass_sliced_by_xF_bin13.pdf  used on input line 147
9.
(pdftex.def)             Requested size: 216.67201pt x 155.52834pt.
 [110

 </root/github/e906-development/src/NewAcceptanceCorrection/RS59/acceptance_ove
rlay_mass_sliced_by_xF_bin13.pdf, page is rotated 90 degrees>]
File: /root/github/e906-development/src/AcceptanceCorrection/acceptance_no_unfo
lding_bins//Acceptance_Mass_All_pT_xF_bin13.pdf Graphic file (type pdf)
<use /root/github/e906-development/src/AcceptanceCorrection/acceptance_no_unfol
ding_bins//Acceptance_Mass_All_pT_xF_bin13.pdf>
Package pdftex.def Info: /root/github/e906-development/src/AcceptanceCorrection
/acceptance_no_unfolding_bins//Acceptance_Mass_All_pT_xF_bin13.pdf  used on inp
ut line 1492.
(pdftex.def)             Requested size: 216.67201pt x 210.17342pt.
</root/github/e906-development/src/NewAcceptanceCorrection/RS59/Acceptance_Mass
_All_pT_xF_bin13.pdf, id=8829, 569.12625pt x 552.0625pt>
File: /root/github/e906-development/src/NewAcceptanceCorrection/RS59/Acceptance
_Mass_All_pT_xF_bin13.pdf Graphic file (type pdf)
<use /root/github/e906-development/src/NewAcceptanceCorrection/RS59/Acceptance_
Mass_All_pT_xF_bin13.pdf>
Package pdftex.def Info: /root/github/e906-development/src/NewAcceptanceCorrect
ion/RS59/Acceptance_Mass_All_pT_xF_bin13.pdf  used on input line 1492.
(pdftex.def)             Requested size: 216.67201pt x 210.17342pt.
 [111

 </root/github/e906-development/src/NewAcceptanceCorrection/RS59/Acceptance_Mas
s_All_pT_xF_bin13.pdf, page is rotated 90 degrees>]
</root/github/e906-development/src/NewAcceptanceCorrection/RS59/Existing_Vs_Lat
est_Acceptance_Comparison/Compare_Latest_Vs_Existing_LH2_Acceptance_Mass_All_pT
_xF_bin13.pdf, id=8880, 569.12625pt x 552.0625pt>
File: /root/github/e906-development/src/NewAcceptanceCorrection/RS59/Existing_V
s_Latest_Acceptance_Comparison/Compare_Latest_Vs_Existing_LH2_Acceptance_Mass_A
ll_pT_xF_bin13.pdf Graphic file (type pdf)
<use /root/github/e906-development/src/NewAcceptanceCorrection/RS59/Existing_Vs
_Latest_Acceptance_Comparison/Compare_Latest_Vs_Existing_LH2_Acceptance_Mass_Al
l_pT_xF_bin13.pdf>
Package pdftex.def Info: /root/github/e906-development/src/NewAcceptanceCorrect
ion/RS59/Existing_Vs_Latest_Acceptance_Comparison/Compare_Latest_Vs_Existing_LH
2_Acceptance_Mass_All_pT_xF_bin13.pdf  used on input line 1505.
(pdftex.def)             Requested size: 216.67201pt x 210.17342pt.
</root/github/e906-development/src/NewAcceptanceCorrection/RS59/Existing_Vs_Lat
est_Acceptance_Comparison/Compare_Latest_Vs_Existing_LD2_Acceptance_Mass_All_pT
_xF_bin13.pdf, id=8881, 569.12625pt x 552.0625pt>
File: /root/github/e906-development/src/NewAcceptanceCorrection/RS59/Existing_V
s_Latest_Acceptance_Comparison/Compare_Latest_Vs_Existing_LD2_Acceptance_Mass_A
ll_pT_xF_bin13.pdf Graphic file (type pdf)
<use /root/github/e906-development/src/NewAcceptanceCorrection/RS59/Existing_Vs
_Latest_Acceptance_Comparison/Compare_Latest_Vs_Existing_LD2_Acceptance_Mass_Al
l_pT_xF_bin13.pdf>
Package pdftex.def Info: /root/github/e906-development/src/NewAcceptanceCorrect
ion/RS59/Existing_Vs_Latest_Acceptance_Comparison/Compare_Latest_Vs_Existing_LD
2_Acceptance_Mass_All_pT_xF_bin13.pdf  used on input line 1505.
(pdftex.def)             Requested size: 216.67201pt x 210.17342pt.
 [112

 </root/github/e906-development/src/NewAcceptanceCorrection/RS59/Existing_Vs_La
test_Acceptance_Comparison/Compare_Latest_Vs_Existing_LH2_Acceptance_Mass_All_p
T_xF_bin13.pdf, page is rotated 90 degrees> </root/github/e906-development/src/
NewAcceptanceCorrection/RS59/Existing_Vs_Latest_Acceptance_Comparison/Compare_L
atest_Vs_Existing_LD2_Acceptance_Mass_All_pT_xF_bin13.pdf, page is rotated 90 d
egrees>]
File: /root/github/e906-development/src/AcceptanceCorrection/acceptance_no_unfo
lding_bins//acceptance_overlay_mass_sliced_by_xF_bin14.pdf Graphic file (type p
df)
<use /root/github/e906-development/src/AcceptanceCorrection/acceptance_no_unfol
ding_bins//acceptance_overlay_mass_sliced_by_xF_bin14.pdf>
Package pdftex.def Info: /root/github/e906-development/src/AcceptanceCorrection
/acceptance_no_unfolding_bins//acceptance_overlay_mass_sliced_by_xF_bin14.pdf  
used on input line 1518.
(pdftex.def)             Requested size: 216.67201pt x 155.52834pt.
</root/github/e906-development/src/NewAcceptanceCorrection/RS59/acceptance_over
lay_mass_sliced_by_xF_bin14.pdf, id=8975, 569.12625pt x 408.52625pt>
File: /root/github/e906-development/src/NewAcceptanceCorrection/RS59/acceptance
_overlay_mass_sliced_by_xF_bin14.pdf Graphic file (type pdf)
<use /root/github/e906-development/src/NewAcceptanceCorrection/RS59/acceptance_
overlay_mass_sliced_by_xF_bin14.pdf>
Package pdftex.def Info: /root/github/e906-development/src/NewAcceptanceCorrect
ion/RS59/acceptance_overlay_mass_sliced_by_xF_bin14.pdf  used on input line 151
8.
(pdftex.def)             Requested size: 216.67201pt x 155.52834pt.
 [113

 </root/github/e906-development/src/NewAcceptanceCorrection/RS59/acceptance_ove
rlay_mass_sliced_by_xF_bin14.pdf, page is rotated 90 degrees>]
File: /root/github/e906-development/src/AcceptanceCorrection/acceptance_no_unfo
lding_bins//Acceptance_Mass_All_pT_xF_bin14.pdf Graphic file (type pdf)
<use /root/github/e906-development/src/AcceptanceCorrection/acceptance_no_unfol
ding_bins//Acceptance_Mass_All_pT_xF_bin14.pdf>
Package pdftex.def Info: /root/github/e906-development/src/AcceptanceCorrection
/acceptance_no_unfolding_bins//Acceptance_Mass_All_pT_xF_bin14.pdf  used on inp
ut line 1531.
(pdftex.def)             Requested size: 216.67201pt x 210.17342pt.
</root/github/e906-development/src/NewAcceptanceCorrection/RS59/Acceptance_Mass
_All_pT_xF_bin14.pdf, id=9027, 569.12625pt x 552.0625pt>
File: /root/github/e906-development/src/NewAcceptanceCorrection/RS59/Acceptance
_Mass_All_pT_xF_bin14.pdf Graphic file (type pdf)
<use /root/github/e906-development/src/NewAcceptanceCorrection/RS59/Acceptance_
Mass_All_pT_xF_bin14.pdf>
Package pdftex.def Info: /root/github/e906-development/src/NewAcceptanceCorrect
ion/RS59/Acceptance_Mass_All_pT_xF_bin14.pdf  used on input line 1531.
(pdftex.def)             Requested size: 216.67201pt x 210.17342pt.
 [114

 </root/github/e906-development/src/NewAcceptanceCorrection/RS59/Acceptance_Mas
s_All_pT_xF_bin14.pdf, page is rotated 90 degrees>]
</root/github/e906-development/src/NewAcceptanceCorrection/RS59/Existing_Vs_Lat
est_Acceptance_Comparison/Compare_Latest_Vs_Existing_LH2_Acceptance_Mass_All_pT
_xF_bin14.pdf, id=9078, 569.12625pt x 552.0625pt>
File: /root/github/e906-development/src/NewAcceptanceCorrection/RS59/Existing_V
s_Latest_Acceptance_Comparison/Compare_Latest_Vs_Existing_LH2_Acceptance_Mass_A
ll_pT_xF_bin14.pdf Graphic file (type pdf)
<use /root/github/e906-development/src/NewAcceptanceCorrection/RS59/Existing_Vs
_Latest_Acceptance_Comparison/Compare_Latest_Vs_Existing_LH2_Acceptance_Mass_Al
l_pT_xF_bin14.pdf>
Package pdftex.def Info: /root/github/e906-development/src/NewAcceptanceCorrect
ion/RS59/Existing_Vs_Latest_Acceptance_Comparison/Compare_Latest_Vs_Existing_LH
2_Acceptance_Mass_All_pT_xF_bin14.pdf  used on input line 1544.
(pdftex.def)             Requested size: 216.67201pt x 210.17342pt.
</root/github/e906-development/src/NewAcceptanceCorrection/RS59/Existing_Vs_Lat
est_Acceptance_Comparison/Compare_Latest_Vs_Existing_LD2_Acceptance_Mass_All_pT
_xF_bin14.pdf, id=9079, 569.12625pt x 552.0625pt>
File: /root/github/e906-development/src/NewAcceptanceCorrection/RS59/Existing_V
s_Latest_Acceptance_Comparison/Compare_Latest_Vs_Existing_LD2_Acceptance_Mass_A
ll_pT_xF_bin14.pdf Graphic file (type pdf)
<use /root/github/e906-development/src/NewAcceptanceCorrection/RS59/Existing_Vs
_Latest_Acceptance_Comparison/Compare_Latest_Vs_Existing_LD2_Acceptance_Mass_Al
l_pT_xF_bin14.pdf>
Package pdftex.def Info: /root/github/e906-development/src/NewAcceptanceCorrect
ion/RS59/Existing_Vs_Latest_Acceptance_Comparison/Compare_Latest_Vs_Existing_LD
2_Acceptance_Mass_All_pT_xF_bin14.pdf  used on input line 1544.
(pdftex.def)             Requested size: 216.67201pt x 210.17342pt.
 [115

 </root/github/e906-development/src/NewAcceptanceCorrection/RS59/Existing_Vs_La
test_Acceptance_Comparison/Compare_Latest_Vs_Existing_LH2_Acceptance_Mass_All_p
T_xF_bin14.pdf, page is rotated 90 degrees> </root/github/e906-development/src/
NewAcceptanceCorrection/RS59/Existing_Vs_Latest_Acceptance_Comparison/Compare_L
atest_Vs_Existing_LD2_Acceptance_Mass_All_pT_xF_bin14.pdf, page is rotated 90 d
egrees>]
File: /root/github/e906-development/src/AcceptanceCorrection/acceptance_no_unfo
lding_bins//acceptance_overlay_mass_sliced_by_xF_bin15.pdf Graphic file (type p
df)
<use /root/github/e906-development/src/AcceptanceCorrection/acceptance_no_unfol
ding_bins//acceptance_overlay_mass_sliced_by_xF_bin15.pdf>
Package pdftex.def Info: /root/github/e906-development/src/AcceptanceCorrection
/acceptance_no_unfolding_bins//acceptance_overlay_mass_sliced_by_xF_bin15.pdf  
used on input line 1557.
(pdftex.def)             Requested size: 216.67201pt x 155.52834pt.
</root/github/e906-development/src/NewAcceptanceCorrection/RS59/acceptance_over
lay_mass_sliced_by_xF_bin15.pdf, id=9174, 569.12625pt x 408.52625pt>
File: /root/github/e906-development/src/NewAcceptanceCorrection/RS59/acceptance
_overlay_mass_sliced_by_xF_bin15.pdf Graphic file (type pdf)
<use /root/github/e906-development/src/NewAcceptanceCorrection/RS59/acceptance_
overlay_mass_sliced_by_xF_bin15.pdf>
Package pdftex.def Info: /root/github/e906-development/src/NewAcceptanceCorrect
ion/RS59/acceptance_overlay_mass_sliced_by_xF_bin15.pdf  used on input line 155
7.
(pdftex.def)             Requested size: 216.67201pt x 155.52834pt.
 [116

 </root/github/e906-development/src/NewAcceptanceCorrection/RS59/acceptance_ove
rlay_mass_sliced_by_xF_bin15.pdf, page is rotated 90 degrees>]
File: /root/github/e906-development/src/AcceptanceCorrection/acceptance_no_unfo
lding_bins//Acceptance_Mass_All_pT_xF_bin15.pdf Graphic file (type pdf)
<use /root/github/e906-development/src/AcceptanceCorrection/acceptance_no_unfol
ding_bins//Acceptance_Mass_All_pT_xF_bin15.pdf>
Package pdftex.def Info: /root/github/e906-development/src/AcceptanceCorrection
/acceptance_no_unfolding_bins//Acceptance_Mass_All_pT_xF_bin15.pdf  used on inp
ut line 1570.
(pdftex.def)             Requested size: 216.67201pt x 210.17342pt.
</root/github/e906-development/src/NewAcceptanceCorrection/RS59/Acceptance_Mass
_All_pT_xF_bin15.pdf, id=9226, 569.12625pt x 552.0625pt>
File: /root/github/e906-development/src/NewAcceptanceCorrection/RS59/Acceptance
_Mass_All_pT_xF_bin15.pdf Graphic file (type pdf)
<use /root/github/e906-development/src/NewAcceptanceCorrection/RS59/Acceptance_
Mass_All_pT_xF_bin15.pdf>
Package pdftex.def Info: /root/github/e906-development/src/NewAcceptanceCorrect
ion/RS59/Acceptance_Mass_All_pT_xF_bin15.pdf  used on input line 1570.
(pdftex.def)             Requested size: 216.67201pt x 210.17342pt.
 [117

 </root/github/e906-development/src/NewAcceptanceCorrection/RS59/Acceptance_Mas
s_All_pT_xF_bin15.pdf, page is rotated 90 degrees>]
</root/github/e906-development/src/NewAcceptanceCorrection/RS59/Existing_Vs_Lat
est_Acceptance_Comparison/Compare_Latest_Vs_Existing_LH2_Acceptance_Mass_All_pT
_xF_bin15.pdf, id=9277, 569.12625pt x 552.0625pt>
File: /root/github/e906-development/src/NewAcceptanceCorrection/RS59/Existing_V
s_Latest_Acceptance_Comparison/Compare_Latest_Vs_Existing_LH2_Acceptance_Mass_A
ll_pT_xF_bin15.pdf Graphic file (type pdf)
<use /root/github/e906-development/src/NewAcceptanceCorrection/RS59/Existing_Vs
_Latest_Acceptance_Comparison/Compare_Latest_Vs_Existing_LH2_Acceptance_Mass_Al
l_pT_xF_bin15.pdf>
Package pdftex.def Info: /root/github/e906-development/src/NewAcceptanceCorrect
ion/RS59/Existing_Vs_Latest_Acceptance_Comparison/Compare_Latest_Vs_Existing_LH
2_Acceptance_Mass_All_pT_xF_bin15.pdf  used on input line 1583.
(pdftex.def)             Requested size: 216.67201pt x 210.17342pt.
</root/github/e906-development/src/NewAcceptanceCorrection/RS59/Existing_Vs_Lat
est_Acceptance_Comparison/Compare_Latest_Vs_Existing_LD2_Acceptance_Mass_All_pT
_xF_bin15.pdf, id=9278, 569.12625pt x 552.0625pt>
File: /root/github/e906-development/src/NewAcceptanceCorrection/RS59/Existing_V
s_Latest_Acceptance_Comparison/Compare_Latest_Vs_Existing_LD2_Acceptance_Mass_A
ll_pT_xF_bin15.pdf Graphic file (type pdf)
<use /root/github/e906-development/src/NewAcceptanceCorrection/RS59/Existing_Vs
_Latest_Acceptance_Comparison/Compare_Latest_Vs_Existing_LD2_Acceptance_Mass_Al
l_pT_xF_bin15.pdf>
Package pdftex.def Info: /root/github/e906-development/src/NewAcceptanceCorrect
ion/RS59/Existing_Vs_Latest_Acceptance_Comparison/Compare_Latest_Vs_Existing_LD
2_Acceptance_Mass_All_pT_xF_bin15.pdf  used on input line 1583.
(pdftex.def)             Requested size: 216.67201pt x 210.17342pt.
 [118

 </root/github/e906-development/src/NewAcceptanceCorrection/RS59/Existing_Vs_La
test_Acceptance_Comparison/Compare_Latest_Vs_Existing_LH2_Acceptance_Mass_All_p
T_xF_bin15.pdf, page is rotated 90 degrees> </root/github/e906-development/src/
NewAcceptanceCorrection/RS59/Existing_Vs_Latest_Acceptance_Comparison/Compare_L
atest_Vs_Existing_LD2_Acceptance_Mass_All_pT_xF_bin15.pdf, page is rotated 90 d
egrees>]
File: /root/github/e906-development/src/AcceptanceCorrection/acceptance_no_unfo
lding_bins//acceptance_overlay_Integrated_mass.pdf Graphic file (type pdf)
<use /root/github/e906-development/src/AcceptanceCorrection/acceptance_no_unfol
ding_bins//acceptance_overlay_Integrated_mass.pdf>
Package pdftex.def Info: /root/github/e906-development/src/AcceptanceCorrection
/acceptance_no_unfolding_bins//acceptance_overlay_Integrated_mass.pdf  used on 
input line 1597.
(pdftex.def)             Requested size: 216.67201pt x 155.52834pt.
</root/github/e906-development/src/NewAcceptanceCorrection/RS62/acceptance_over
lay_Integrated_mass.pdf, id=9372, 569.12625pt x 408.52625pt>
File: /root/github/e906-development/src/NewAcceptanceCorrection/RS62/acceptance
_overlay_Integrated_mass.pdf Graphic file (type pdf)
<use /root/github/e906-development/src/NewAcceptanceCorrection/RS62/acceptance_
overlay_Integrated_mass.pdf>
Package pdftex.def Info: /root/github/e906-development/src/NewAcceptanceCorrect
ion/RS62/acceptance_overlay_Integrated_mass.pdf  used on input line 1597.
(pdftex.def)             Requested size: 216.67201pt x 155.52834pt.
 [119

 </root/github/e906-development/src/NewAcceptanceCorrection/RS62/acceptance_ove
rlay_Integrated_mass.pdf, page is rotated 90 degrees>]
File: /root/github/e906-development/src/AcceptanceCorrection/acceptance_no_unfo
lding_bins//Acceptance_Mass_All_xF_pT.pdf Graphic file (type pdf)
<use /root/github/e906-development/src/AcceptanceCorrection/acceptance_no_unfol
ding_bins//Acceptance_Mass_All_xF_pT.pdf>
Package pdftex.def Info: /root/github/e906-development/src/AcceptanceCorrection
/acceptance_no_unfolding_bins//Acceptance_Mass_All_xF_pT.pdf  used on input lin
e 1610.
(pdftex.def)             Requested size: 216.67201pt x 210.17342pt.
</root/github/e906-development/src/NewAcceptanceCorrection/RS62/Acceptance_Mass
_All_xF_pT.pdf, id=9423, 569.12625pt x 552.0625pt>
File: /root/github/e906-development/src/NewAcceptanceCorrection/RS62/Acceptance
_Mass_All_xF_pT.pdf Graphic file (type pdf)
<use /root/github/e906-development/src/NewAcceptanceCorrection/RS62/Acceptance_
Mass_All_xF_pT.pdf>
Package pdftex.def Info: /root/github/e906-development/src/NewAcceptanceCorrect
ion/RS62/Acceptance_Mass_All_xF_pT.pdf  used on input line 1610.
(pdftex.def)             Requested size: 216.67201pt x 210.17342pt.
 [120

 </root/github/e906-development/src/NewAcceptanceCorrection/RS62/Acceptance_Mas
s_All_xF_pT.pdf, page is rotated 90 degrees>]
</root/github/e906-development/src/NewAcceptanceCorrection/RS62/Existing_Vs_Lat
est_Acceptance_Comparison/Compare_Latest_Vs_Existing_LH2_Acceptance_Mass_All_xF
_pT.pdf, id=9475, 569.12625pt x 552.0625pt>
File: /root/github/e906-development/src/NewAcceptanceCorrection/RS62/Existing_V
s_Latest_Acceptance_Comparison/Compare_Latest_Vs_Existing_LH2_Acceptance_Mass_A
ll_xF_pT.pdf Graphic file (type pdf)
<use /root/github/e906-development/src/NewAcceptanceCorrection/RS62/Existing_Vs
_Latest_Acceptance_Comparison/Compare_Latest_Vs_Existing_LH2_Acceptance_Mass_Al
l_xF_pT.pdf>
Package pdftex.def Info: /root/github/e906-development/src/NewAcceptanceCorrect
ion/RS62/Existing_Vs_Latest_Acceptance_Comparison/Compare_Latest_Vs_Existing_LH
2_Acceptance_Mass_All_xF_pT.pdf  used on input line 1623.
(pdftex.def)             Requested size: 216.67201pt x 210.17342pt.
</root/github/e906-development/src/NewAcceptanceCorrection/RS62/Existing_Vs_Lat
est_Acceptance_Comparison/Compare_Latest_Vs_Existing_LD2_Acceptance_Mass_All_xF
_pT.pdf, id=9476, 569.12625pt x 552.0625pt>
File: /root/github/e906-development/src/NewAcceptanceCorrection/RS62/Existing_V
s_Latest_Acceptance_Comparison/Compare_Latest_Vs_Existing_LD2_Acceptance_Mass_A
ll_xF_pT.pdf Graphic file (type pdf)
<use /root/github/e906-development/src/NewAcceptanceCorrection/RS62/Existing_Vs
_Latest_Acceptance_Comparison/Compare_Latest_Vs_Existing_LD2_Acceptance_Mass_Al
l_xF_pT.pdf>
Package pdftex.def Info: /root/github/e906-development/src/NewAcceptanceCorrect
ion/RS62/Existing_Vs_Latest_Acceptance_Comparison/Compare_Latest_Vs_Existing_LD
2_Acceptance_Mass_All_xF_pT.pdf  used on input line 1623.
(pdftex.def)             Requested size: 216.67201pt x 210.17342pt.
 [121

 </root/github/e906-development/src/NewAcceptanceCorrection/RS62/Existing_Vs_La
test_Acceptance_Comparison/Compare_Latest_Vs_Existing_LH2_Acceptance_Mass_All_x
F_pT.pdf, page is rotated 90 degrees> </root/github/e906-development/src/NewAcc
eptanceCorrection/RS62/Existing_Vs_Latest_Acceptance_Comparison/Compare_Latest_
Vs_Existing_LD2_Acceptance_Mass_All_xF_pT.pdf, page is rotated 90 degrees>]

Package hyperref Warning: Token not allowed in a PDF string (Unicode):
(hyperref)                removing `math shift' on input line 1624.


Package hyperref Warning: Token not allowed in a PDF string (Unicode):
(hyperref)                removing `subscript' on input line 1624.


Package hyperref Warning: Token not allowed in a PDF string (Unicode):
(hyperref)                removing `math shift' on input line 1624.

File: /root/github/e906-development/src/AcceptanceCorrection/acceptance_no_unfo
lding_bins//acceptance_overlay_Integrated_xF.pdf Graphic file (type pdf)
<use /root/github/e906-development/src/AcceptanceCorrection/acceptance_no_unfol
ding_bins//acceptance_overlay_Integrated_xF.pdf>
Package pdftex.def Info: /root/github/e906-development/src/AcceptanceCorrection
/acceptance_no_unfolding_bins//acceptance_overlay_Integrated_xF.pdf  used on in
put line 1637.
(pdftex.def)             Requested size: 216.67201pt x 155.52834pt.
</root/github/e906-development/src/NewAcceptanceCorrection/RS62/acceptance_over
lay_Integrated_xF.pdf, id=9571, 569.12625pt x 408.52625pt>
File: /root/github/e906-development/src/NewAcceptanceCorrection/RS62/acceptance
_overlay_Integrated_xF.pdf Graphic file (type pdf)
<use /root/github/e906-development/src/NewAcceptanceCorrection/RS62/acceptance_
overlay_Integrated_xF.pdf>
Package pdftex.def Info: /root/github/e906-development/src/NewAcceptanceCorrect
ion/RS62/acceptance_overlay_Integrated_xF.pdf  used on input line 1637.
(pdftex.def)             Requested size: 216.67201pt x 155.52834pt.
[122

 </root/github/e906-development/src/NewAcceptanceCorrection/RS62/acceptance_ove
rlay_Integrated_xF.pdf, page is rotated 90 degrees>]
File: /root/github/e906-development/src/AcceptanceCorrection/acceptance_no_unfo
lding_bins//Acceptance_xF_All_Mass_pT.pdf Graphic file (type pdf)
<use /root/github/e906-development/src/AcceptanceCorrection/acceptance_no_unfol
ding_bins//Acceptance_xF_All_Mass_pT.pdf>
Package pdftex.def Info: /root/github/e906-development/src/AcceptanceCorrection
/acceptance_no_unfolding_bins//Acceptance_xF_All_Mass_pT.pdf  used on input lin
e 1650.
(pdftex.def)             Requested size: 216.67201pt x 210.17342pt.
</root/github/e906-development/src/NewAcceptanceCorrection/RS62/Acceptance_xF_A
ll_Mass_pT.pdf, id=9622, 569.12625pt x 552.0625pt>
File: /root/github/e906-development/src/NewAcceptanceCorrection/RS62/Acceptance
_xF_All_Mass_pT.pdf Graphic file (type pdf)
<use /root/github/e906-development/src/NewAcceptanceCorrection/RS62/Acceptance_
xF_All_Mass_pT.pdf>
Package pdftex.def Info: /root/github/e906-development/src/NewAcceptanceCorrect
ion/RS62/Acceptance_xF_All_Mass_pT.pdf  used on input line 1650.
(pdftex.def)             Requested size: 216.67201pt x 210.17342pt.
 [123

 </root/github/e906-development/src/NewAcceptanceCorrection/RS62/Acceptance_xF_
All_Mass_pT.pdf, page is rotated 90 degrees>]
</root/github/e906-development/src/NewAcceptanceCorrection/RS62/Existing_Vs_Lat
est_Acceptance_Comparison/Compare_Latest_Vs_Existing_LH2_Acceptance_xF_All_Mass
_pT.pdf, id=9674, 569.12625pt x 552.0625pt>
File: /root/github/e906-development/src/NewAcceptanceCorrection/RS62/Existing_V
s_Latest_Acceptance_Comparison/Compare_Latest_Vs_Existing_LH2_Acceptance_xF_All
_Mass_pT.pdf Graphic file (type pdf)
<use /root/github/e906-development/src/NewAcceptanceCorrection/RS62/Existing_Vs
_Latest_Acceptance_Comparison/Compare_Latest_Vs_Existing_LH2_Acceptance_xF_All_
Mass_pT.pdf>
Package pdftex.def Info: /root/github/e906-development/src/NewAcceptanceCorrect
ion/RS62/Existing_Vs_Latest_Acceptance_Comparison/Compare_Latest_Vs_Existing_LH
2_Acceptance_xF_All_Mass_pT.pdf  used on input line 1663.
(pdftex.def)             Requested size: 216.67201pt x 210.17342pt.
</root/github/e906-development/src/NewAcceptanceCorrection/RS62/Existing_Vs_Lat
est_Acceptance_Comparison/Compare_Latest_Vs_Existing_LD2_Acceptance_xF_All_Mass
_pT.pdf, id=9675, 569.12625pt x 552.0625pt>
File: /root/github/e906-development/src/NewAcceptanceCorrection/RS62/Existing_V
s_Latest_Acceptance_Comparison/Compare_Latest_Vs_Existing_LD2_Acceptance_xF_All
_Mass_pT.pdf Graphic file (type pdf)
<use /root/github/e906-development/src/NewAcceptanceCorrection/RS62/Existing_Vs
_Latest_Acceptance_Comparison/Compare_Latest_Vs_Existing_LD2_Acceptance_xF_All_
Mass_pT.pdf>
Package pdftex.def Info: /root/github/e906-development/src/NewAcceptanceCorrect
ion/RS62/Existing_Vs_Latest_Acceptance_Comparison/Compare_Latest_Vs_Existing_LD
2_Acceptance_xF_All_Mass_pT.pdf  used on input line 1663.
(pdftex.def)             Requested size: 216.67201pt x 210.17342pt.
 [124

 </root/github/e906-development/src/NewAcceptanceCorrection/RS62/Existing_Vs_La
test_Acceptance_Comparison/Compare_Latest_Vs_Existing_LH2_Acceptance_xF_All_Mas
s_pT.pdf, page is rotated 90 degrees> </root/github/e906-development/src/NewAcc
eptanceCorrection/RS62/Existing_Vs_Latest_Acceptance_Comparison/Compare_Latest_
Vs_Existing_LD2_Acceptance_xF_All_Mass_pT.pdf, page is rotated 90 degrees>]

Package hyperref Warning: Token not allowed in a PDF string (Unicode):
(hyperref)                removing `math shift' on input line 1664.


Package hyperref Warning: Token not allowed in a PDF string (Unicode):
(hyperref)                removing `subscript' on input line 1664.


Package hyperref Warning: Token not allowed in a PDF string (Unicode):
(hyperref)                removing `math shift' on input line 1664.

File: /root/github/e906-development/src/AcceptanceCorrection/acceptance_no_unfo
lding_bins//acceptance_overlay_Integrated_pT.pdf Graphic file (type pdf)
<use /root/github/e906-development/src/AcceptanceCorrection/acceptance_no_unfol
ding_bins//acceptance_overlay_Integrated_pT.pdf>
Package pdftex.def Info: /root/github/e906-development/src/AcceptanceCorrection
/acceptance_no_unfolding_bins//acceptance_overlay_Integrated_pT.pdf  used on in
put line 1677.
(pdftex.def)             Requested size: 216.67201pt x 155.52834pt.
</root/github/e906-development/src/NewAcceptanceCorrection/RS62/acceptance_over
lay_Integrated_pT.pdf, id=9769, 569.12625pt x 408.52625pt>
File: /root/github/e906-development/src/NewAcceptanceCorrection/RS62/acceptance
_overlay_Integrated_pT.pdf Graphic file (type pdf)
<use /root/github/e906-development/src/NewAcceptanceCorrection/RS62/acceptance_
overlay_Integrated_pT.pdf>
Package pdftex.def Info: /root/github/e906-development/src/NewAcceptanceCorrect
ion/RS62/acceptance_overlay_Integrated_pT.pdf  used on input line 1677.
(pdftex.def)             Requested size: 216.67201pt x 155.52834pt.
[125

 </root/github/e906-development/src/NewAcceptanceCorrection/RS62/acceptance_ove
rlay_Integrated_pT.pdf, page is rotated 90 degrees>]
File: /root/github/e906-development/src/AcceptanceCorrection/acceptance_no_unfo
lding_bins//Acceptance_pT_All_Mass_xF.pdf Graphic file (type pdf)
<use /root/github/e906-development/src/AcceptanceCorrection/acceptance_no_unfol
ding_bins//Acceptance_pT_All_Mass_xF.pdf>
Package pdftex.def Info: /root/github/e906-development/src/AcceptanceCorrection
/acceptance_no_unfolding_bins//Acceptance_pT_All_Mass_xF.pdf  used on input lin
e 1690.
(pdftex.def)             Requested size: 216.67201pt x 210.17342pt.
</root/github/e906-development/src/NewAcceptanceCorrection/RS62/Acceptance_pT_A
ll_Mass_xF.pdf, id=9820, 569.12625pt x 552.0625pt>
File: /root/github/e906-development/src/NewAcceptanceCorrection/RS62/Acceptance
_pT_All_Mass_xF.pdf Graphic file (type pdf)
<use /root/github/e906-development/src/NewAcceptanceCorrection/RS62/Acceptance_
pT_All_Mass_xF.pdf>
Package pdftex.def Info: /root/github/e906-development/src/NewAcceptanceCorrect
ion/RS62/Acceptance_pT_All_Mass_xF.pdf  used on input line 1690.
(pdftex.def)             Requested size: 216.67201pt x 210.17342pt.
 [126

 </root/github/e906-development/src/NewAcceptanceCorrection/RS62/Acceptance_pT_
All_Mass_xF.pdf, page is rotated 90 degrees>]
</root/github/e906-development/src/NewAcceptanceCorrection/RS62/Existing_Vs_Lat
est_Acceptance_Comparison/Compare_Latest_Vs_Existing_LH2_Acceptance_pT_All_Mass
_xF.pdf, id=9871, 569.12625pt x 552.0625pt>
File: /root/github/e906-development/src/NewAcceptanceCorrection/RS62/Existing_V
s_Latest_Acceptance_Comparison/Compare_Latest_Vs_Existing_LH2_Acceptance_pT_All
_Mass_xF.pdf Graphic file (type pdf)
<use /root/github/e906-development/src/NewAcceptanceCorrection/RS62/Existing_Vs
_Latest_Acceptance_Comparison/Compare_Latest_Vs_Existing_LH2_Acceptance_pT_All_
Mass_xF.pdf>
Package pdftex.def Info: /root/github/e906-development/src/NewAcceptanceCorrect
ion/RS62/Existing_Vs_Latest_Acceptance_Comparison/Compare_Latest_Vs_Existing_LH
2_Acceptance_pT_All_Mass_xF.pdf  used on input line 1703.
(pdftex.def)             Requested size: 216.67201pt x 210.17342pt.
</root/github/e906-development/src/NewAcceptanceCorrection/RS62/Existing_Vs_Lat
est_Acceptance_Comparison/Compare_Latest_Vs_Existing_LD2_Acceptance_pT_All_Mass
_xF.pdf, id=9872, 569.12625pt x 552.0625pt>
File: /root/github/e906-development/src/NewAcceptanceCorrection/RS62/Existing_V
s_Latest_Acceptance_Comparison/Compare_Latest_Vs_Existing_LD2_Acceptance_pT_All
_Mass_xF.pdf Graphic file (type pdf)
<use /root/github/e906-development/src/NewAcceptanceCorrection/RS62/Existing_Vs
_Latest_Acceptance_Comparison/Compare_Latest_Vs_Existing_LD2_Acceptance_pT_All_
Mass_xF.pdf>
Package pdftex.def Info: /root/github/e906-development/src/NewAcceptanceCorrect
ion/RS62/Existing_Vs_Latest_Acceptance_Comparison/Compare_Latest_Vs_Existing_LD
2_Acceptance_pT_All_Mass_xF.pdf  used on input line 1703.
(pdftex.def)             Requested size: 216.67201pt x 210.17342pt.
 [127

 </root/github/e906-development/src/NewAcceptanceCorrection/RS62/Existing_Vs_La
test_Acceptance_Comparison/Compare_Latest_Vs_Existing_LH2_Acceptance_pT_All_Mas
s_xF.pdf, page is rotated 90 degrees> </root/github/e906-development/src/NewAcc
eptanceCorrection/RS62/Existing_Vs_Latest_Acceptance_Comparison/Compare_Latest_
Vs_Existing_LD2_Acceptance_pT_All_Mass_xF.pdf, page is rotated 90 degrees>]

Package hyperref Warning: Token not allowed in a PDF string (Unicode):
(hyperref)                removing `math shift' on input line 1704.


Package hyperref Warning: Token not allowed in a PDF string (Unicode):
(hyperref)                removing `subscript' on input line 1704.


Package hyperref Warning: Token not allowed in a PDF string (Unicode):
(hyperref)                removing `math shift' on input line 1704.

File: /root/github/e906-development/src/AcceptanceCorrection/acceptance_no_unfo
lding_bins//acceptance_overlay_mass_sliced_by_xF_bin0.pdf Graphic file (type pd
f)
<use /root/github/e906-development/src/AcceptanceCorrection/acceptance_no_unfol
ding_bins//acceptance_overlay_mass_sliced_by_xF_bin0.pdf>
Package pdftex.def Info: /root/github/e906-development/src/AcceptanceCorrection
/acceptance_no_unfolding_bins//acceptance_overlay_mass_sliced_by_xF_bin0.pdf  u
sed on input line 1717.
(pdftex.def)             Requested size: 216.67201pt x 155.52834pt.
</root/github/e906-development/src/NewAcceptanceCorrection/RS62/acceptance_over
lay_mass_sliced_by_xF_bin0.pdf, id=9968, 569.12625pt x 408.52625pt>
File: /root/github/e906-development/src/NewAcceptanceCorrection/RS62/acceptance
_overlay_mass_sliced_by_xF_bin0.pdf Graphic file (type pdf)
<use /root/github/e906-development/src/NewAcceptanceCorrection/RS62/acceptance_
overlay_mass_sliced_by_xF_bin0.pdf>
Package pdftex.def Info: /root/github/e906-development/src/NewAcceptanceCorrect
ion/RS62/acceptance_overlay_mass_sliced_by_xF_bin0.pdf  used on input line 1717
.
(pdftex.def)             Requested size: 216.67201pt x 155.52834pt.
[128

 </root/github/e906-development/src/NewAcceptanceCorrection/RS62/acceptance_ove
rlay_mass_sliced_by_xF_bin0.pdf, page is rotated 90 degrees>]
File: /root/github/e906-development/src/AcceptanceCorrection/acceptance_no_unfo
lding_bins//Acceptance_Mass_All_pT_xF_bin0.pdf Graphic file (type pdf)
<use /root/github/e906-development/src/AcceptanceCorrection/acceptance_no_unfol
ding_bins//Acceptance_Mass_All_pT_xF_bin0.pdf>
Package pdftex.def Info: /root/github/e906-development/src/AcceptanceCorrection
/acceptance_no_unfolding_bins//Acceptance_Mass_All_pT_xF_bin0.pdf  used on inpu
t line 1730.
(pdftex.def)             Requested size: 216.67201pt x 210.17342pt.
</root/github/e906-development/src/NewAcceptanceCorrection/RS62/Acceptance_Mass
_All_pT_xF_bin0.pdf, id=10019, 569.12625pt x 552.0625pt>
File: /root/github/e906-development/src/NewAcceptanceCorrection/RS62/Acceptance
_Mass_All_pT_xF_bin0.pdf Graphic file (type pdf)
<use /root/github/e906-development/src/NewAcceptanceCorrection/RS62/Acceptance_
Mass_All_pT_xF_bin0.pdf>
Package pdftex.def Info: /root/github/e906-development/src/NewAcceptanceCorrect
ion/RS62/Acceptance_Mass_All_pT_xF_bin0.pdf  used on input line 1730.
(pdftex.def)             Requested size: 216.67201pt x 210.17342pt.
 [129

 </root/github/e906-development/src/NewAcceptanceCorrection/RS62/Acceptance_Mas
s_All_pT_xF_bin0.pdf, page is rotated 90 degrees>]
</root/github/e906-development/src/NewAcceptanceCorrection/RS62/Existing_Vs_Lat
est_Acceptance_Comparison/Compare_Latest_Vs_Existing_LH2_Acceptance_Mass_All_pT
_xF_bin0.pdf, id=10070, 569.12625pt x 552.0625pt>
File: /root/github/e906-development/src/NewAcceptanceCorrection/RS62/Existing_V
s_Latest_Acceptance_Comparison/Compare_Latest_Vs_Existing_LH2_Acceptance_Mass_A
ll_pT_xF_bin0.pdf Graphic file (type pdf)
<use /root/github/e906-development/src/NewAcceptanceCorrection/RS62/Existing_Vs
_Latest_Acceptance_Comparison/Compare_Latest_Vs_Existing_LH2_Acceptance_Mass_Al
l_pT_xF_bin0.pdf>
Package pdftex.def Info: /root/github/e906-development/src/NewAcceptanceCorrect
ion/RS62/Existing_Vs_Latest_Acceptance_Comparison/Compare_Latest_Vs_Existing_LH
2_Acceptance_Mass_All_pT_xF_bin0.pdf  used on input line 1743.
(pdftex.def)             Requested size: 216.67201pt x 210.17342pt.
</root/github/e906-development/src/NewAcceptanceCorrection/RS62/Existing_Vs_Lat
est_Acceptance_Comparison/Compare_Latest_Vs_Existing_LD2_Acceptance_Mass_All_pT
_xF_bin0.pdf, id=10071, 569.12625pt x 552.0625pt>
File: /root/github/e906-development/src/NewAcceptanceCorrection/RS62/Existing_V
s_Latest_Acceptance_Comparison/Compare_Latest_Vs_Existing_LD2_Acceptance_Mass_A
ll_pT_xF_bin0.pdf Graphic file (type pdf)
<use /root/github/e906-development/src/NewAcceptanceCorrection/RS62/Existing_Vs
_Latest_Acceptance_Comparison/Compare_Latest_Vs_Existing_LD2_Acceptance_Mass_Al
l_pT_xF_bin0.pdf>
Package pdftex.def Info: /root/github/e906-development/src/NewAcceptanceCorrect
ion/RS62/Existing_Vs_Latest_Acceptance_Comparison/Compare_Latest_Vs_Existing_LD
2_Acceptance_Mass_All_pT_xF_bin0.pdf  used on input line 1743.
(pdftex.def)             Requested size: 216.67201pt x 210.17342pt.
 [130

 </root/github/e906-development/src/NewAcceptanceCorrection/RS62/Existing_Vs_La
test_Acceptance_Comparison/Compare_Latest_Vs_Existing_LH2_Acceptance_Mass_All_p
T_xF_bin0.pdf, page is rotated 90 degrees> </root/github/e906-development/src/N
ewAcceptanceCorrection/RS62/Existing_Vs_Latest_Acceptance_Comparison/Compare_La
test_Vs_Existing_LD2_Acceptance_Mass_All_pT_xF_bin0.pdf, page is rotated 90 deg
rees>]
File: /root/github/e906-development/src/AcceptanceCorrection/acceptance_no_unfo
lding_bins//acceptance_overlay_mass_sliced_by_xF_bin1.pdf Graphic file (type pd
f)
<use /root/github/e906-development/src/AcceptanceCorrection/acceptance_no_unfol
ding_bins//acceptance_overlay_mass_sliced_by_xF_bin1.pdf>
Package pdftex.def Info: /root/github/e906-development/src/AcceptanceCorrection
/acceptance_no_unfolding_bins//acceptance_overlay_mass_sliced_by_xF_bin1.pdf  u
sed on input line 1756.
(pdftex.def)             Requested size: 216.67201pt x 155.52834pt.
</root/github/e906-development/src/NewAcceptanceCorrection/RS62/acceptance_over
lay_mass_sliced_by_xF_bin1.pdf, id=10166, 569.12625pt x 408.52625pt>
File: /root/github/e906-development/src/NewAcceptanceCorrection/RS62/acceptance
_overlay_mass_sliced_by_xF_bin1.pdf Graphic file (type pdf)
<use /root/github/e906-development/src/NewAcceptanceCorrection/RS62/acceptance_
overlay_mass_sliced_by_xF_bin1.pdf>
Package pdftex.def Info: /root/github/e906-development/src/NewAcceptanceCorrect
ion/RS62/acceptance_overlay_mass_sliced_by_xF_bin1.pdf  used on input line 1756
.
(pdftex.def)             Requested size: 216.67201pt x 155.52834pt.
 [131

 </root/github/e906-development/src/NewAcceptanceCorrection/RS62/acceptance_ove
rlay_mass_sliced_by_xF_bin1.pdf, page is rotated 90 degrees>]
File: /root/github/e906-development/src/AcceptanceCorrection/acceptance_no_unfo
lding_bins//Acceptance_Mass_All_pT_xF_bin1.pdf Graphic file (type pdf)
<use /root/github/e906-development/src/AcceptanceCorrection/acceptance_no_unfol
ding_bins//Acceptance_Mass_All_pT_xF_bin1.pdf>
Package pdftex.def Info: /root/github/e906-development/src/AcceptanceCorrection
/acceptance_no_unfolding_bins//Acceptance_Mass_All_pT_xF_bin1.pdf  used on inpu
t line 1769.
(pdftex.def)             Requested size: 216.67201pt x 210.17342pt.
</root/github/e906-development/src/NewAcceptanceCorrection/RS62/Acceptance_Mass
_All_pT_xF_bin1.pdf, id=10217, 569.12625pt x 552.0625pt>
File: /root/github/e906-development/src/NewAcceptanceCorrection/RS62/Acceptance
_Mass_All_pT_xF_bin1.pdf Graphic file (type pdf)
<use /root/github/e906-development/src/NewAcceptanceCorrection/RS62/Acceptance_
Mass_All_pT_xF_bin1.pdf>
Package pdftex.def Info: /root/github/e906-development/src/NewAcceptanceCorrect
ion/RS62/Acceptance_Mass_All_pT_xF_bin1.pdf  used on input line 1769.
(pdftex.def)             Requested size: 216.67201pt x 210.17342pt.
 [132

 </root/github/e906-development/src/NewAcceptanceCorrection/RS62/Acceptance_Mas
s_All_pT_xF_bin1.pdf, page is rotated 90 degrees>]
</root/github/e906-development/src/NewAcceptanceCorrection/RS62/Existing_Vs_Lat
est_Acceptance_Comparison/Compare_Latest_Vs_Existing_LH2_Acceptance_Mass_All_pT
_xF_bin1.pdf, id=10268, 569.12625pt x 552.0625pt>
File: /root/github/e906-development/src/NewAcceptanceCorrection/RS62/Existing_V
s_Latest_Acceptance_Comparison/Compare_Latest_Vs_Existing_LH2_Acceptance_Mass_A
ll_pT_xF_bin1.pdf Graphic file (type pdf)
<use /root/github/e906-development/src/NewAcceptanceCorrection/RS62/Existing_Vs
_Latest_Acceptance_Comparison/Compare_Latest_Vs_Existing_LH2_Acceptance_Mass_Al
l_pT_xF_bin1.pdf>
Package pdftex.def Info: /root/github/e906-development/src/NewAcceptanceCorrect
ion/RS62/Existing_Vs_Latest_Acceptance_Comparison/Compare_Latest_Vs_Existing_LH
2_Acceptance_Mass_All_pT_xF_bin1.pdf  used on input line 1782.
(pdftex.def)             Requested size: 216.67201pt x 210.17342pt.
</root/github/e906-development/src/NewAcceptanceCorrection/RS62/Existing_Vs_Lat
est_Acceptance_Comparison/Compare_Latest_Vs_Existing_LD2_Acceptance_Mass_All_pT
_xF_bin1.pdf, id=10269, 569.12625pt x 552.0625pt>
File: /root/github/e906-development/src/NewAcceptanceCorrection/RS62/Existing_V
s_Latest_Acceptance_Comparison/Compare_Latest_Vs_Existing_LD2_Acceptance_Mass_A
ll_pT_xF_bin1.pdf Graphic file (type pdf)
<use /root/github/e906-development/src/NewAcceptanceCorrection/RS62/Existing_Vs
_Latest_Acceptance_Comparison/Compare_Latest_Vs_Existing_LD2_Acceptance_Mass_Al
l_pT_xF_bin1.pdf>
Package pdftex.def Info: /root/github/e906-development/src/NewAcceptanceCorrect
ion/RS62/Existing_Vs_Latest_Acceptance_Comparison/Compare_Latest_Vs_Existing_LD
2_Acceptance_Mass_All_pT_xF_bin1.pdf  used on input line 1782.
(pdftex.def)             Requested size: 216.67201pt x 210.17342pt.
 [133

 </root/github/e906-development/src/NewAcceptanceCorrection/RS62/Existing_Vs_La
test_Acceptance_Comparison/Compare_Latest_Vs_Existing_LH2_Acceptance_Mass_All_p
T_xF_bin1.pdf, page is rotated 90 degrees> </root/github/e906-development/src/N
ewAcceptanceCorrection/RS62/Existing_Vs_Latest_Acceptance_Comparison/Compare_La
test_Vs_Existing_LD2_Acceptance_Mass_All_pT_xF_bin1.pdf, page is rotated 90 deg
rees>]
File: /root/github/e906-development/src/AcceptanceCorrection/acceptance_no_unfo
lding_bins//acceptance_overlay_mass_sliced_by_xF_bin2.pdf Graphic file (type pd
f)
<use /root/github/e906-development/src/AcceptanceCorrection/acceptance_no_unfol
ding_bins//acceptance_overlay_mass_sliced_by_xF_bin2.pdf>
Package pdftex.def Info: /root/github/e906-development/src/AcceptanceCorrection
/acceptance_no_unfolding_bins//acceptance_overlay_mass_sliced_by_xF_bin2.pdf  u
sed on input line 1795.
(pdftex.def)             Requested size: 216.67201pt x 155.52834pt.
</root/github/e906-development/src/NewAcceptanceCorrection/RS62/acceptance_over
lay_mass_sliced_by_xF_bin2.pdf, id=10365, 569.12625pt x 408.52625pt>
File: /root/github/e906-development/src/NewAcceptanceCorrection/RS62/acceptance
_overlay_mass_sliced_by_xF_bin2.pdf Graphic file (type pdf)
<use /root/github/e906-development/src/NewAcceptanceCorrection/RS62/acceptance_
overlay_mass_sliced_by_xF_bin2.pdf>
Package pdftex.def Info: /root/github/e906-development/src/NewAcceptanceCorrect
ion/RS62/acceptance_overlay_mass_sliced_by_xF_bin2.pdf  used on input line 1795
.
(pdftex.def)             Requested size: 216.67201pt x 155.52834pt.
 [134

 </root/github/e906-development/src/NewAcceptanceCorrection/RS62/acceptance_ove
rlay_mass_sliced_by_xF_bin2.pdf, page is rotated 90 degrees>]
File: /root/github/e906-development/src/AcceptanceCorrection/acceptance_no_unfo
lding_bins//Acceptance_Mass_All_pT_xF_bin2.pdf Graphic file (type pdf)
<use /root/github/e906-development/src/AcceptanceCorrection/acceptance_no_unfol
ding_bins//Acceptance_Mass_All_pT_xF_bin2.pdf>
Package pdftex.def Info: /root/github/e906-development/src/AcceptanceCorrection
/acceptance_no_unfolding_bins//Acceptance_Mass_All_pT_xF_bin2.pdf  used on inpu
t line 1808.
(pdftex.def)             Requested size: 216.67201pt x 210.17342pt.
</root/github/e906-development/src/NewAcceptanceCorrection/RS62/Acceptance_Mass
_All_pT_xF_bin2.pdf, id=10416, 569.12625pt x 552.0625pt>
File: /root/github/e906-development/src/NewAcceptanceCorrection/RS62/Acceptance
_Mass_All_pT_xF_bin2.pdf Graphic file (type pdf)
<use /root/github/e906-development/src/NewAcceptanceCorrection/RS62/Acceptance_
Mass_All_pT_xF_bin2.pdf>
Package pdftex.def Info: /root/github/e906-development/src/NewAcceptanceCorrect
ion/RS62/Acceptance_Mass_All_pT_xF_bin2.pdf  used on input line 1808.
(pdftex.def)             Requested size: 216.67201pt x 210.17342pt.
 [135

 </root/github/e906-development/src/NewAcceptanceCorrection/RS62/Acceptance_Mas
s_All_pT_xF_bin2.pdf, page is rotated 90 degrees>]
</root/github/e906-development/src/NewAcceptanceCorrection/RS62/Existing_Vs_Lat
est_Acceptance_Comparison/Compare_Latest_Vs_Existing_LH2_Acceptance_Mass_All_pT
_xF_bin2.pdf, id=10467, 569.12625pt x 552.0625pt>
File: /root/github/e906-development/src/NewAcceptanceCorrection/RS62/Existing_V
s_Latest_Acceptance_Comparison/Compare_Latest_Vs_Existing_LH2_Acceptance_Mass_A
ll_pT_xF_bin2.pdf Graphic file (type pdf)
<use /root/github/e906-development/src/NewAcceptanceCorrection/RS62/Existing_Vs
_Latest_Acceptance_Comparison/Compare_Latest_Vs_Existing_LH2_Acceptance_Mass_Al
l_pT_xF_bin2.pdf>
Package pdftex.def Info: /root/github/e906-development/src/NewAcceptanceCorrect
ion/RS62/Existing_Vs_Latest_Acceptance_Comparison/Compare_Latest_Vs_Existing_LH
2_Acceptance_Mass_All_pT_xF_bin2.pdf  used on input line 1821.
(pdftex.def)             Requested size: 216.67201pt x 210.17342pt.
</root/github/e906-development/src/NewAcceptanceCorrection/RS62/Existing_Vs_Lat
est_Acceptance_Comparison/Compare_Latest_Vs_Existing_LD2_Acceptance_Mass_All_pT
_xF_bin2.pdf, id=10468, 569.12625pt x 552.0625pt>
File: /root/github/e906-development/src/NewAcceptanceCorrection/RS62/Existing_V
s_Latest_Acceptance_Comparison/Compare_Latest_Vs_Existing_LD2_Acceptance_Mass_A
ll_pT_xF_bin2.pdf Graphic file (type pdf)
<use /root/github/e906-development/src/NewAcceptanceCorrection/RS62/Existing_Vs
_Latest_Acceptance_Comparison/Compare_Latest_Vs_Existing_LD2_Acceptance_Mass_Al
l_pT_xF_bin2.pdf>
Package pdftex.def Info: /root/github/e906-development/src/NewAcceptanceCorrect
ion/RS62/Existing_Vs_Latest_Acceptance_Comparison/Compare_Latest_Vs_Existing_LD
2_Acceptance_Mass_All_pT_xF_bin2.pdf  used on input line 1821.
(pdftex.def)             Requested size: 216.67201pt x 210.17342pt.
 [136

 </root/github/e906-development/src/NewAcceptanceCorrection/RS62/Existing_Vs_La
test_Acceptance_Comparison/Compare_Latest_Vs_Existing_LH2_Acceptance_Mass_All_p
T_xF_bin2.pdf, page is rotated 90 degrees> </root/github/e906-development/src/N
ewAcceptanceCorrection/RS62/Existing_Vs_Latest_Acceptance_Comparison/Compare_La
test_Vs_Existing_LD2_Acceptance_Mass_All_pT_xF_bin2.pdf, page is rotated 90 deg
rees>]
File: /root/github/e906-development/src/AcceptanceCorrection/acceptance_no_unfo
lding_bins//acceptance_overlay_mass_sliced_by_xF_bin3.pdf Graphic file (type pd
f)
<use /root/github/e906-development/src/AcceptanceCorrection/acceptance_no_unfol
ding_bins//acceptance_overlay_mass_sliced_by_xF_bin3.pdf>
Package pdftex.def Info: /root/github/e906-development/src/AcceptanceCorrection
/acceptance_no_unfolding_bins//acceptance_overlay_mass_sliced_by_xF_bin3.pdf  u
sed on input line 1834.
(pdftex.def)             Requested size: 216.67201pt x 155.52834pt.
</root/github/e906-development/src/NewAcceptanceCorrection/RS62/acceptance_over
lay_mass_sliced_by_xF_bin3.pdf, id=10562, 569.12625pt x 408.52625pt>
File: /root/github/e906-development/src/NewAcceptanceCorrection/RS62/acceptance
_overlay_mass_sliced_by_xF_bin3.pdf Graphic file (type pdf)
<use /root/github/e906-development/src/NewAcceptanceCorrection/RS62/acceptance_
overlay_mass_sliced_by_xF_bin3.pdf>
Package pdftex.def Info: /root/github/e906-development/src/NewAcceptanceCorrect
ion/RS62/acceptance_overlay_mass_sliced_by_xF_bin3.pdf  used on input line 1834
.
(pdftex.def)             Requested size: 216.67201pt x 155.52834pt.
[137

 </root/github/e906-development/src/NewAcceptanceCorrection/RS62/acceptance_ove
rlay_mass_sliced_by_xF_bin3.pdf, page is rotated 90 degrees>]
File: /root/github/e906-development/src/AcceptanceCorrection/acceptance_no_unfo
lding_bins//Acceptance_Mass_All_pT_xF_bin3.pdf Graphic file (type pdf)
<use /root/github/e906-development/src/AcceptanceCorrection/acceptance_no_unfol
ding_bins//Acceptance_Mass_All_pT_xF_bin3.pdf>
Package pdftex.def Info: /root/github/e906-development/src/AcceptanceCorrection
/acceptance_no_unfolding_bins//Acceptance_Mass_All_pT_xF_bin3.pdf  used on inpu
t line 1847.
(pdftex.def)             Requested size: 216.67201pt x 210.17342pt.
</root/github/e906-development/src/NewAcceptanceCorrection/RS62/Acceptance_Mass
_All_pT_xF_bin3.pdf, id=10614, 569.12625pt x 552.0625pt>
File: /root/github/e906-development/src/NewAcceptanceCorrection/RS62/Acceptance
_Mass_All_pT_xF_bin3.pdf Graphic file (type pdf)
<use /root/github/e906-development/src/NewAcceptanceCorrection/RS62/Acceptance_
Mass_All_pT_xF_bin3.pdf>
Package pdftex.def Info: /root/github/e906-development/src/NewAcceptanceCorrect
ion/RS62/Acceptance_Mass_All_pT_xF_bin3.pdf  used on input line 1847.
(pdftex.def)             Requested size: 216.67201pt x 210.17342pt.
 [138

 </root/github/e906-development/src/NewAcceptanceCorrection/RS62/Acceptance_Mas
s_All_pT_xF_bin3.pdf, page is rotated 90 degrees>]
</root/github/e906-development/src/NewAcceptanceCorrection/RS62/Existing_Vs_Lat
est_Acceptance_Comparison/Compare_Latest_Vs_Existing_LH2_Acceptance_Mass_All_pT
_xF_bin3.pdf, id=10665, 569.12625pt x 552.0625pt>
File: /root/github/e906-development/src/NewAcceptanceCorrection/RS62/Existing_V
s_Latest_Acceptance_Comparison/Compare_Latest_Vs_Existing_LH2_Acceptance_Mass_A
ll_pT_xF_bin3.pdf Graphic file (type pdf)
<use /root/github/e906-development/src/NewAcceptanceCorrection/RS62/Existing_Vs
_Latest_Acceptance_Comparison/Compare_Latest_Vs_Existing_LH2_Acceptance_Mass_Al
l_pT_xF_bin3.pdf>
Package pdftex.def Info: /root/github/e906-development/src/NewAcceptanceCorrect
ion/RS62/Existing_Vs_Latest_Acceptance_Comparison/Compare_Latest_Vs_Existing_LH
2_Acceptance_Mass_All_pT_xF_bin3.pdf  used on input line 1860.
(pdftex.def)             Requested size: 216.67201pt x 210.17342pt.
</root/github/e906-development/src/NewAcceptanceCorrection/RS62/Existing_Vs_Lat
est_Acceptance_Comparison/Compare_Latest_Vs_Existing_LD2_Acceptance_Mass_All_pT
_xF_bin3.pdf, id=10666, 569.12625pt x 552.0625pt>
File: /root/github/e906-development/src/NewAcceptanceCorrection/RS62/Existing_V
s_Latest_Acceptance_Comparison/Compare_Latest_Vs_Existing_LD2_Acceptance_Mass_A
ll_pT_xF_bin3.pdf Graphic file (type pdf)
<use /root/github/e906-development/src/NewAcceptanceCorrection/RS62/Existing_Vs
_Latest_Acceptance_Comparison/Compare_Latest_Vs_Existing_LD2_Acceptance_Mass_Al
l_pT_xF_bin3.pdf>
Package pdftex.def Info: /root/github/e906-development/src/NewAcceptanceCorrect
ion/RS62/Existing_Vs_Latest_Acceptance_Comparison/Compare_Latest_Vs_Existing_LD
2_Acceptance_Mass_All_pT_xF_bin3.pdf  used on input line 1860.
(pdftex.def)             Requested size: 216.67201pt x 210.17342pt.
 [139

 </root/github/e906-development/src/NewAcceptanceCorrection/RS62/Existing_Vs_La
test_Acceptance_Comparison/Compare_Latest_Vs_Existing_LH2_Acceptance_Mass_All_p
T_xF_bin3.pdf, page is rotated 90 degrees> </root/github/e906-development/src/N
ewAcceptanceCorrection/RS62/Existing_Vs_Latest_Acceptance_Comparison/Compare_La
test_Vs_Existing_LD2_Acceptance_Mass_All_pT_xF_bin3.pdf, page is rotated 90 deg
rees>]
File: /root/github/e906-development/src/AcceptanceCorrection/acceptance_no_unfo
lding_bins//acceptance_overlay_mass_sliced_by_xF_bin4.pdf Graphic file (type pd
f)
<use /root/github/e906-development/src/AcceptanceCorrection/acceptance_no_unfol
ding_bins//acceptance_overlay_mass_sliced_by_xF_bin4.pdf>
Package pdftex.def Info: /root/github/e906-development/src/AcceptanceCorrection
/acceptance_no_unfolding_bins//acceptance_overlay_mass_sliced_by_xF_bin4.pdf  u
sed on input line 1873.
(pdftex.def)             Requested size: 216.67201pt x 155.52834pt.
</root/github/e906-development/src/NewAcceptanceCorrection/RS62/acceptance_over
lay_mass_sliced_by_xF_bin4.pdf, id=10761, 569.12625pt x 408.52625pt>
File: /root/github/e906-development/src/NewAcceptanceCorrection/RS62/acceptance
_overlay_mass_sliced_by_xF_bin4.pdf Graphic file (type pdf)
<use /root/github/e906-development/src/NewAcceptanceCorrection/RS62/acceptance_
overlay_mass_sliced_by_xF_bin4.pdf>
Package pdftex.def Info: /root/github/e906-development/src/NewAcceptanceCorrect
ion/RS62/acceptance_overlay_mass_sliced_by_xF_bin4.pdf  used on input line 1873
.
(pdftex.def)             Requested size: 216.67201pt x 155.52834pt.
 [140

 </root/github/e906-development/src/NewAcceptanceCorrection/RS62/acceptance_ove
rlay_mass_sliced_by_xF_bin4.pdf, page is rotated 90 degrees>]
File: /root/github/e906-development/src/AcceptanceCorrection/acceptance_no_unfo
lding_bins//Acceptance_Mass_All_pT_xF_bin4.pdf Graphic file (type pdf)
<use /root/github/e906-development/src/AcceptanceCorrection/acceptance_no_unfol
ding_bins//Acceptance_Mass_All_pT_xF_bin4.pdf>
Package pdftex.def Info: /root/github/e906-development/src/AcceptanceCorrection
/acceptance_no_unfolding_bins//Acceptance_Mass_All_pT_xF_bin4.pdf  used on inpu
t line 1886.
(pdftex.def)             Requested size: 216.67201pt x 210.17342pt.
</root/github/e906-development/src/NewAcceptanceCorrection/RS62/Acceptance_Mass
_All_pT_xF_bin4.pdf, id=10813, 569.12625pt x 552.0625pt>
File: /root/github/e906-development/src/NewAcceptanceCorrection/RS62/Acceptance
_Mass_All_pT_xF_bin4.pdf Graphic file (type pdf)
<use /root/github/e906-development/src/NewAcceptanceCorrection/RS62/Acceptance_
Mass_All_pT_xF_bin4.pdf>
Package pdftex.def Info: /root/github/e906-development/src/NewAcceptanceCorrect
ion/RS62/Acceptance_Mass_All_pT_xF_bin4.pdf  used on input line 1886.
(pdftex.def)             Requested size: 216.67201pt x 210.17342pt.
 [141

 </root/github/e906-development/src/NewAcceptanceCorrection/RS62/Acceptance_Mas
s_All_pT_xF_bin4.pdf, page is rotated 90 degrees>]
</root/github/e906-development/src/NewAcceptanceCorrection/RS62/Existing_Vs_Lat
est_Acceptance_Comparison/Compare_Latest_Vs_Existing_LH2_Acceptance_Mass_All_pT
_xF_bin4.pdf, id=10864, 569.12625pt x 552.0625pt>
File: /root/github/e906-development/src/NewAcceptanceCorrection/RS62/Existing_V
s_Latest_Acceptance_Comparison/Compare_Latest_Vs_Existing_LH2_Acceptance_Mass_A
ll_pT_xF_bin4.pdf Graphic file (type pdf)
<use /root/github/e906-development/src/NewAcceptanceCorrection/RS62/Existing_Vs
_Latest_Acceptance_Comparison/Compare_Latest_Vs_Existing_LH2_Acceptance_Mass_Al
l_pT_xF_bin4.pdf>
Package pdftex.def Info: /root/github/e906-development/src/NewAcceptanceCorrect
ion/RS62/Existing_Vs_Latest_Acceptance_Comparison/Compare_Latest_Vs_Existing_LH
2_Acceptance_Mass_All_pT_xF_bin4.pdf  used on input line 1899.
(pdftex.def)             Requested size: 216.67201pt x 210.17342pt.
</root/github/e906-development/src/NewAcceptanceCorrection/RS62/Existing_Vs_Lat
est_Acceptance_Comparison/Compare_Latest_Vs_Existing_LD2_Acceptance_Mass_All_pT
_xF_bin4.pdf, id=10865, 569.12625pt x 552.0625pt>
File: /root/github/e906-development/src/NewAcceptanceCorrection/RS62/Existing_V
s_Latest_Acceptance_Comparison/Compare_Latest_Vs_Existing_LD2_Acceptance_Mass_A
ll_pT_xF_bin4.pdf Graphic file (type pdf)
<use /root/github/e906-development/src/NewAcceptanceCorrection/RS62/Existing_Vs
_Latest_Acceptance_Comparison/Compare_Latest_Vs_Existing_LD2_Acceptance_Mass_Al
l_pT_xF_bin4.pdf>
Package pdftex.def Info: /root/github/e906-development/src/NewAcceptanceCorrect
ion/RS62/Existing_Vs_Latest_Acceptance_Comparison/Compare_Latest_Vs_Existing_LD
2_Acceptance_Mass_All_pT_xF_bin4.pdf  used on input line 1899.
(pdftex.def)             Requested size: 216.67201pt x 210.17342pt.
 [142

 </root/github/e906-development/src/NewAcceptanceCorrection/RS62/Existing_Vs_La
test_Acceptance_Comparison/Compare_Latest_Vs_Existing_LH2_Acceptance_Mass_All_p
T_xF_bin4.pdf, page is rotated 90 degrees> </root/github/e906-development/src/N
ewAcceptanceCorrection/RS62/Existing_Vs_Latest_Acceptance_Comparison/Compare_La
test_Vs_Existing_LD2_Acceptance_Mass_All_pT_xF_bin4.pdf, page is rotated 90 deg
rees>]
File: /root/github/e906-development/src/AcceptanceCorrection/acceptance_no_unfo
lding_bins//acceptance_overlay_mass_sliced_by_xF_bin5.pdf Graphic file (type pd
f)
<use /root/github/e906-development/src/AcceptanceCorrection/acceptance_no_unfol
ding_bins//acceptance_overlay_mass_sliced_by_xF_bin5.pdf>
Package pdftex.def Info: /root/github/e906-development/src/AcceptanceCorrection
/acceptance_no_unfolding_bins//acceptance_overlay_mass_sliced_by_xF_bin5.pdf  u
sed on input line 1912.
(pdftex.def)             Requested size: 216.67201pt x 155.52834pt.
</root/github/e906-development/src/NewAcceptanceCorrection/RS62/acceptance_over
lay_mass_sliced_by_xF_bin5.pdf, id=10959, 569.12625pt x 408.52625pt>
File: /root/github/e906-development/src/NewAcceptanceCorrection/RS62/acceptance
_overlay_mass_sliced_by_xF_bin5.pdf Graphic file (type pdf)
<use /root/github/e906-development/src/NewAcceptanceCorrection/RS62/acceptance_
overlay_mass_sliced_by_xF_bin5.pdf>
Package pdftex.def Info: /root/github/e906-development/src/NewAcceptanceCorrect
ion/RS62/acceptance_overlay_mass_sliced_by_xF_bin5.pdf  used on input line 1912
.
(pdftex.def)             Requested size: 216.67201pt x 155.52834pt.
 [143

 </root/github/e906-development/src/NewAcceptanceCorrection/RS62/acceptance_ove
rlay_mass_sliced_by_xF_bin5.pdf, page is rotated 90 degrees>]
File: /root/github/e906-development/src/AcceptanceCorrection/acceptance_no_unfo
lding_bins//Acceptance_Mass_All_pT_xF_bin5.pdf Graphic file (type pdf)
<use /root/github/e906-development/src/AcceptanceCorrection/acceptance_no_unfol
ding_bins//Acceptance_Mass_All_pT_xF_bin5.pdf>
Package pdftex.def Info: /root/github/e906-development/src/AcceptanceCorrection
/acceptance_no_unfolding_bins//Acceptance_Mass_All_pT_xF_bin5.pdf  used on inpu
t line 1925.
(pdftex.def)             Requested size: 216.67201pt x 210.17342pt.
</root/github/e906-development/src/NewAcceptanceCorrection/RS62/Acceptance_Mass
_All_pT_xF_bin5.pdf, id=11010, 569.12625pt x 552.0625pt>
File: /root/github/e906-development/src/NewAcceptanceCorrection/RS62/Acceptance
_Mass_All_pT_xF_bin5.pdf Graphic file (type pdf)
<use /root/github/e906-development/src/NewAcceptanceCorrection/RS62/Acceptance_
Mass_All_pT_xF_bin5.pdf>
Package pdftex.def Info: /root/github/e906-development/src/NewAcceptanceCorrect
ion/RS62/Acceptance_Mass_All_pT_xF_bin5.pdf  used on input line 1925.
(pdftex.def)             Requested size: 216.67201pt x 210.17342pt.
 [144

 </root/github/e906-development/src/NewAcceptanceCorrection/RS62/Acceptance_Mas
s_All_pT_xF_bin5.pdf, page is rotated 90 degrees>]
</root/github/e906-development/src/NewAcceptanceCorrection/RS62/Existing_Vs_Lat
est_Acceptance_Comparison/Compare_Latest_Vs_Existing_LH2_Acceptance_Mass_All_pT
_xF_bin5.pdf, id=11062, 569.12625pt x 552.0625pt>
File: /root/github/e906-development/src/NewAcceptanceCorrection/RS62/Existing_V
s_Latest_Acceptance_Comparison/Compare_Latest_Vs_Existing_LH2_Acceptance_Mass_A
ll_pT_xF_bin5.pdf Graphic file (type pdf)
<use /root/github/e906-development/src/NewAcceptanceCorrection/RS62/Existing_Vs
_Latest_Acceptance_Comparison/Compare_Latest_Vs_Existing_LH2_Acceptance_Mass_Al
l_pT_xF_bin5.pdf>
Package pdftex.def Info: /root/github/e906-development/src/NewAcceptanceCorrect
ion/RS62/Existing_Vs_Latest_Acceptance_Comparison/Compare_Latest_Vs_Existing_LH
2_Acceptance_Mass_All_pT_xF_bin5.pdf  used on input line 1938.
(pdftex.def)             Requested size: 216.67201pt x 210.17342pt.
</root/github/e906-development/src/NewAcceptanceCorrection/RS62/Existing_Vs_Lat
est_Acceptance_Comparison/Compare_Latest_Vs_Existing_LD2_Acceptance_Mass_All_pT
_xF_bin5.pdf, id=11063, 569.12625pt x 552.0625pt>
File: /root/github/e906-development/src/NewAcceptanceCorrection/RS62/Existing_V
s_Latest_Acceptance_Comparison/Compare_Latest_Vs_Existing_LD2_Acceptance_Mass_A
ll_pT_xF_bin5.pdf Graphic file (type pdf)
<use /root/github/e906-development/src/NewAcceptanceCorrection/RS62/Existing_Vs
_Latest_Acceptance_Comparison/Compare_Latest_Vs_Existing_LD2_Acceptance_Mass_Al
l_pT_xF_bin5.pdf>
Package pdftex.def Info: /root/github/e906-development/src/NewAcceptanceCorrect
ion/RS62/Existing_Vs_Latest_Acceptance_Comparison/Compare_Latest_Vs_Existing_LD
2_Acceptance_Mass_All_pT_xF_bin5.pdf  used on input line 1938.
(pdftex.def)             Requested size: 216.67201pt x 210.17342pt.
 [145

 </root/github/e906-development/src/NewAcceptanceCorrection/RS62/Existing_Vs_La
test_Acceptance_Comparison/Compare_Latest_Vs_Existing_LH2_Acceptance_Mass_All_p
T_xF_bin5.pdf, page is rotated 90 degrees> </root/github/e906-development/src/N
ewAcceptanceCorrection/RS62/Existing_Vs_Latest_Acceptance_Comparison/Compare_La
test_Vs_Existing_LD2_Acceptance_Mass_All_pT_xF_bin5.pdf, page is rotated 90 deg
rees>]
File: /root/github/e906-development/src/AcceptanceCorrection/acceptance_no_unfo
lding_bins//acceptance_overlay_mass_sliced_by_xF_bin6.pdf Graphic file (type pd
f)
<use /root/github/e906-development/src/AcceptanceCorrection/acceptance_no_unfol
ding_bins//acceptance_overlay_mass_sliced_by_xF_bin6.pdf>
Package pdftex.def Info: /root/github/e906-development/src/AcceptanceCorrection
/acceptance_no_unfolding_bins//acceptance_overlay_mass_sliced_by_xF_bin6.pdf  u
sed on input line 1951.
(pdftex.def)             Requested size: 216.67201pt x 155.52834pt.
</root/github/e906-development/src/NewAcceptanceCorrection/RS62/acceptance_over
lay_mass_sliced_by_xF_bin6.pdf, id=11158, 569.12625pt x 408.52625pt>
File: /root/github/e906-development/src/NewAcceptanceCorrection/RS62/acceptance
_overlay_mass_sliced_by_xF_bin6.pdf Graphic file (type pdf)
<use /root/github/e906-development/src/NewAcceptanceCorrection/RS62/acceptance_
overlay_mass_sliced_by_xF_bin6.pdf>
Package pdftex.def Info: /root/github/e906-development/src/NewAcceptanceCorrect
ion/RS62/acceptance_overlay_mass_sliced_by_xF_bin6.pdf  used on input line 1951
.
(pdftex.def)             Requested size: 216.67201pt x 155.52834pt.
[146

 </root/github/e906-development/src/NewAcceptanceCorrection/RS62/acceptance_ove
rlay_mass_sliced_by_xF_bin6.pdf, page is rotated 90 degrees>]
File: /root/github/e906-development/src/AcceptanceCorrection/acceptance_no_unfo
lding_bins//Acceptance_Mass_All_pT_xF_bin6.pdf Graphic file (type pdf)
<use /root/github/e906-development/src/AcceptanceCorrection/acceptance_no_unfol
ding_bins//Acceptance_Mass_All_pT_xF_bin6.pdf>
Package pdftex.def Info: /root/github/e906-development/src/AcceptanceCorrection
/acceptance_no_unfolding_bins//Acceptance_Mass_All_pT_xF_bin6.pdf  used on inpu
t line 1964.
(pdftex.def)             Requested size: 216.67201pt x 210.17342pt.
</root/github/e906-development/src/NewAcceptanceCorrection/RS62/Acceptance_Mass
_All_pT_xF_bin6.pdf, id=11209, 569.12625pt x 552.0625pt>
File: /root/github/e906-development/src/NewAcceptanceCorrection/RS62/Acceptance
_Mass_All_pT_xF_bin6.pdf Graphic file (type pdf)
<use /root/github/e906-development/src/NewAcceptanceCorrection/RS62/Acceptance_
Mass_All_pT_xF_bin6.pdf>
Package pdftex.def Info: /root/github/e906-development/src/NewAcceptanceCorrect
ion/RS62/Acceptance_Mass_All_pT_xF_bin6.pdf  used on input line 1964.
(pdftex.def)             Requested size: 216.67201pt x 210.17342pt.
 [147

 </root/github/e906-development/src/NewAcceptanceCorrection/RS62/Acceptance_Mas
s_All_pT_xF_bin6.pdf, page is rotated 90 degrees>]
</root/github/e906-development/src/NewAcceptanceCorrection/RS62/Existing_Vs_Lat
est_Acceptance_Comparison/Compare_Latest_Vs_Existing_LH2_Acceptance_Mass_All_pT
_xF_bin6.pdf, id=11261, 569.12625pt x 552.0625pt>
File: /root/github/e906-development/src/NewAcceptanceCorrection/RS62/Existing_V
s_Latest_Acceptance_Comparison/Compare_Latest_Vs_Existing_LH2_Acceptance_Mass_A
ll_pT_xF_bin6.pdf Graphic file (type pdf)
<use /root/github/e906-development/src/NewAcceptanceCorrection/RS62/Existing_Vs
_Latest_Acceptance_Comparison/Compare_Latest_Vs_Existing_LH2_Acceptance_Mass_Al
l_pT_xF_bin6.pdf>
Package pdftex.def Info: /root/github/e906-development/src/NewAcceptanceCorrect
ion/RS62/Existing_Vs_Latest_Acceptance_Comparison/Compare_Latest_Vs_Existing_LH
2_Acceptance_Mass_All_pT_xF_bin6.pdf  used on input line 1977.
(pdftex.def)             Requested size: 216.67201pt x 210.17342pt.
</root/github/e906-development/src/NewAcceptanceCorrection/RS62/Existing_Vs_Lat
est_Acceptance_Comparison/Compare_Latest_Vs_Existing_LD2_Acceptance_Mass_All_pT
_xF_bin6.pdf, id=11262, 569.12625pt x 552.0625pt>
File: /root/github/e906-development/src/NewAcceptanceCorrection/RS62/Existing_V
s_Latest_Acceptance_Comparison/Compare_Latest_Vs_Existing_LD2_Acceptance_Mass_A
ll_pT_xF_bin6.pdf Graphic file (type pdf)
<use /root/github/e906-development/src/NewAcceptanceCorrection/RS62/Existing_Vs
_Latest_Acceptance_Comparison/Compare_Latest_Vs_Existing_LD2_Acceptance_Mass_Al
l_pT_xF_bin6.pdf>
Package pdftex.def Info: /root/github/e906-development/src/NewAcceptanceCorrect
ion/RS62/Existing_Vs_Latest_Acceptance_Comparison/Compare_Latest_Vs_Existing_LD
2_Acceptance_Mass_All_pT_xF_bin6.pdf  used on input line 1977.
(pdftex.def)             Requested size: 216.67201pt x 210.17342pt.
 [148

 </root/github/e906-development/src/NewAcceptanceCorrection/RS62/Existing_Vs_La
test_Acceptance_Comparison/Compare_Latest_Vs_Existing_LH2_Acceptance_Mass_All_p
T_xF_bin6.pdf, page is rotated 90 degrees> </root/github/e906-development/src/N
ewAcceptanceCorrection/RS62/Existing_Vs_Latest_Acceptance_Comparison/Compare_La
test_Vs_Existing_LD2_Acceptance_Mass_All_pT_xF_bin6.pdf, page is rotated 90 deg
rees>]
File: /root/github/e906-development/src/AcceptanceCorrection/acceptance_no_unfo
lding_bins//acceptance_overlay_mass_sliced_by_xF_bin7.pdf Graphic file (type pd
f)
<use /root/github/e906-development/src/AcceptanceCorrection/acceptance_no_unfol
ding_bins//acceptance_overlay_mass_sliced_by_xF_bin7.pdf>
Package pdftex.def Info: /root/github/e906-development/src/AcceptanceCorrection
/acceptance_no_unfolding_bins//acceptance_overlay_mass_sliced_by_xF_bin7.pdf  u
sed on input line 1990.
(pdftex.def)             Requested size: 216.67201pt x 155.52834pt.
</root/github/e906-development/src/NewAcceptanceCorrection/RS62/acceptance_over
lay_mass_sliced_by_xF_bin7.pdf, id=11356, 569.12625pt x 408.52625pt>
File: /root/github/e906-development/src/NewAcceptanceCorrection/RS62/acceptance
_overlay_mass_sliced_by_xF_bin7.pdf Graphic file (type pdf)
<use /root/github/e906-development/src/NewAcceptanceCorrection/RS62/acceptance_
overlay_mass_sliced_by_xF_bin7.pdf>
Package pdftex.def Info: /root/github/e906-development/src/NewAcceptanceCorrect
ion/RS62/acceptance_overlay_mass_sliced_by_xF_bin7.pdf  used on input line 1990
.
(pdftex.def)             Requested size: 216.67201pt x 155.52834pt.
 [149

 </root/github/e906-development/src/NewAcceptanceCorrection/RS62/acceptance_ove
rlay_mass_sliced_by_xF_bin7.pdf, page is rotated 90 degrees>]
File: /root/github/e906-development/src/AcceptanceCorrection/acceptance_no_unfo
lding_bins//Acceptance_Mass_All_pT_xF_bin7.pdf Graphic file (type pdf)
<use /root/github/e906-development/src/AcceptanceCorrection/acceptance_no_unfol
ding_bins//Acceptance_Mass_All_pT_xF_bin7.pdf>
Package pdftex.def Info: /root/github/e906-development/src/AcceptanceCorrection
/acceptance_no_unfolding_bins//Acceptance_Mass_All_pT_xF_bin7.pdf  used on inpu
t line 2003.
(pdftex.def)             Requested size: 216.67201pt x 210.17342pt.
</root/github/e906-development/src/NewAcceptanceCorrection/RS62/Acceptance_Mass
_All_pT_xF_bin7.pdf, id=11407, 569.12625pt x 552.0625pt>
File: /root/github/e906-development/src/NewAcceptanceCorrection/RS62/Acceptance
_Mass_All_pT_xF_bin7.pdf Graphic file (type pdf)
<use /root/github/e906-development/src/NewAcceptanceCorrection/RS62/Acceptance_
Mass_All_pT_xF_bin7.pdf>
Package pdftex.def Info: /root/github/e906-development/src/NewAcceptanceCorrect
ion/RS62/Acceptance_Mass_All_pT_xF_bin7.pdf  used on input line 2003.
(pdftex.def)             Requested size: 216.67201pt x 210.17342pt.
 [150

 </root/github/e906-development/src/NewAcceptanceCorrection/RS62/Acceptance_Mas
s_All_pT_xF_bin7.pdf, page is rotated 90 degrees>]
</root/github/e906-development/src/NewAcceptanceCorrection/RS62/Existing_Vs_Lat
est_Acceptance_Comparison/Compare_Latest_Vs_Existing_LH2_Acceptance_Mass_All_pT
_xF_bin7.pdf, id=11458, 569.12625pt x 552.0625pt>
File: /root/github/e906-development/src/NewAcceptanceCorrection/RS62/Existing_V
s_Latest_Acceptance_Comparison/Compare_Latest_Vs_Existing_LH2_Acceptance_Mass_A
ll_pT_xF_bin7.pdf Graphic file (type pdf)
<use /root/github/e906-development/src/NewAcceptanceCorrection/RS62/Existing_Vs
_Latest_Acceptance_Comparison/Compare_Latest_Vs_Existing_LH2_Acceptance_Mass_Al
l_pT_xF_bin7.pdf>
Package pdftex.def Info: /root/github/e906-development/src/NewAcceptanceCorrect
ion/RS62/Existing_Vs_Latest_Acceptance_Comparison/Compare_Latest_Vs_Existing_LH
2_Acceptance_Mass_All_pT_xF_bin7.pdf  used on input line 2016.
(pdftex.def)             Requested size: 216.67201pt x 210.17342pt.
</root/github/e906-development/src/NewAcceptanceCorrection/RS62/Existing_Vs_Lat
est_Acceptance_Comparison/Compare_Latest_Vs_Existing_LD2_Acceptance_Mass_All_pT
_xF_bin7.pdf, id=11459, 569.12625pt x 552.0625pt>
File: /root/github/e906-development/src/NewAcceptanceCorrection/RS62/Existing_V
s_Latest_Acceptance_Comparison/Compare_Latest_Vs_Existing_LD2_Acceptance_Mass_A
ll_pT_xF_bin7.pdf Graphic file (type pdf)
<use /root/github/e906-development/src/NewAcceptanceCorrection/RS62/Existing_Vs
_Latest_Acceptance_Comparison/Compare_Latest_Vs_Existing_LD2_Acceptance_Mass_Al
l_pT_xF_bin7.pdf>
Package pdftex.def Info: /root/github/e906-development/src/NewAcceptanceCorrect
ion/RS62/Existing_Vs_Latest_Acceptance_Comparison/Compare_Latest_Vs_Existing_LD
2_Acceptance_Mass_All_pT_xF_bin7.pdf  used on input line 2016.
(pdftex.def)             Requested size: 216.67201pt x 210.17342pt.
 [151

 </root/github/e906-development/src/NewAcceptanceCorrection/RS62/Existing_Vs_La
test_Acceptance_Comparison/Compare_Latest_Vs_Existing_LH2_Acceptance_Mass_All_p
T_xF_bin7.pdf, page is rotated 90 degrees> </root/github/e906-development/src/N
ewAcceptanceCorrection/RS62/Existing_Vs_Latest_Acceptance_Comparison/Compare_La
test_Vs_Existing_LD2_Acceptance_Mass_All_pT_xF_bin7.pdf, page is rotated 90 deg
rees>]
File: /root/github/e906-development/src/AcceptanceCorrection/acceptance_no_unfo
lding_bins//acceptance_overlay_mass_sliced_by_xF_bin8.pdf Graphic file (type pd
f)
<use /root/github/e906-development/src/AcceptanceCorrection/acceptance_no_unfol
ding_bins//acceptance_overlay_mass_sliced_by_xF_bin8.pdf>
Package pdftex.def Info: /root/github/e906-development/src/AcceptanceCorrection
/acceptance_no_unfolding_bins//acceptance_overlay_mass_sliced_by_xF_bin8.pdf  u
sed on input line 2029.
(pdftex.def)             Requested size: 216.67201pt x 155.52834pt.
</root/github/e906-development/src/NewAcceptanceCorrection/RS62/acceptance_over
lay_mass_sliced_by_xF_bin8.pdf, id=11555, 569.12625pt x 408.52625pt>
File: /root/github/e906-development/src/NewAcceptanceCorrection/RS62/acceptance
_overlay_mass_sliced_by_xF_bin8.pdf Graphic file (type pdf)
<use /root/github/e906-development/src/NewAcceptanceCorrection/RS62/acceptance_
overlay_mass_sliced_by_xF_bin8.pdf>
Package pdftex.def Info: /root/github/e906-development/src/NewAcceptanceCorrect
ion/RS62/acceptance_overlay_mass_sliced_by_xF_bin8.pdf  used on input line 2029
.
(pdftex.def)             Requested size: 216.67201pt x 155.52834pt.
 [152

 </root/github/e906-development/src/NewAcceptanceCorrection/RS62/acceptance_ove
rlay_mass_sliced_by_xF_bin8.pdf, page is rotated 90 degrees>]
File: /root/github/e906-development/src/AcceptanceCorrection/acceptance_no_unfo
lding_bins//Acceptance_Mass_All_pT_xF_bin8.pdf Graphic file (type pdf)
<use /root/github/e906-development/src/AcceptanceCorrection/acceptance_no_unfol
ding_bins//Acceptance_Mass_All_pT_xF_bin8.pdf>
Package pdftex.def Info: /root/github/e906-development/src/AcceptanceCorrection
/acceptance_no_unfolding_bins//Acceptance_Mass_All_pT_xF_bin8.pdf  used on inpu
t line 2042.
(pdftex.def)             Requested size: 216.67201pt x 210.17342pt.
</root/github/e906-development/src/NewAcceptanceCorrection/RS62/Acceptance_Mass
_All_pT_xF_bin8.pdf, id=11606, 569.12625pt x 552.0625pt>
File: /root/github/e906-development/src/NewAcceptanceCorrection/RS62/Acceptance
_Mass_All_pT_xF_bin8.pdf Graphic file (type pdf)
<use /root/github/e906-development/src/NewAcceptanceCorrection/RS62/Acceptance_
Mass_All_pT_xF_bin8.pdf>
Package pdftex.def Info: /root/github/e906-development/src/NewAcceptanceCorrect
ion/RS62/Acceptance_Mass_All_pT_xF_bin8.pdf  used on input line 2042.
(pdftex.def)             Requested size: 216.67201pt x 210.17342pt.
 [153

 </root/github/e906-development/src/NewAcceptanceCorrection/RS62/Acceptance_Mas
s_All_pT_xF_bin8.pdf, page is rotated 90 degrees>]
</root/github/e906-development/src/NewAcceptanceCorrection/RS62/Existing_Vs_Lat
est_Acceptance_Comparison/Compare_Latest_Vs_Existing_LH2_Acceptance_Mass_All_pT
_xF_bin8.pdf, id=11657, 569.12625pt x 552.0625pt>
File: /root/github/e906-development/src/NewAcceptanceCorrection/RS62/Existing_V
s_Latest_Acceptance_Comparison/Compare_Latest_Vs_Existing_LH2_Acceptance_Mass_A
ll_pT_xF_bin8.pdf Graphic file (type pdf)
<use /root/github/e906-development/src/NewAcceptanceCorrection/RS62/Existing_Vs
_Latest_Acceptance_Comparison/Compare_Latest_Vs_Existing_LH2_Acceptance_Mass_Al
l_pT_xF_bin8.pdf>
Package pdftex.def Info: /root/github/e906-development/src/NewAcceptanceCorrect
ion/RS62/Existing_Vs_Latest_Acceptance_Comparison/Compare_Latest_Vs_Existing_LH
2_Acceptance_Mass_All_pT_xF_bin8.pdf  used on input line 2055.
(pdftex.def)             Requested size: 216.67201pt x 210.17342pt.
</root/github/e906-development/src/NewAcceptanceCorrection/RS62/Existing_Vs_Lat
est_Acceptance_Comparison/Compare_Latest_Vs_Existing_LD2_Acceptance_Mass_All_pT
_xF_bin8.pdf, id=11658, 569.12625pt x 552.0625pt>
File: /root/github/e906-development/src/NewAcceptanceCorrection/RS62/Existing_V
s_Latest_Acceptance_Comparison/Compare_Latest_Vs_Existing_LD2_Acceptance_Mass_A
ll_pT_xF_bin8.pdf Graphic file (type pdf)
<use /root/github/e906-development/src/NewAcceptanceCorrection/RS62/Existing_Vs
_Latest_Acceptance_Comparison/Compare_Latest_Vs_Existing_LD2_Acceptance_Mass_Al
l_pT_xF_bin8.pdf>
Package pdftex.def Info: /root/github/e906-development/src/NewAcceptanceCorrect
ion/RS62/Existing_Vs_Latest_Acceptance_Comparison/Compare_Latest_Vs_Existing_LD
2_Acceptance_Mass_All_pT_xF_bin8.pdf  used on input line 2055.
(pdftex.def)             Requested size: 216.67201pt x 210.17342pt.
 [154

 </root/github/e906-development/src/NewAcceptanceCorrection/RS62/Existing_Vs_La
test_Acceptance_Comparison/Compare_Latest_Vs_Existing_LH2_Acceptance_Mass_All_p
T_xF_bin8.pdf, page is rotated 90 degrees> </root/github/e906-development/src/N
ewAcceptanceCorrection/RS62/Existing_Vs_Latest_Acceptance_Comparison/Compare_La
test_Vs_Existing_LD2_Acceptance_Mass_All_pT_xF_bin8.pdf, page is rotated 90 deg
rees>]
File: /root/github/e906-development/src/AcceptanceCorrection/acceptance_no_unfo
lding_bins//acceptance_overlay_mass_sliced_by_xF_bin9.pdf Graphic file (type pd
f)
<use /root/github/e906-development/src/AcceptanceCorrection/acceptance_no_unfol
ding_bins//acceptance_overlay_mass_sliced_by_xF_bin9.pdf>
Package pdftex.def Info: /root/github/e906-development/src/AcceptanceCorrection
/acceptance_no_unfolding_bins//acceptance_overlay_mass_sliced_by_xF_bin9.pdf  u
sed on input line 2068.
(pdftex.def)             Requested size: 216.67201pt x 155.52834pt.
</root/github/e906-development/src/NewAcceptanceCorrection/RS62/acceptance_over
lay_mass_sliced_by_xF_bin9.pdf, id=11753, 569.12625pt x 408.52625pt>
File: /root/github/e906-development/src/NewAcceptanceCorrection/RS62/acceptance
_overlay_mass_sliced_by_xF_bin9.pdf Graphic file (type pdf)
<use /root/github/e906-development/src/NewAcceptanceCorrection/RS62/acceptance_
overlay_mass_sliced_by_xF_bin9.pdf>
Package pdftex.def Info: /root/github/e906-development/src/NewAcceptanceCorrect
ion/RS62/acceptance_overlay_mass_sliced_by_xF_bin9.pdf  used on input line 2068
.
(pdftex.def)             Requested size: 216.67201pt x 155.52834pt.
[155

 </root/github/e906-development/src/NewAcceptanceCorrection/RS62/acceptance_ove
rlay_mass_sliced_by_xF_bin9.pdf, page is rotated 90 degrees>]
File: /root/github/e906-development/src/AcceptanceCorrection/acceptance_no_unfo
lding_bins//Acceptance_Mass_All_pT_xF_bin9.pdf Graphic file (type pdf)
<use /root/github/e906-development/src/AcceptanceCorrection/acceptance_no_unfol
ding_bins//Acceptance_Mass_All_pT_xF_bin9.pdf>
Package pdftex.def Info: /root/github/e906-development/src/AcceptanceCorrection
/acceptance_no_unfolding_bins//Acceptance_Mass_All_pT_xF_bin9.pdf  used on inpu
t line 2081.
(pdftex.def)             Requested size: 216.67201pt x 210.17342pt.
</root/github/e906-development/src/NewAcceptanceCorrection/RS62/Acceptance_Mass
_All_pT_xF_bin9.pdf, id=11804, 569.12625pt x 552.0625pt>
File: /root/github/e906-development/src/NewAcceptanceCorrection/RS62/Acceptance
_Mass_All_pT_xF_bin9.pdf Graphic file (type pdf)
<use /root/github/e906-development/src/NewAcceptanceCorrection/RS62/Acceptance_
Mass_All_pT_xF_bin9.pdf>
Package pdftex.def Info: /root/github/e906-development/src/NewAcceptanceCorrect
ion/RS62/Acceptance_Mass_All_pT_xF_bin9.pdf  used on input line 2081.
(pdftex.def)             Requested size: 216.67201pt x 210.17342pt.
 [156

 </root/github/e906-development/src/NewAcceptanceCorrection/RS62/Acceptance_Mas
s_All_pT_xF_bin9.pdf, page is rotated 90 degrees>]
</root/github/e906-development/src/NewAcceptanceCorrection/RS62/Existing_Vs_Lat
est_Acceptance_Comparison/Compare_Latest_Vs_Existing_LH2_Acceptance_Mass_All_pT
_xF_bin9.pdf, id=11855, 569.12625pt x 552.0625pt>
File: /root/github/e906-development/src/NewAcceptanceCorrection/RS62/Existing_V
s_Latest_Acceptance_Comparison/Compare_Latest_Vs_Existing_LH2_Acceptance_Mass_A
ll_pT_xF_bin9.pdf Graphic file (type pdf)
<use /root/github/e906-development/src/NewAcceptanceCorrection/RS62/Existing_Vs
_Latest_Acceptance_Comparison/Compare_Latest_Vs_Existing_LH2_Acceptance_Mass_Al
l_pT_xF_bin9.pdf>
Package pdftex.def Info: /root/github/e906-development/src/NewAcceptanceCorrect
ion/RS62/Existing_Vs_Latest_Acceptance_Comparison/Compare_Latest_Vs_Existing_LH
2_Acceptance_Mass_All_pT_xF_bin9.pdf  used on input line 2094.
(pdftex.def)             Requested size: 216.67201pt x 210.17342pt.
</root/github/e906-development/src/NewAcceptanceCorrection/RS62/Existing_Vs_Lat
est_Acceptance_Comparison/Compare_Latest_Vs_Existing_LD2_Acceptance_Mass_All_pT
_xF_bin9.pdf, id=11856, 569.12625pt x 552.0625pt>
File: /root/github/e906-development/src/NewAcceptanceCorrection/RS62/Existing_V
s_Latest_Acceptance_Comparison/Compare_Latest_Vs_Existing_LD2_Acceptance_Mass_A
ll_pT_xF_bin9.pdf Graphic file (type pdf)
<use /root/github/e906-development/src/NewAcceptanceCorrection/RS62/Existing_Vs
_Latest_Acceptance_Comparison/Compare_Latest_Vs_Existing_LD2_Acceptance_Mass_Al
l_pT_xF_bin9.pdf>
Package pdftex.def Info: /root/github/e906-development/src/NewAcceptanceCorrect
ion/RS62/Existing_Vs_Latest_Acceptance_Comparison/Compare_Latest_Vs_Existing_LD
2_Acceptance_Mass_All_pT_xF_bin9.pdf  used on input line 2094.
(pdftex.def)             Requested size: 216.67201pt x 210.17342pt.
 [157

 </root/github/e906-development/src/NewAcceptanceCorrection/RS62/Existing_Vs_La
test_Acceptance_Comparison/Compare_Latest_Vs_Existing_LH2_Acceptance_Mass_All_p
T_xF_bin9.pdf, page is rotated 90 degrees> </root/github/e906-development/src/N
ewAcceptanceCorrection/RS62/Existing_Vs_Latest_Acceptance_Comparison/Compare_La
test_Vs_Existing_LD2_Acceptance_Mass_All_pT_xF_bin9.pdf, page is rotated 90 deg
rees>]
File: /root/github/e906-development/src/AcceptanceCorrection/acceptance_no_unfo
lding_bins//acceptance_overlay_mass_sliced_by_xF_bin10.pdf Graphic file (type p
df)
<use /root/github/e906-development/src/AcceptanceCorrection/acceptance_no_unfol
ding_bins//acceptance_overlay_mass_sliced_by_xF_bin10.pdf>
Package pdftex.def Info: /root/github/e906-development/src/AcceptanceCorrection
/acceptance_no_unfolding_bins//acceptance_overlay_mass_sliced_by_xF_bin10.pdf  
used on input line 2107.
(pdftex.def)             Requested size: 216.67201pt x 155.52834pt.
</root/github/e906-development/src/NewAcceptanceCorrection/RS62/acceptance_over
lay_mass_sliced_by_xF_bin10.pdf, id=11952, 569.12625pt x 408.52625pt>
File: /root/github/e906-development/src/NewAcceptanceCorrection/RS62/acceptance
_overlay_mass_sliced_by_xF_bin10.pdf Graphic file (type pdf)
<use /root/github/e906-development/src/NewAcceptanceCorrection/RS62/acceptance_
overlay_mass_sliced_by_xF_bin10.pdf>
Package pdftex.def Info: /root/github/e906-development/src/NewAcceptanceCorrect
ion/RS62/acceptance_overlay_mass_sliced_by_xF_bin10.pdf  used on input line 210
7.
(pdftex.def)             Requested size: 216.67201pt x 155.52834pt.
 [158

 </root/github/e906-development/src/NewAcceptanceCorrection/RS62/acceptance_ove
rlay_mass_sliced_by_xF_bin10.pdf, page is rotated 90 degrees>]
File: /root/github/e906-development/src/AcceptanceCorrection/acceptance_no_unfo
lding_bins//Acceptance_Mass_All_pT_xF_bin10.pdf Graphic file (type pdf)
<use /root/github/e906-development/src/AcceptanceCorrection/acceptance_no_unfol
ding_bins//Acceptance_Mass_All_pT_xF_bin10.pdf>
Package pdftex.def Info: /root/github/e906-development/src/AcceptanceCorrection
/acceptance_no_unfolding_bins//Acceptance_Mass_All_pT_xF_bin10.pdf  used on inp
ut line 2120.
(pdftex.def)             Requested size: 216.67201pt x 210.17342pt.
</root/github/e906-development/src/NewAcceptanceCorrection/RS62/Acceptance_Mass
_All_pT_xF_bin10.pdf, id=12003, 569.12625pt x 552.0625pt>
File: /root/github/e906-development/src/NewAcceptanceCorrection/RS62/Acceptance
_Mass_All_pT_xF_bin10.pdf Graphic file (type pdf)
<use /root/github/e906-development/src/NewAcceptanceCorrection/RS62/Acceptance_
Mass_All_pT_xF_bin10.pdf>
Package pdftex.def Info: /root/github/e906-development/src/NewAcceptanceCorrect
ion/RS62/Acceptance_Mass_All_pT_xF_bin10.pdf  used on input line 2120.
(pdftex.def)             Requested size: 216.67201pt x 210.17342pt.
 [159

 </root/github/e906-development/src/NewAcceptanceCorrection/RS62/Acceptance_Mas
s_All_pT_xF_bin10.pdf, page is rotated 90 degrees>]
</root/github/e906-development/src/NewAcceptanceCorrection/RS62/Existing_Vs_Lat
est_Acceptance_Comparison/Compare_Latest_Vs_Existing_LH2_Acceptance_Mass_All_pT
_xF_bin10.pdf, id=12054, 569.12625pt x 552.0625pt>
File: /root/github/e906-development/src/NewAcceptanceCorrection/RS62/Existing_V
s_Latest_Acceptance_Comparison/Compare_Latest_Vs_Existing_LH2_Acceptance_Mass_A
ll_pT_xF_bin10.pdf Graphic file (type pdf)
<use /root/github/e906-development/src/NewAcceptanceCorrection/RS62/Existing_Vs
_Latest_Acceptance_Comparison/Compare_Latest_Vs_Existing_LH2_Acceptance_Mass_Al
l_pT_xF_bin10.pdf>
Package pdftex.def Info: /root/github/e906-development/src/NewAcceptanceCorrect
ion/RS62/Existing_Vs_Latest_Acceptance_Comparison/Compare_Latest_Vs_Existing_LH
2_Acceptance_Mass_All_pT_xF_bin10.pdf  used on input line 2133.
(pdftex.def)             Requested size: 216.67201pt x 210.17342pt.
</root/github/e906-development/src/NewAcceptanceCorrection/RS62/Existing_Vs_Lat
est_Acceptance_Comparison/Compare_Latest_Vs_Existing_LD2_Acceptance_Mass_All_pT
_xF_bin10.pdf, id=12055, 569.12625pt x 552.0625pt>
File: /root/github/e906-development/src/NewAcceptanceCorrection/RS62/Existing_V
s_Latest_Acceptance_Comparison/Compare_Latest_Vs_Existing_LD2_Acceptance_Mass_A
ll_pT_xF_bin10.pdf Graphic file (type pdf)
<use /root/github/e906-development/src/NewAcceptanceCorrection/RS62/Existing_Vs
_Latest_Acceptance_Comparison/Compare_Latest_Vs_Existing_LD2_Acceptance_Mass_Al
l_pT_xF_bin10.pdf>
Package pdftex.def Info: /root/github/e906-development/src/NewAcceptanceCorrect
ion/RS62/Existing_Vs_Latest_Acceptance_Comparison/Compare_Latest_Vs_Existing_LD
2_Acceptance_Mass_All_pT_xF_bin10.pdf  used on input line 2133.
(pdftex.def)             Requested size: 216.67201pt x 210.17342pt.
 [160

 </root/github/e906-development/src/NewAcceptanceCorrection/RS62/Existing_Vs_La
test_Acceptance_Comparison/Compare_Latest_Vs_Existing_LH2_Acceptance_Mass_All_p
T_xF_bin10.pdf, page is rotated 90 degrees> </root/github/e906-development/src/
NewAcceptanceCorrection/RS62/Existing_Vs_Latest_Acceptance_Comparison/Compare_L
atest_Vs_Existing_LD2_Acceptance_Mass_All_pT_xF_bin10.pdf, page is rotated 90 d
egrees>]
File: /root/github/e906-development/src/AcceptanceCorrection/acceptance_no_unfo
lding_bins//acceptance_overlay_mass_sliced_by_xF_bin11.pdf Graphic file (type p
df)
<use /root/github/e906-development/src/AcceptanceCorrection/acceptance_no_unfol
ding_bins//acceptance_overlay_mass_sliced_by_xF_bin11.pdf>
Package pdftex.def Info: /root/github/e906-development/src/AcceptanceCorrection
/acceptance_no_unfolding_bins//acceptance_overlay_mass_sliced_by_xF_bin11.pdf  
used on input line 2146.
(pdftex.def)             Requested size: 216.67201pt x 155.52834pt.
</root/github/e906-development/src/NewAcceptanceCorrection/RS62/acceptance_over
lay_mass_sliced_by_xF_bin11.pdf, id=12149, 569.12625pt x 408.52625pt>
File: /root/github/e906-development/src/NewAcceptanceCorrection/RS62/acceptance
_overlay_mass_sliced_by_xF_bin11.pdf Graphic file (type pdf)
<use /root/github/e906-development/src/NewAcceptanceCorrection/RS62/acceptance_
overlay_mass_sliced_by_xF_bin11.pdf>
Package pdftex.def Info: /root/github/e906-development/src/NewAcceptanceCorrect
ion/RS62/acceptance_overlay_mass_sliced_by_xF_bin11.pdf  used on input line 214
6.
(pdftex.def)             Requested size: 216.67201pt x 155.52834pt.
 [161

 </root/github/e906-development/src/NewAcceptanceCorrection/RS62/acceptance_ove
rlay_mass_sliced_by_xF_bin11.pdf, page is rotated 90 degrees>]
File: /root/github/e906-development/src/AcceptanceCorrection/acceptance_no_unfo
lding_bins//Acceptance_Mass_All_pT_xF_bin11.pdf Graphic file (type pdf)
<use /root/github/e906-development/src/AcceptanceCorrection/acceptance_no_unfol
ding_bins//Acceptance_Mass_All_pT_xF_bin11.pdf>
Package pdftex.def Info: /root/github/e906-development/src/AcceptanceCorrection
/acceptance_no_unfolding_bins//Acceptance_Mass_All_pT_xF_bin11.pdf  used on inp
ut line 2159.
(pdftex.def)             Requested size: 216.67201pt x 210.17342pt.
</root/github/e906-development/src/NewAcceptanceCorrection/RS62/Acceptance_Mass
_All_pT_xF_bin11.pdf, id=12201, 569.12625pt x 552.0625pt>
File: /root/github/e906-development/src/NewAcceptanceCorrection/RS62/Acceptance
_Mass_All_pT_xF_bin11.pdf Graphic file (type pdf)
<use /root/github/e906-development/src/NewAcceptanceCorrection/RS62/Acceptance_
Mass_All_pT_xF_bin11.pdf>
Package pdftex.def Info: /root/github/e906-development/src/NewAcceptanceCorrect
ion/RS62/Acceptance_Mass_All_pT_xF_bin11.pdf  used on input line 2159.
(pdftex.def)             Requested size: 216.67201pt x 210.17342pt.
 [162

 </root/github/e906-development/src/NewAcceptanceCorrection/RS62/Acceptance_Mas
s_All_pT_xF_bin11.pdf, page is rotated 90 degrees>]
</root/github/e906-development/src/NewAcceptanceCorrection/RS62/Existing_Vs_Lat
est_Acceptance_Comparison/Compare_Latest_Vs_Existing_LH2_Acceptance_Mass_All_pT
_xF_bin11.pdf, id=12252, 569.12625pt x 552.0625pt>
File: /root/github/e906-development/src/NewAcceptanceCorrection/RS62/Existing_V
s_Latest_Acceptance_Comparison/Compare_Latest_Vs_Existing_LH2_Acceptance_Mass_A
ll_pT_xF_bin11.pdf Graphic file (type pdf)
<use /root/github/e906-development/src/NewAcceptanceCorrection/RS62/Existing_Vs
_Latest_Acceptance_Comparison/Compare_Latest_Vs_Existing_LH2_Acceptance_Mass_Al
l_pT_xF_bin11.pdf>
Package pdftex.def Info: /root/github/e906-development/src/NewAcceptanceCorrect
ion/RS62/Existing_Vs_Latest_Acceptance_Comparison/Compare_Latest_Vs_Existing_LH
2_Acceptance_Mass_All_pT_xF_bin11.pdf  used on input line 2172.
(pdftex.def)             Requested size: 216.67201pt x 210.17342pt.
</root/github/e906-development/src/NewAcceptanceCorrection/RS62/Existing_Vs_Lat
est_Acceptance_Comparison/Compare_Latest_Vs_Existing_LD2_Acceptance_Mass_All_pT
_xF_bin11.pdf, id=12253, 569.12625pt x 552.0625pt>
File: /root/github/e906-development/src/NewAcceptanceCorrection/RS62/Existing_V
s_Latest_Acceptance_Comparison/Compare_Latest_Vs_Existing_LD2_Acceptance_Mass_A
ll_pT_xF_bin11.pdf Graphic file (type pdf)
<use /root/github/e906-development/src/NewAcceptanceCorrection/RS62/Existing_Vs
_Latest_Acceptance_Comparison/Compare_Latest_Vs_Existing_LD2_Acceptance_Mass_Al
l_pT_xF_bin11.pdf>
Package pdftex.def Info: /root/github/e906-development/src/NewAcceptanceCorrect
ion/RS62/Existing_Vs_Latest_Acceptance_Comparison/Compare_Latest_Vs_Existing_LD
2_Acceptance_Mass_All_pT_xF_bin11.pdf  used on input line 2172.
(pdftex.def)             Requested size: 216.67201pt x 210.17342pt.

[163

 </root/github/e906-development/src/NewAcceptanceCorrection/RS62/Existing_Vs_La
test_Acceptance_Comparison/Compare_Latest_Vs_Existing_LH2_Acceptance_Mass_All_p
T_xF_bin11.pdf, page is rotated 90 degrees> </root/github/e906-development/src/
NewAcceptanceCorrection/RS62/Existing_Vs_Latest_Acceptance_Comparison/Compare_L
atest_Vs_Existing_LD2_Acceptance_Mass_All_pT_xF_bin11.pdf, page is rotated 90 d
egrees>]
File: /root/github/e906-development/src/AcceptanceCorrection/acceptance_no_unfo
lding_bins//acceptance_overlay_mass_sliced_by_xF_bin12.pdf Graphic file (type p
df)
<use /root/github/e906-development/src/AcceptanceCorrection/acceptance_no_unfol
ding_bins//acceptance_overlay_mass_sliced_by_xF_bin12.pdf>
Package pdftex.def Info: /root/github/e906-development/src/AcceptanceCorrection
/acceptance_no_unfolding_bins//acceptance_overlay_mass_sliced_by_xF_bin12.pdf  
used on input line 2185.
(pdftex.def)             Requested size: 216.67201pt x 155.52834pt.
</root/github/e906-development/src/NewAcceptanceCorrection/RS62/acceptance_over
lay_mass_sliced_by_xF_bin12.pdf, id=12348, 569.12625pt x 408.52625pt>
File: /root/github/e906-development/src/NewAcceptanceCorrection/RS62/acceptance
_overlay_mass_sliced_by_xF_bin12.pdf Graphic file (type pdf)
<use /root/github/e906-development/src/NewAcceptanceCorrection/RS62/acceptance_
overlay_mass_sliced_by_xF_bin12.pdf>
Package pdftex.def Info: /root/github/e906-development/src/NewAcceptanceCorrect
ion/RS62/acceptance_overlay_mass_sliced_by_xF_bin12.pdf  used on input line 218
5.
(pdftex.def)             Requested size: 216.67201pt x 155.52834pt.
 [164

 </root/github/e906-development/src/NewAcceptanceCorrection/RS62/acceptance_ove
rlay_mass_sliced_by_xF_bin12.pdf, page is rotated 90 degrees>]
File: /root/github/e906-development/src/AcceptanceCorrection/acceptance_no_unfo
lding_bins//Acceptance_Mass_All_pT_xF_bin12.pdf Graphic file (type pdf)
<use /root/github/e906-development/src/AcceptanceCorrection/acceptance_no_unfol
ding_bins//Acceptance_Mass_All_pT_xF_bin12.pdf>
Package pdftex.def Info: /root/github/e906-development/src/AcceptanceCorrection
/acceptance_no_unfolding_bins//Acceptance_Mass_All_pT_xF_bin12.pdf  used on inp
ut line 2198.
(pdftex.def)             Requested size: 216.67201pt x 210.17342pt.
</root/github/e906-development/src/NewAcceptanceCorrection/RS62/Acceptance_Mass
_All_pT_xF_bin12.pdf, id=12400, 569.12625pt x 552.0625pt>
File: /root/github/e906-development/src/NewAcceptanceCorrection/RS62/Acceptance
_Mass_All_pT_xF_bin12.pdf Graphic file (type pdf)
<use /root/github/e906-development/src/NewAcceptanceCorrection/RS62/Acceptance_
Mass_All_pT_xF_bin12.pdf>
Package pdftex.def Info: /root/github/e906-development/src/NewAcceptanceCorrect
ion/RS62/Acceptance_Mass_All_pT_xF_bin12.pdf  used on input line 2198.
(pdftex.def)             Requested size: 216.67201pt x 210.17342pt.
[165

 </root/github/e906-development/src/NewAcceptanceCorrection/RS62/Acceptance_Mas
s_All_pT_xF_bin12.pdf, page is rotated 90 degrees>]
</root/github/e906-development/src/NewAcceptanceCorrection/RS62/Existing_Vs_Lat
est_Acceptance_Comparison/Compare_Latest_Vs_Existing_LH2_Acceptance_Mass_All_pT
_xF_bin12.pdf, id=12451, 569.12625pt x 552.0625pt>
File: /root/github/e906-development/src/NewAcceptanceCorrection/RS62/Existing_V
s_Latest_Acceptance_Comparison/Compare_Latest_Vs_Existing_LH2_Acceptance_Mass_A
ll_pT_xF_bin12.pdf Graphic file (type pdf)
<use /root/github/e906-development/src/NewAcceptanceCorrection/RS62/Existing_Vs
_Latest_Acceptance_Comparison/Compare_Latest_Vs_Existing_LH2_Acceptance_Mass_Al
l_pT_xF_bin12.pdf>
Package pdftex.def Info: /root/github/e906-development/src/NewAcceptanceCorrect
ion/RS62/Existing_Vs_Latest_Acceptance_Comparison/Compare_Latest_Vs_Existing_LH
2_Acceptance_Mass_All_pT_xF_bin12.pdf  used on input line 2211.
(pdftex.def)             Requested size: 216.67201pt x 210.17342pt.
</root/github/e906-development/src/NewAcceptanceCorrection/RS62/Existing_Vs_Lat
est_Acceptance_Comparison/Compare_Latest_Vs_Existing_LD2_Acceptance_Mass_All_pT
_xF_bin12.pdf, id=12452, 569.12625pt x 552.0625pt>
File: /root/github/e906-development/src/NewAcceptanceCorrection/RS62/Existing_V
s_Latest_Acceptance_Comparison/Compare_Latest_Vs_Existing_LD2_Acceptance_Mass_A
ll_pT_xF_bin12.pdf Graphic file (type pdf)
<use /root/github/e906-development/src/NewAcceptanceCorrection/RS62/Existing_Vs
_Latest_Acceptance_Comparison/Compare_Latest_Vs_Existing_LD2_Acceptance_Mass_Al
l_pT_xF_bin12.pdf>
Package pdftex.def Info: /root/github/e906-development/src/NewAcceptanceCorrect
ion/RS62/Existing_Vs_Latest_Acceptance_Comparison/Compare_Latest_Vs_Existing_LD
2_Acceptance_Mass_All_pT_xF_bin12.pdf  used on input line 2211.
(pdftex.def)             Requested size: 216.67201pt x 210.17342pt.
 [166

 </root/github/e906-development/src/NewAcceptanceCorrection/RS62/Existing_Vs_La
test_Acceptance_Comparison/Compare_Latest_Vs_Existing_LH2_Acceptance_Mass_All_p
T_xF_bin12.pdf, page is rotated 90 degrees> </root/github/e906-development/src/
NewAcceptanceCorrection/RS62/Existing_Vs_Latest_Acceptance_Comparison/Compare_L
atest_Vs_Existing_LD2_Acceptance_Mass_All_pT_xF_bin12.pdf, page is rotated 90 d
egrees>]
File: /root/github/e906-development/src/AcceptanceCorrection/acceptance_no_unfo
lding_bins//acceptance_overlay_mass_sliced_by_xF_bin13.pdf Graphic file (type p
df)
<use /root/github/e906-development/src/AcceptanceCorrection/acceptance_no_unfol
ding_bins//acceptance_overlay_mass_sliced_by_xF_bin13.pdf>
Package pdftex.def Info: /root/github/e906-development/src/AcceptanceCorrection
/acceptance_no_unfolding_bins//acceptance_overlay_mass_sliced_by_xF_bin13.pdf  
used on input line 2224.
(pdftex.def)             Requested size: 216.67201pt x 155.52834pt.
</root/github/e906-development/src/NewAcceptanceCorrection/RS62/acceptance_over
lay_mass_sliced_by_xF_bin13.pdf, id=12546, 569.12625pt x 408.52625pt>
File: /root/github/e906-development/src/NewAcceptanceCorrection/RS62/acceptance
_overlay_mass_sliced_by_xF_bin13.pdf Graphic file (type pdf)
<use /root/github/e906-development/src/NewAcceptanceCorrection/RS62/acceptance_
overlay_mass_sliced_by_xF_bin13.pdf>
Package pdftex.def Info: /root/github/e906-development/src/NewAcceptanceCorrect
ion/RS62/acceptance_overlay_mass_sliced_by_xF_bin13.pdf  used on input line 222
4.
(pdftex.def)             Requested size: 216.67201pt x 155.52834pt.
 [167

 </root/github/e906-development/src/NewAcceptanceCorrection/RS62/acceptance_ove
rlay_mass_sliced_by_xF_bin13.pdf, page is rotated 90 degrees>]
File: /root/github/e906-development/src/AcceptanceCorrection/acceptance_no_unfo
lding_bins//Acceptance_Mass_All_pT_xF_bin13.pdf Graphic file (type pdf)
<use /root/github/e906-development/src/AcceptanceCorrection/acceptance_no_unfol
ding_bins//Acceptance_Mass_All_pT_xF_bin13.pdf>
Package pdftex.def Info: /root/github/e906-development/src/AcceptanceCorrection
/acceptance_no_unfolding_bins//Acceptance_Mass_All_pT_xF_bin13.pdf  used on inp
ut line 2237.
(pdftex.def)             Requested size: 216.67201pt x 210.17342pt.
</root/github/e906-development/src/NewAcceptanceCorrection/RS62/Acceptance_Mass
_All_pT_xF_bin13.pdf, id=12597, 569.12625pt x 552.0625pt>
File: /root/github/e906-development/src/NewAcceptanceCorrection/RS62/Acceptance
_Mass_All_pT_xF_bin13.pdf Graphic file (type pdf)
<use /root/github/e906-development/src/NewAcceptanceCorrection/RS62/Acceptance_
Mass_All_pT_xF_bin13.pdf>
Package pdftex.def Info: /root/github/e906-development/src/NewAcceptanceCorrect
ion/RS62/Acceptance_Mass_All_pT_xF_bin13.pdf  used on input line 2237.
(pdftex.def)             Requested size: 216.67201pt x 210.17342pt.
 [168

 </root/github/e906-development/src/NewAcceptanceCorrection/RS62/Acceptance_Mas
s_All_pT_xF_bin13.pdf, page is rotated 90 degrees>]
</root/github/e906-development/src/NewAcceptanceCorrection/RS62/Existing_Vs_Lat
est_Acceptance_Comparison/Compare_Latest_Vs_Existing_LH2_Acceptance_Mass_All_pT
_xF_bin13.pdf, id=12649, 569.12625pt x 552.0625pt>
File: /root/github/e906-development/src/NewAcceptanceCorrection/RS62/Existing_V
s_Latest_Acceptance_Comparison/Compare_Latest_Vs_Existing_LH2_Acceptance_Mass_A
ll_pT_xF_bin13.pdf Graphic file (type pdf)
<use /root/github/e906-development/src/NewAcceptanceCorrection/RS62/Existing_Vs
_Latest_Acceptance_Comparison/Compare_Latest_Vs_Existing_LH2_Acceptance_Mass_Al
l_pT_xF_bin13.pdf>
Package pdftex.def Info: /root/github/e906-development/src/NewAcceptanceCorrect
ion/RS62/Existing_Vs_Latest_Acceptance_Comparison/Compare_Latest_Vs_Existing_LH
2_Acceptance_Mass_All_pT_xF_bin13.pdf  used on input line 2250.
(pdftex.def)             Requested size: 216.67201pt x 210.17342pt.
</root/github/e906-development/src/NewAcceptanceCorrection/RS62/Existing_Vs_Lat
est_Acceptance_Comparison/Compare_Latest_Vs_Existing_LD2_Acceptance_Mass_All_pT
_xF_bin13.pdf, id=12650, 569.12625pt x 552.0625pt>
File: /root/github/e906-development/src/NewAcceptanceCorrection/RS62/Existing_V
s_Latest_Acceptance_Comparison/Compare_Latest_Vs_Existing_LD2_Acceptance_Mass_A
ll_pT_xF_bin13.pdf Graphic file (type pdf)
<use /root/github/e906-development/src/NewAcceptanceCorrection/RS62/Existing_Vs
_Latest_Acceptance_Comparison/Compare_Latest_Vs_Existing_LD2_Acceptance_Mass_Al
l_pT_xF_bin13.pdf>
Package pdftex.def Info: /root/github/e906-development/src/NewAcceptanceCorrect
ion/RS62/Existing_Vs_Latest_Acceptance_Comparison/Compare_Latest_Vs_Existing_LD
2_Acceptance_Mass_All_pT_xF_bin13.pdf  used on input line 2250.
(pdftex.def)             Requested size: 216.67201pt x 210.17342pt.
 [169

 </root/github/e906-development/src/NewAcceptanceCorrection/RS62/Existing_Vs_La
test_Acceptance_Comparison/Compare_Latest_Vs_Existing_LH2_Acceptance_Mass_All_p
T_xF_bin13.pdf, page is rotated 90 degrees> </root/github/e906-development/src/
NewAcceptanceCorrection/RS62/Existing_Vs_Latest_Acceptance_Comparison/Compare_L
atest_Vs_Existing_LD2_Acceptance_Mass_All_pT_xF_bin13.pdf, page is rotated 90 d
egrees>]
File: /root/github/e906-development/src/AcceptanceCorrection/acceptance_no_unfo
lding_bins//acceptance_overlay_mass_sliced_by_xF_bin14.pdf Graphic file (type p
df)
<use /root/github/e906-development/src/AcceptanceCorrection/acceptance_no_unfol
ding_bins//acceptance_overlay_mass_sliced_by_xF_bin14.pdf>
Package pdftex.def Info: /root/github/e906-development/src/AcceptanceCorrection
/acceptance_no_unfolding_bins//acceptance_overlay_mass_sliced_by_xF_bin14.pdf  
used on input line 2263.
(pdftex.def)             Requested size: 216.67201pt x 155.52834pt.
</root/github/e906-development/src/NewAcceptanceCorrection/RS62/acceptance_over
lay_mass_sliced_by_xF_bin14.pdf, id=12745, 569.12625pt x 408.52625pt>
File: /root/github/e906-development/src/NewAcceptanceCorrection/RS62/acceptance
_overlay_mass_sliced_by_xF_bin14.pdf Graphic file (type pdf)
<use /root/github/e906-development/src/NewAcceptanceCorrection/RS62/acceptance_
overlay_mass_sliced_by_xF_bin14.pdf>
Package pdftex.def Info: /root/github/e906-development/src/NewAcceptanceCorrect
ion/RS62/acceptance_overlay_mass_sliced_by_xF_bin14.pdf  used on input line 226
3.
(pdftex.def)             Requested size: 216.67201pt x 155.52834pt.
 [170

 </root/github/e906-development/src/NewAcceptanceCorrection/RS62/acceptance_ove
rlay_mass_sliced_by_xF_bin14.pdf, page is rotated 90 degrees>]
File: /root/github/e906-development/src/AcceptanceCorrection/acceptance_no_unfo
lding_bins//Acceptance_Mass_All_pT_xF_bin14.pdf Graphic file (type pdf)
<use /root/github/e906-development/src/AcceptanceCorrection/acceptance_no_unfol
ding_bins//Acceptance_Mass_All_pT_xF_bin14.pdf>
Package pdftex.def Info: /root/github/e906-development/src/AcceptanceCorrection
/acceptance_no_unfolding_bins//Acceptance_Mass_All_pT_xF_bin14.pdf  used on inp
ut line 2276.
(pdftex.def)             Requested size: 216.67201pt x 210.17342pt.
</root/github/e906-development/src/NewAcceptanceCorrection/RS62/Acceptance_Mass
_All_pT_xF_bin14.pdf, id=12796, 569.12625pt x 552.0625pt>
File: /root/github/e906-development/src/NewAcceptanceCorrection/RS62/Acceptance
_Mass_All_pT_xF_bin14.pdf Graphic file (type pdf)
<use /root/github/e906-development/src/NewAcceptanceCorrection/RS62/Acceptance_
Mass_All_pT_xF_bin14.pdf>
Package pdftex.def Info: /root/github/e906-development/src/NewAcceptanceCorrect
ion/RS62/Acceptance_Mass_All_pT_xF_bin14.pdf  used on input line 2276.
(pdftex.def)             Requested size: 216.67201pt x 210.17342pt.
 [171

 </root/github/e906-development/src/NewAcceptanceCorrection/RS62/Acceptance_Mas
s_All_pT_xF_bin14.pdf, page is rotated 90 degrees>]
</root/github/e906-development/src/NewAcceptanceCorrection/RS62/Existing_Vs_Lat
est_Acceptance_Comparison/Compare_Latest_Vs_Existing_LH2_Acceptance_Mass_All_pT
_xF_bin14.pdf, id=12847, 569.12625pt x 552.0625pt>
File: /root/github/e906-development/src/NewAcceptanceCorrection/RS62/Existing_V
s_Latest_Acceptance_Comparison/Compare_Latest_Vs_Existing_LH2_Acceptance_Mass_A
ll_pT_xF_bin14.pdf Graphic file (type pdf)
<use /root/github/e906-development/src/NewAcceptanceCorrection/RS62/Existing_Vs
_Latest_Acceptance_Comparison/Compare_Latest_Vs_Existing_LH2_Acceptance_Mass_Al
l_pT_xF_bin14.pdf>
Package pdftex.def Info: /root/github/e906-development/src/NewAcceptanceCorrect
ion/RS62/Existing_Vs_Latest_Acceptance_Comparison/Compare_Latest_Vs_Existing_LH
2_Acceptance_Mass_All_pT_xF_bin14.pdf  used on input line 2289.
(pdftex.def)             Requested size: 216.67201pt x 210.17342pt.
</root/github/e906-development/src/NewAcceptanceCorrection/RS62/Existing_Vs_Lat
est_Acceptance_Comparison/Compare_Latest_Vs_Existing_LD2_Acceptance_Mass_All_pT
_xF_bin14.pdf, id=12848, 569.12625pt x 552.0625pt>
File: /root/github/e906-development/src/NewAcceptanceCorrection/RS62/Existing_V
s_Latest_Acceptance_Comparison/Compare_Latest_Vs_Existing_LD2_Acceptance_Mass_A
ll_pT_xF_bin14.pdf Graphic file (type pdf)
<use /root/github/e906-development/src/NewAcceptanceCorrection/RS62/Existing_Vs
_Latest_Acceptance_Comparison/Compare_Latest_Vs_Existing_LD2_Acceptance_Mass_Al
l_pT_xF_bin14.pdf>
Package pdftex.def Info: /root/github/e906-development/src/NewAcceptanceCorrect
ion/RS62/Existing_Vs_Latest_Acceptance_Comparison/Compare_Latest_Vs_Existing_LD
2_Acceptance_Mass_All_pT_xF_bin14.pdf  used on input line 2289.
(pdftex.def)             Requested size: 216.67201pt x 210.17342pt.
 [172

 </root/github/e906-development/src/NewAcceptanceCorrection/RS62/Existing_Vs_La
test_Acceptance_Comparison/Compare_Latest_Vs_Existing_LH2_Acceptance_Mass_All_p
T_xF_bin14.pdf, page is rotated 90 degrees> </root/github/e906-development/src/
NewAcceptanceCorrection/RS62/Existing_Vs_Latest_Acceptance_Comparison/Compare_L
atest_Vs_Existing_LD2_Acceptance_Mass_All_pT_xF_bin14.pdf, page is rotated 90 d
egrees>]
File: /root/github/e906-development/src/AcceptanceCorrection/acceptance_no_unfo
lding_bins//acceptance_overlay_mass_sliced_by_xF_bin15.pdf Graphic file (type p
df)
<use /root/github/e906-development/src/AcceptanceCorrection/acceptance_no_unfol
ding_bins//acceptance_overlay_mass_sliced_by_xF_bin15.pdf>
Package pdftex.def Info: /root/github/e906-development/src/AcceptanceCorrection
/acceptance_no_unfolding_bins//acceptance_overlay_mass_sliced_by_xF_bin15.pdf  
used on input line 2302.
(pdftex.def)             Requested size: 216.67201pt x 155.52834pt.
</root/github/e906-development/src/NewAcceptanceCorrection/RS62/acceptance_over
lay_mass_sliced_by_xF_bin15.pdf, id=12943, 569.12625pt x 408.52625pt>
File: /root/github/e906-development/src/NewAcceptanceCorrection/RS62/acceptance
_overlay_mass_sliced_by_xF_bin15.pdf Graphic file (type pdf)
<use /root/github/e906-development/src/NewAcceptanceCorrection/RS62/acceptance_
overlay_mass_sliced_by_xF_bin15.pdf>
Package pdftex.def Info: /root/github/e906-development/src/NewAcceptanceCorrect
ion/RS62/acceptance_overlay_mass_sliced_by_xF_bin15.pdf  used on input line 230
2.
(pdftex.def)             Requested size: 216.67201pt x 155.52834pt.
 [173

 </root/github/e906-development/src/NewAcceptanceCorrection/RS62/acceptance_ove
rlay_mass_sliced_by_xF_bin15.pdf, page is rotated 90 degrees>]
File: /root/github/e906-development/src/AcceptanceCorrection/acceptance_no_unfo
lding_bins//Acceptance_Mass_All_pT_xF_bin15.pdf Graphic file (type pdf)
<use /root/github/e906-development/src/AcceptanceCorrection/acceptance_no_unfol
ding_bins//Acceptance_Mass_All_pT_xF_bin15.pdf>
Package pdftex.def Info: /root/github/e906-development/src/AcceptanceCorrection
/acceptance_no_unfolding_bins//Acceptance_Mass_All_pT_xF_bin15.pdf  used on inp
ut line 2315.
(pdftex.def)             Requested size: 216.67201pt x 210.17342pt.
</root/github/e906-development/src/NewAcceptanceCorrection/RS62/Acceptance_Mass
_All_pT_xF_bin15.pdf, id=12994, 569.12625pt x 552.0625pt>
File: /root/github/e906-development/src/NewAcceptanceCorrection/RS62/Acceptance
_Mass_All_pT_xF_bin15.pdf Graphic file (type pdf)
<use /root/github/e906-development/src/NewAcceptanceCorrection/RS62/Acceptance_
Mass_All_pT_xF_bin15.pdf>
Package pdftex.def Info: /root/github/e906-development/src/NewAcceptanceCorrect
ion/RS62/Acceptance_Mass_All_pT_xF_bin15.pdf  used on input line 2315.
(pdftex.def)             Requested size: 216.67201pt x 210.17342pt.
 [174

 </root/github/e906-development/src/NewAcceptanceCorrection/RS62/Acceptance_Mas
s_All_pT_xF_bin15.pdf, page is rotated 90 degrees>]
</root/github/e906-development/src/NewAcceptanceCorrection/RS62/Existing_Vs_Lat
est_Acceptance_Comparison/Compare_Latest_Vs_Existing_LH2_Acceptance_Mass_All_pT
_xF_bin15.pdf, id=13045, 569.12625pt x 552.0625pt>
File: /root/github/e906-development/src/NewAcceptanceCorrection/RS62/Existing_V
s_Latest_Acceptance_Comparison/Compare_Latest_Vs_Existing_LH2_Acceptance_Mass_A
ll_pT_xF_bin15.pdf Graphic file (type pdf)
<use /root/github/e906-development/src/NewAcceptanceCorrection/RS62/Existing_Vs
_Latest_Acceptance_Comparison/Compare_Latest_Vs_Existing_LH2_Acceptance_Mass_Al
l_pT_xF_bin15.pdf>
Package pdftex.def Info: /root/github/e906-development/src/NewAcceptanceCorrect
ion/RS62/Existing_Vs_Latest_Acceptance_Comparison/Compare_Latest_Vs_Existing_LH
2_Acceptance_Mass_All_pT_xF_bin15.pdf  used on input line 2328.
(pdftex.def)             Requested size: 216.67201pt x 210.17342pt.
</root/github/e906-development/src/NewAcceptanceCorrection/RS62/Existing_Vs_Lat
est_Acceptance_Comparison/Compare_Latest_Vs_Existing_LD2_Acceptance_Mass_All_pT
_xF_bin15.pdf, id=13046, 569.12625pt x 552.0625pt>
File: /root/github/e906-development/src/NewAcceptanceCorrection/RS62/Existing_V
s_Latest_Acceptance_Comparison/Compare_Latest_Vs_Existing_LD2_Acceptance_Mass_A
ll_pT_xF_bin15.pdf Graphic file (type pdf)
<use /root/github/e906-development/src/NewAcceptanceCorrection/RS62/Existing_Vs
_Latest_Acceptance_Comparison/Compare_Latest_Vs_Existing_LD2_Acceptance_Mass_Al
l_pT_xF_bin15.pdf>
Package pdftex.def Info: /root/github/e906-development/src/NewAcceptanceCorrect
ion/RS62/Existing_Vs_Latest_Acceptance_Comparison/Compare_Latest_Vs_Existing_LD
2_Acceptance_Mass_All_pT_xF_bin15.pdf  used on input line 2328.
(pdftex.def)             Requested size: 216.67201pt x 210.17342pt.
 [175

 </root/github/e906-development/src/NewAcceptanceCorrection/RS62/Existing_Vs_La
test_Acceptance_Comparison/Compare_Latest_Vs_Existing_LH2_Acceptance_Mass_All_p
T_xF_bin15.pdf, page is rotated 90 degrees> </root/github/e906-development/src/
NewAcceptanceCorrection/RS62/Existing_Vs_Latest_Acceptance_Comparison/Compare_L
atest_Vs_Existing_LD2_Acceptance_Mass_All_pT_xF_bin15.pdf, page is rotated 90 d
egrees>]
File: /root/github/e906-development/src/AcceptanceCorrection/acceptance_no_unfo
lding_bins//acceptance_overlay_Integrated_mass.pdf Graphic file (type pdf)
<use /root/github/e906-development/src/AcceptanceCorrection/acceptance_no_unfol
ding_bins//acceptance_overlay_Integrated_mass.pdf>
Package pdftex.def Info: /root/github/e906-development/src/AcceptanceCorrection
/acceptance_no_unfolding_bins//acceptance_overlay_Integrated_mass.pdf  used on 
input line 2342.
(pdftex.def)             Requested size: 216.67201pt x 155.52834pt.
</root/github/e906-development/src/NewAcceptanceCorrection/RS67/acceptance_over
lay_Integrated_mass.pdf, id=13142, 569.12625pt x 408.52625pt>
File: /root/github/e906-development/src/NewAcceptanceCorrection/RS67/acceptance
_overlay_Integrated_mass.pdf Graphic file (type pdf)
<use /root/github/e906-development/src/NewAcceptanceCorrection/RS67/acceptance_
overlay_Integrated_mass.pdf>
Package pdftex.def Info: /root/github/e906-development/src/NewAcceptanceCorrect
ion/RS67/acceptance_overlay_Integrated_mass.pdf  used on input line 2342.
(pdftex.def)             Requested size: 216.67201pt x 155.52834pt.
 [176

 </root/github/e906-development/src/NewAcceptanceCorrection/RS67/acceptance_ove
rlay_Integrated_mass.pdf, page is rotated 90 degrees>]
File: /root/github/e906-development/src/AcceptanceCorrection/acceptance_no_unfo
lding_bins//Acceptance_Mass_All_xF_pT.pdf Graphic file (type pdf)
<use /root/github/e906-development/src/AcceptanceCorrection/acceptance_no_unfol
ding_bins//Acceptance_Mass_All_xF_pT.pdf>
Package pdftex.def Info: /root/github/e906-development/src/AcceptanceCorrection
/acceptance_no_unfolding_bins//Acceptance_Mass_All_xF_pT.pdf  used on input lin
e 2355.
(pdftex.def)             Requested size: 216.67201pt x 210.17342pt.
</root/github/e906-development/src/NewAcceptanceCorrection/RS67/Acceptance_Mass
_All_xF_pT.pdf, id=13193, 569.12625pt x 552.0625pt>
File: /root/github/e906-development/src/NewAcceptanceCorrection/RS67/Acceptance
_Mass_All_xF_pT.pdf Graphic file (type pdf)
<use /root/github/e906-development/src/NewAcceptanceCorrection/RS67/Acceptance_
Mass_All_xF_pT.pdf>
Package pdftex.def Info: /root/github/e906-development/src/NewAcceptanceCorrect
ion/RS67/Acceptance_Mass_All_xF_pT.pdf  used on input line 2355.
(pdftex.def)             Requested size: 216.67201pt x 210.17342pt.
 [177

 </root/github/e906-development/src/NewAcceptanceCorrection/RS67/Acceptance_Mas
s_All_xF_pT.pdf, page is rotated 90 degrees>]
</root/github/e906-development/src/Existing_Vs_Latest_Acceptance_Comparison/Com
pare_Latest_Vs_Existing_LH2_Acceptance_Mass_All_xF_pT.pdf, id=13244, 569.12625p
t x 552.0625pt>
File: /root/github/e906-development/src/Existing_Vs_Latest_Acceptance_Compariso
n/Compare_Latest_Vs_Existing_LH2_Acceptance_Mass_All_xF_pT.pdf Graphic file (ty
pe pdf)
<use /root/github/e906-development/src/Existing_Vs_Latest_Acceptance_Comparison
/Compare_Latest_Vs_Existing_LH2_Acceptance_Mass_All_xF_pT.pdf>
Package pdftex.def Info: /root/github/e906-development/src/Existing_Vs_Latest_A
cceptance_Comparison/Compare_Latest_Vs_Existing_LH2_Acceptance_Mass_All_xF_pT.p
df  used on input line 2368.
(pdftex.def)             Requested size: 216.67201pt x 210.17342pt.
</root/github/e906-development/src/Existing_Vs_Latest_Acceptance_Comparison/Com
pare_Latest_Vs_Existing_LD2_Acceptance_Mass_All_xF_pT.pdf, id=13245, 569.12625p
t x 552.0625pt>
File: /root/github/e906-development/src/Existing_Vs_Latest_Acceptance_Compariso
n/Compare_Latest_Vs_Existing_LD2_Acceptance_Mass_All_xF_pT.pdf Graphic file (ty
pe pdf)
<use /root/github/e906-development/src/Existing_Vs_Latest_Acceptance_Comparison
/Compare_Latest_Vs_Existing_LD2_Acceptance_Mass_All_xF_pT.pdf>
Package pdftex.def Info: /root/github/e906-development/src/Existing_Vs_Latest_A
cceptance_Comparison/Compare_Latest_Vs_Existing_LD2_Acceptance_Mass_All_xF_pT.p
df  used on input line 2368.
(pdftex.def)             Requested size: 216.67201pt x 210.17342pt.
 [178

 </root/github/e906-development/src/Existing_Vs_Latest_Acceptance_Comparison/Co
mpare_Latest_Vs_Existing_LH2_Acceptance_Mass_All_xF_pT.pdf, page is rotated 90 
degrees> </root/github/e906-development/src/Existing_Vs_Latest_Acceptance_Compa
rison/Compare_Latest_Vs_Existing_LD2_Acceptance_Mass_All_xF_pT.pdf, page is rot
ated 90 degrees>]

Package hyperref Warning: Token not allowed in a PDF string (Unicode):
(hyperref)                removing `math shift' on input line 2369.


Package hyperref Warning: Token not allowed in a PDF string (Unicode):
(hyperref)                removing `subscript' on input line 2369.


Package hyperref Warning: Token not allowed in a PDF string (Unicode):
(hyperref)                removing `math shift' on input line 2369.

File: /root/github/e906-development/src/AcceptanceCorrection/acceptance_no_unfo
lding_bins//acceptance_overlay_Integrated_xF.pdf Graphic file (type pdf)
<use /root/github/e906-development/src/AcceptanceCorrection/acceptance_no_unfol
ding_bins//acceptance_overlay_Integrated_xF.pdf>
Package pdftex.def Info: /root/github/e906-development/src/AcceptanceCorrection
/acceptance_no_unfolding_bins//acceptance_overlay_Integrated_xF.pdf  used on in
put line 2382.
(pdftex.def)             Requested size: 216.67201pt x 155.52834pt.
</root/github/e906-development/src/NewAcceptanceCorrection/RS67/acceptance_over
lay_Integrated_xF.pdf, id=13340, 569.12625pt x 408.52625pt>
File: /root/github/e906-development/src/NewAcceptanceCorrection/RS67/acceptance
_overlay_Integrated_xF.pdf Graphic file (type pdf)
<use /root/github/e906-development/src/NewAcceptanceCorrection/RS67/acceptance_
overlay_Integrated_xF.pdf>
Package pdftex.def Info: /root/github/e906-development/src/NewAcceptanceCorrect
ion/RS67/acceptance_overlay_Integrated_xF.pdf  used on input line 2382.
(pdftex.def)             Requested size: 216.67201pt x 155.52834pt.
[179

 </root/github/e906-development/src/NewAcceptanceCorrection/RS67/acceptance_ove
rlay_Integrated_xF.pdf, page is rotated 90 degrees>]
File: /root/github/e906-development/src/AcceptanceCorrection/acceptance_no_unfo
lding_bins//Acceptance_xF_All_Mass_pT.pdf Graphic file (type pdf)
<use /root/github/e906-development/src/AcceptanceCorrection/acceptance_no_unfol
ding_bins//Acceptance_xF_All_Mass_pT.pdf>
Package pdftex.def Info: /root/github/e906-development/src/AcceptanceCorrection
/acceptance_no_unfolding_bins//Acceptance_xF_All_Mass_pT.pdf  used on input lin
e 2395.
(pdftex.def)             Requested size: 216.67201pt x 210.17342pt.
</root/github/e906-development/src/NewAcceptanceCorrection/RS67/Acceptance_xF_A
ll_Mass_pT.pdf, id=13391, 569.12625pt x 552.0625pt>
File: /root/github/e906-development/src/NewAcceptanceCorrection/RS67/Acceptance
_xF_All_Mass_pT.pdf Graphic file (type pdf)
<use /root/github/e906-development/src/NewAcceptanceCorrection/RS67/Acceptance_
xF_All_Mass_pT.pdf>
Package pdftex.def Info: /root/github/e906-development/src/NewAcceptanceCorrect
ion/RS67/Acceptance_xF_All_Mass_pT.pdf  used on input line 2395.
(pdftex.def)             Requested size: 216.67201pt x 210.17342pt.
 [180

 </root/github/e906-development/src/NewAcceptanceCorrection/RS67/Acceptance_xF_
All_Mass_pT.pdf, page is rotated 90 degrees>]
</root/github/e906-development/src/Existing_Vs_Latest_Acceptance_Comparison/Com
pare_Latest_Vs_Existing_LH2_Acceptance_xF_All_Mass_pT.pdf, id=13442, 569.12625p
t x 552.0625pt>
File: /root/github/e906-development/src/Existing_Vs_Latest_Acceptance_Compariso
n/Compare_Latest_Vs_Existing_LH2_Acceptance_xF_All_Mass_pT.pdf Graphic file (ty
pe pdf)
<use /root/github/e906-development/src/Existing_Vs_Latest_Acceptance_Comparison
/Compare_Latest_Vs_Existing_LH2_Acceptance_xF_All_Mass_pT.pdf>
Package pdftex.def Info: /root/github/e906-development/src/Existing_Vs_Latest_A
cceptance_Comparison/Compare_Latest_Vs_Existing_LH2_Acceptance_xF_All_Mass_pT.p
df  used on input line 2408.
(pdftex.def)             Requested size: 216.67201pt x 210.17342pt.
</root/github/e906-development/src/Existing_Vs_Latest_Acceptance_Comparison/Com
pare_Latest_Vs_Existing_LD2_Acceptance_xF_All_Mass_pT.pdf, id=13443, 569.12625p
t x 552.0625pt>
File: /root/github/e906-development/src/Existing_Vs_Latest_Acceptance_Compariso
n/Compare_Latest_Vs_Existing_LD2_Acceptance_xF_All_Mass_pT.pdf Graphic file (ty
pe pdf)
<use /root/github/e906-development/src/Existing_Vs_Latest_Acceptance_Comparison
/Compare_Latest_Vs_Existing_LD2_Acceptance_xF_All_Mass_pT.pdf>
Package pdftex.def Info: /root/github/e906-development/src/Existing_Vs_Latest_A
cceptance_Comparison/Compare_Latest_Vs_Existing_LD2_Acceptance_xF_All_Mass_pT.p
df  used on input line 2408.
(pdftex.def)             Requested size: 216.67201pt x 210.17342pt.
 [181

 </root/github/e906-development/src/Existing_Vs_Latest_Acceptance_Comparison/Co
mpare_Latest_Vs_Existing_LH2_Acceptance_xF_All_Mass_pT.pdf, page is rotated 90 
degrees> </root/github/e906-development/src/Existing_Vs_Latest_Acceptance_Compa
rison/Compare_Latest_Vs_Existing_LD2_Acceptance_xF_All_Mass_pT.pdf, page is rot
ated 90 degrees>]

Package hyperref Warning: Token not allowed in a PDF string (Unicode):
(hyperref)                removing `math shift' on input line 2409.


Package hyperref Warning: Token not allowed in a PDF string (Unicode):
(hyperref)                removing `subscript' on input line 2409.


Package hyperref Warning: Token not allowed in a PDF string (Unicode):
(hyperref)                removing `math shift' on input line 2409.

File: /root/github/e906-development/src/AcceptanceCorrection/acceptance_no_unfo
lding_bins//acceptance_overlay_Integrated_pT.pdf Graphic file (type pdf)
<use /root/github/e906-development/src/AcceptanceCorrection/acceptance_no_unfol
ding_bins//acceptance_overlay_Integrated_pT.pdf>
Package pdftex.def Info: /root/github/e906-development/src/AcceptanceCorrection
/acceptance_no_unfolding_bins//acceptance_overlay_Integrated_pT.pdf  used on in
put line 2422.
(pdftex.def)             Requested size: 216.67201pt x 155.52834pt.
</root/github/e906-development/src/NewAcceptanceCorrection/RS67/acceptance_over
lay_Integrated_pT.pdf, id=13539, 569.12625pt x 408.52625pt>
File: /root/github/e906-development/src/NewAcceptanceCorrection/RS67/acceptance
_overlay_Integrated_pT.pdf Graphic file (type pdf)
<use /root/github/e906-development/src/NewAcceptanceCorrection/RS67/acceptance_
overlay_Integrated_pT.pdf>
Package pdftex.def Info: /root/github/e906-development/src/NewAcceptanceCorrect
ion/RS67/acceptance_overlay_Integrated_pT.pdf  used on input line 2422.
(pdftex.def)             Requested size: 216.67201pt x 155.52834pt.
[182

 </root/github/e906-development/src/NewAcceptanceCorrection/RS67/acceptance_ove
rlay_Integrated_pT.pdf, page is rotated 90 degrees>]
File: /root/github/e906-development/src/AcceptanceCorrection/acceptance_no_unfo
lding_bins//Acceptance_pT_All_Mass_xF.pdf Graphic file (type pdf)
<use /root/github/e906-development/src/AcceptanceCorrection/acceptance_no_unfol
ding_bins//Acceptance_pT_All_Mass_xF.pdf>
Package pdftex.def Info: /root/github/e906-development/src/AcceptanceCorrection
/acceptance_no_unfolding_bins//Acceptance_pT_All_Mass_xF.pdf  used on input lin
e 2435.
(pdftex.def)             Requested size: 216.67201pt x 210.17342pt.
</root/github/e906-development/src/NewAcceptanceCorrection/RS67/Acceptance_pT_A
ll_Mass_xF.pdf, id=13590, 569.12625pt x 552.0625pt>
File: /root/github/e906-development/src/NewAcceptanceCorrection/RS67/Acceptance
_pT_All_Mass_xF.pdf Graphic file (type pdf)
<use /root/github/e906-development/src/NewAcceptanceCorrection/RS67/Acceptance_
pT_All_Mass_xF.pdf>
Package pdftex.def Info: /root/github/e906-development/src/NewAcceptanceCorrect
ion/RS67/Acceptance_pT_All_Mass_xF.pdf  used on input line 2435.
(pdftex.def)             Requested size: 216.67201pt x 210.17342pt.
 [183

 </root/github/e906-development/src/NewAcceptanceCorrection/RS67/Acceptance_pT_
All_Mass_xF.pdf, page is rotated 90 degrees>]
</root/github/e906-development/src/Existing_Vs_Latest_Acceptance_Comparison/Com
pare_Latest_Vs_Existing_LH2_Acceptance_pT_All_Mass_xF.pdf, id=13641, 569.12625p
t x 552.0625pt>
File: /root/github/e906-development/src/Existing_Vs_Latest_Acceptance_Compariso
n/Compare_Latest_Vs_Existing_LH2_Acceptance_pT_All_Mass_xF.pdf Graphic file (ty
pe pdf)
<use /root/github/e906-development/src/Existing_Vs_Latest_Acceptance_Comparison
/Compare_Latest_Vs_Existing_LH2_Acceptance_pT_All_Mass_xF.pdf>
Package pdftex.def Info: /root/github/e906-development/src/Existing_Vs_Latest_A
cceptance_Comparison/Compare_Latest_Vs_Existing_LH2_Acceptance_pT_All_Mass_xF.p
df  used on input line 2448.
(pdftex.def)             Requested size: 216.67201pt x 210.17342pt.
</root/github/e906-development/src/Existing_Vs_Latest_Acceptance_Comparison/Com
pare_Latest_Vs_Existing_LD2_Acceptance_pT_All_Mass_xF.pdf, id=13642, 569.12625p
t x 552.0625pt>
File: /root/github/e906-development/src/Existing_Vs_Latest_Acceptance_Compariso
n/Compare_Latest_Vs_Existing_LD2_Acceptance_pT_All_Mass_xF.pdf Graphic file (ty
pe pdf)
<use /root/github/e906-development/src/Existing_Vs_Latest_Acceptance_Comparison
/Compare_Latest_Vs_Existing_LD2_Acceptance_pT_All_Mass_xF.pdf>
Package pdftex.def Info: /root/github/e906-development/src/Existing_Vs_Latest_A
cceptance_Comparison/Compare_Latest_Vs_Existing_LD2_Acceptance_pT_All_Mass_xF.p
df  used on input line 2448.
(pdftex.def)             Requested size: 216.67201pt x 210.17342pt.
 [184

 </root/github/e906-development/src/Existing_Vs_Latest_Acceptance_Comparison/Co
mpare_Latest_Vs_Existing_LH2_Acceptance_pT_All_Mass_xF.pdf, page is rotated 90 
degrees> </root/github/e906-development/src/Existing_Vs_Latest_Acceptance_Compa
rison/Compare_Latest_Vs_Existing_LD2_Acceptance_pT_All_Mass_xF.pdf, page is rot
ated 90 degrees>]

Package hyperref Warning: Token not allowed in a PDF string (Unicode):
(hyperref)                removing `math shift' on input line 2449.


Package hyperref Warning: Token not allowed in a PDF string (Unicode):
(hyperref)                removing `subscript' on input line 2449.


Package hyperref Warning: Token not allowed in a PDF string (Unicode):
(hyperref)                removing `math shift' on input line 2449.

File: /root/github/e906-development/src/AcceptanceCorrection/acceptance_no_unfo
lding_bins//acceptance_overlay_mass_sliced_by_xF_bin0.pdf Graphic file (type pd
f)
<use /root/github/e906-development/src/AcceptanceCorrection/acceptance_no_unfol
ding_bins//acceptance_overlay_mass_sliced_by_xF_bin0.pdf>
Package pdftex.def Info: /root/github/e906-development/src/AcceptanceCorrection
/acceptance_no_unfolding_bins//acceptance_overlay_mass_sliced_by_xF_bin0.pdf  u
sed on input line 2462.
(pdftex.def)             Requested size: 216.67201pt x 155.52834pt.
</root/github/e906-development/src/NewAcceptanceCorrection/RS67/acceptance_over
lay_mass_sliced_by_xF_bin0.pdf, id=13736, 569.12625pt x 408.52625pt>
File: /root/github/e906-development/src/NewAcceptanceCorrection/RS67/acceptance
_overlay_mass_sliced_by_xF_bin0.pdf Graphic file (type pdf)
<use /root/github/e906-development/src/NewAcceptanceCorrection/RS67/acceptance_
overlay_mass_sliced_by_xF_bin0.pdf>
Package pdftex.def Info: /root/github/e906-development/src/NewAcceptanceCorrect
ion/RS67/acceptance_overlay_mass_sliced_by_xF_bin0.pdf  used on input line 2462
.
(pdftex.def)             Requested size: 216.67201pt x 155.52834pt.
[185

 </root/github/e906-development/src/NewAcceptanceCorrection/RS67/acceptance_ove
rlay_mass_sliced_by_xF_bin0.pdf, page is rotated 90 degrees>]
File: /root/github/e906-development/src/AcceptanceCorrection/acceptance_no_unfo
lding_bins//Acceptance_Mass_All_pT_xF_bin0.pdf Graphic file (type pdf)
<use /root/github/e906-development/src/AcceptanceCorrection/acceptance_no_unfol
ding_bins//Acceptance_Mass_All_pT_xF_bin0.pdf>
Package pdftex.def Info: /root/github/e906-development/src/AcceptanceCorrection
/acceptance_no_unfolding_bins//Acceptance_Mass_All_pT_xF_bin0.pdf  used on inpu
t line 2475.
(pdftex.def)             Requested size: 216.67201pt x 210.17342pt.
</root/github/e906-development/src/NewAcceptanceCorrection/RS67/Acceptance_Mass
_All_pT_xF_bin0.pdf, id=13788, 569.12625pt x 552.0625pt>
File: /root/github/e906-development/src/NewAcceptanceCorrection/RS67/Acceptance
_Mass_All_pT_xF_bin0.pdf Graphic file (type pdf)
<use /root/github/e906-development/src/NewAcceptanceCorrection/RS67/Acceptance_
Mass_All_pT_xF_bin0.pdf>
Package pdftex.def Info: /root/github/e906-development/src/NewAcceptanceCorrect
ion/RS67/Acceptance_Mass_All_pT_xF_bin0.pdf  used on input line 2475.
(pdftex.def)             Requested size: 216.67201pt x 210.17342pt.
 [186

 </root/github/e906-development/src/NewAcceptanceCorrection/RS67/Acceptance_Mas
s_All_pT_xF_bin0.pdf, page is rotated 90 degrees>]
</root/github/e906-development/src/Existing_Vs_Latest_Acceptance_Comparison/Com
pare_Latest_Vs_Existing_LH2_Acceptance_Mass_All_pT_xF_bin0.pdf, id=13839, 569.1
2625pt x 552.0625pt>
File: /root/github/e906-development/src/Existing_Vs_Latest_Acceptance_Compariso
n/Compare_Latest_Vs_Existing_LH2_Acceptance_Mass_All_pT_xF_bin0.pdf Graphic fil
e (type pdf)
<use /root/github/e906-development/src/Existing_Vs_Latest_Acceptance_Comparison
/Compare_Latest_Vs_Existing_LH2_Acceptance_Mass_All_pT_xF_bin0.pdf>
Package pdftex.def Info: /root/github/e906-development/src/Existing_Vs_Latest_A
cceptance_Comparison/Compare_Latest_Vs_Existing_LH2_Acceptance_Mass_All_pT_xF_b
in0.pdf  used on input line 2488.
(pdftex.def)             Requested size: 216.67201pt x 210.17342pt.
</root/github/e906-development/src/Existing_Vs_Latest_Acceptance_Comparison/Com
pare_Latest_Vs_Existing_LD2_Acceptance_Mass_All_pT_xF_bin0.pdf, id=13840, 569.1
2625pt x 552.0625pt>
File: /root/github/e906-development/src/Existing_Vs_Latest_Acceptance_Compariso
n/Compare_Latest_Vs_Existing_LD2_Acceptance_Mass_All_pT_xF_bin0.pdf Graphic fil
e (type pdf)
<use /root/github/e906-development/src/Existing_Vs_Latest_Acceptance_Comparison
/Compare_Latest_Vs_Existing_LD2_Acceptance_Mass_All_pT_xF_bin0.pdf>
Package pdftex.def Info: /root/github/e906-development/src/Existing_Vs_Latest_A
cceptance_Comparison/Compare_Latest_Vs_Existing_LD2_Acceptance_Mass_All_pT_xF_b
in0.pdf  used on input line 2488.
(pdftex.def)             Requested size: 216.67201pt x 210.17342pt.
 [187

 </root/github/e906-development/src/Existing_Vs_Latest_Acceptance_Comparison/Co
mpare_Latest_Vs_Existing_LH2_Acceptance_Mass_All_pT_xF_bin0.pdf, page is rotate
d 90 degrees> </root/github/e906-development/src/Existing_Vs_Latest_Acceptance_
Comparison/Compare_Latest_Vs_Existing_LD2_Acceptance_Mass_All_pT_xF_bin0.pdf, p
age is rotated 90 degrees>]
File: /root/github/e906-development/src/AcceptanceCorrection/acceptance_no_unfo
lding_bins//acceptance_overlay_mass_sliced_by_xF_bin1.pdf Graphic file (type pd
f)
<use /root/github/e906-development/src/AcceptanceCorrection/acceptance_no_unfol
ding_bins//acceptance_overlay_mass_sliced_by_xF_bin1.pdf>
Package pdftex.def Info: /root/github/e906-development/src/AcceptanceCorrection
/acceptance_no_unfolding_bins//acceptance_overlay_mass_sliced_by_xF_bin1.pdf  u
sed on input line 2501.
(pdftex.def)             Requested size: 216.67201pt x 155.52834pt.
</root/github/e906-development/src/NewAcceptanceCorrection/RS67/acceptance_over
lay_mass_sliced_by_xF_bin1.pdf, id=13935, 569.12625pt x 408.52625pt>
File: /root/github/e906-development/src/NewAcceptanceCorrection/RS67/acceptance
_overlay_mass_sliced_by_xF_bin1.pdf Graphic file (type pdf)
<use /root/github/e906-development/src/NewAcceptanceCorrection/RS67/acceptance_
overlay_mass_sliced_by_xF_bin1.pdf>
Package pdftex.def Info: /root/github/e906-development/src/NewAcceptanceCorrect
ion/RS67/acceptance_overlay_mass_sliced_by_xF_bin1.pdf  used on input line 2501
.
(pdftex.def)             Requested size: 216.67201pt x 155.52834pt.

[188

 </root/github/e906-development/src/NewAcceptanceCorrection/RS67/acceptance_ove
rlay_mass_sliced_by_xF_bin1.pdf, page is rotated 90 degrees>]
File: /root/github/e906-development/src/AcceptanceCorrection/acceptance_no_unfo
lding_bins//Acceptance_Mass_All_pT_xF_bin1.pdf Graphic file (type pdf)
<use /root/github/e906-development/src/AcceptanceCorrection/acceptance_no_unfol
ding_bins//Acceptance_Mass_All_pT_xF_bin1.pdf>
Package pdftex.def Info: /root/github/e906-development/src/AcceptanceCorrection
/acceptance_no_unfolding_bins//Acceptance_Mass_All_pT_xF_bin1.pdf  used on inpu
t line 2514.
(pdftex.def)             Requested size: 216.67201pt x 210.17342pt.
</root/github/e906-development/src/NewAcceptanceCorrection/RS67/Acceptance_Mass
_All_pT_xF_bin1.pdf, id=13987, 569.12625pt x 552.0625pt>
File: /root/github/e906-development/src/NewAcceptanceCorrection/RS67/Acceptance
_Mass_All_pT_xF_bin1.pdf Graphic file (type pdf)
<use /root/github/e906-development/src/NewAcceptanceCorrection/RS67/Acceptance_
Mass_All_pT_xF_bin1.pdf>
Package pdftex.def Info: /root/github/e906-development/src/NewAcceptanceCorrect
ion/RS67/Acceptance_Mass_All_pT_xF_bin1.pdf  used on input line 2514.
(pdftex.def)             Requested size: 216.67201pt x 210.17342pt.
 [189

 </root/github/e906-development/src/NewAcceptanceCorrection/RS67/Acceptance_Mas
s_All_pT_xF_bin1.pdf, page is rotated 90 degrees>]
</root/github/e906-development/src/Existing_Vs_Latest_Acceptance_Comparison/Com
pare_Latest_Vs_Existing_LH2_Acceptance_Mass_All_pT_xF_bin1.pdf, id=14038, 569.1
2625pt x 552.0625pt>
File: /root/github/e906-development/src/Existing_Vs_Latest_Acceptance_Compariso
n/Compare_Latest_Vs_Existing_LH2_Acceptance_Mass_All_pT_xF_bin1.pdf Graphic fil
e (type pdf)
<use /root/github/e906-development/src/Existing_Vs_Latest_Acceptance_Comparison
/Compare_Latest_Vs_Existing_LH2_Acceptance_Mass_All_pT_xF_bin1.pdf>
Package pdftex.def Info: /root/github/e906-development/src/Existing_Vs_Latest_A
cceptance_Comparison/Compare_Latest_Vs_Existing_LH2_Acceptance_Mass_All_pT_xF_b
in1.pdf  used on input line 2527.
(pdftex.def)             Requested size: 216.67201pt x 210.17342pt.
</root/github/e906-development/src/Existing_Vs_Latest_Acceptance_Comparison/Com
pare_Latest_Vs_Existing_LD2_Acceptance_Mass_All_pT_xF_bin1.pdf, id=14039, 569.1
2625pt x 552.0625pt>
File: /root/github/e906-development/src/Existing_Vs_Latest_Acceptance_Compariso
n/Compare_Latest_Vs_Existing_LD2_Acceptance_Mass_All_pT_xF_bin1.pdf Graphic fil
e (type pdf)
<use /root/github/e906-development/src/Existing_Vs_Latest_Acceptance_Comparison
/Compare_Latest_Vs_Existing_LD2_Acceptance_Mass_All_pT_xF_bin1.pdf>
Package pdftex.def Info: /root/github/e906-development/src/Existing_Vs_Latest_A
cceptance_Comparison/Compare_Latest_Vs_Existing_LD2_Acceptance_Mass_All_pT_xF_b
in1.pdf  used on input line 2527.
(pdftex.def)             Requested size: 216.67201pt x 210.17342pt.
 [190

 </root/github/e906-development/src/Existing_Vs_Latest_Acceptance_Comparison/Co
mpare_Latest_Vs_Existing_LH2_Acceptance_Mass_All_pT_xF_bin1.pdf, page is rotate
d 90 degrees> </root/github/e906-development/src/Existing_Vs_Latest_Acceptance_
Comparison/Compare_Latest_Vs_Existing_LD2_Acceptance_Mass_All_pT_xF_bin1.pdf, p
age is rotated 90 degrees>]
File: /root/github/e906-development/src/AcceptanceCorrection/acceptance_no_unfo
lding_bins//acceptance_overlay_mass_sliced_by_xF_bin2.pdf Graphic file (type pd
f)
<use /root/github/e906-development/src/AcceptanceCorrection/acceptance_no_unfol
ding_bins//acceptance_overlay_mass_sliced_by_xF_bin2.pdf>
Package pdftex.def Info: /root/github/e906-development/src/AcceptanceCorrection
/acceptance_no_unfolding_bins//acceptance_overlay_mass_sliced_by_xF_bin2.pdf  u
sed on input line 2540.
(pdftex.def)             Requested size: 216.67201pt x 155.52834pt.
</root/github/e906-development/src/NewAcceptanceCorrection/RS67/acceptance_over
lay_mass_sliced_by_xF_bin2.pdf, id=14133, 569.12625pt x 408.52625pt>
File: /root/github/e906-development/src/NewAcceptanceCorrection/RS67/acceptance
_overlay_mass_sliced_by_xF_bin2.pdf Graphic file (type pdf)
<use /root/github/e906-development/src/NewAcceptanceCorrection/RS67/acceptance_
overlay_mass_sliced_by_xF_bin2.pdf>
Package pdftex.def Info: /root/github/e906-development/src/NewAcceptanceCorrect
ion/RS67/acceptance_overlay_mass_sliced_by_xF_bin2.pdf  used on input line 2540
.
(pdftex.def)             Requested size: 216.67201pt x 155.52834pt.

[191

 </root/github/e906-development/src/NewAcceptanceCorrection/RS67/acceptance_ove
rlay_mass_sliced_by_xF_bin2.pdf, page is rotated 90 degrees>]
File: /root/github/e906-development/src/AcceptanceCorrection/acceptance_no_unfo
lding_bins//Acceptance_Mass_All_pT_xF_bin2.pdf Graphic file (type pdf)
<use /root/github/e906-development/src/AcceptanceCorrection/acceptance_no_unfol
ding_bins//Acceptance_Mass_All_pT_xF_bin2.pdf>
Package pdftex.def Info: /root/github/e906-development/src/AcceptanceCorrection
/acceptance_no_unfolding_bins//Acceptance_Mass_All_pT_xF_bin2.pdf  used on inpu
t line 2553.
(pdftex.def)             Requested size: 216.67201pt x 210.17342pt.
</root/github/e906-development/src/NewAcceptanceCorrection/RS67/Acceptance_Mass
_All_pT_xF_bin2.pdf, id=14184, 569.12625pt x 552.0625pt>
File: /root/github/e906-development/src/NewAcceptanceCorrection/RS67/Acceptance
_Mass_All_pT_xF_bin2.pdf Graphic file (type pdf)
<use /root/github/e906-development/src/NewAcceptanceCorrection/RS67/Acceptance_
Mass_All_pT_xF_bin2.pdf>
Package pdftex.def Info: /root/github/e906-development/src/NewAcceptanceCorrect
ion/RS67/Acceptance_Mass_All_pT_xF_bin2.pdf  used on input line 2553.
(pdftex.def)             Requested size: 216.67201pt x 210.17342pt.
 [192

 </root/github/e906-development/src/NewAcceptanceCorrection/RS67/Acceptance_Mas
s_All_pT_xF_bin2.pdf, page is rotated 90 degrees>]
</root/github/e906-development/src/Existing_Vs_Latest_Acceptance_Comparison/Com
pare_Latest_Vs_Existing_LH2_Acceptance_Mass_All_pT_xF_bin2.pdf, id=14236, 569.1
2625pt x 552.0625pt>
File: /root/github/e906-development/src/Existing_Vs_Latest_Acceptance_Compariso
n/Compare_Latest_Vs_Existing_LH2_Acceptance_Mass_All_pT_xF_bin2.pdf Graphic fil
e (type pdf)
<use /root/github/e906-development/src/Existing_Vs_Latest_Acceptance_Comparison
/Compare_Latest_Vs_Existing_LH2_Acceptance_Mass_All_pT_xF_bin2.pdf>
Package pdftex.def Info: /root/github/e906-development/src/Existing_Vs_Latest_A
cceptance_Comparison/Compare_Latest_Vs_Existing_LH2_Acceptance_Mass_All_pT_xF_b
in2.pdf  used on input line 2566.
(pdftex.def)             Requested size: 216.67201pt x 210.17342pt.
</root/github/e906-development/src/Existing_Vs_Latest_Acceptance_Comparison/Com
pare_Latest_Vs_Existing_LD2_Acceptance_Mass_All_pT_xF_bin2.pdf, id=14237, 569.1
2625pt x 552.0625pt>
File: /root/github/e906-development/src/Existing_Vs_Latest_Acceptance_Compariso
n/Compare_Latest_Vs_Existing_LD2_Acceptance_Mass_All_pT_xF_bin2.pdf Graphic fil
e (type pdf)
<use /root/github/e906-development/src/Existing_Vs_Latest_Acceptance_Comparison
/Compare_Latest_Vs_Existing_LD2_Acceptance_Mass_All_pT_xF_bin2.pdf>
Package pdftex.def Info: /root/github/e906-development/src/Existing_Vs_Latest_A
cceptance_Comparison/Compare_Latest_Vs_Existing_LD2_Acceptance_Mass_All_pT_xF_b
in2.pdf  used on input line 2566.
(pdftex.def)             Requested size: 216.67201pt x 210.17342pt.
 [193

 </root/github/e906-development/src/Existing_Vs_Latest_Acceptance_Comparison/Co
mpare_Latest_Vs_Existing_LH2_Acceptance_Mass_All_pT_xF_bin2.pdf, page is rotate
d 90 degrees> </root/github/e906-development/src/Existing_Vs_Latest_Acceptance_
Comparison/Compare_Latest_Vs_Existing_LD2_Acceptance_Mass_All_pT_xF_bin2.pdf, p
age is rotated 90 degrees>]
File: /root/github/e906-development/src/AcceptanceCorrection/acceptance_no_unfo
lding_bins//acceptance_overlay_mass_sliced_by_xF_bin3.pdf Graphic file (type pd
f)
<use /root/github/e906-development/src/AcceptanceCorrection/acceptance_no_unfol
ding_bins//acceptance_overlay_mass_sliced_by_xF_bin3.pdf>
Package pdftex.def Info: /root/github/e906-development/src/AcceptanceCorrection
/acceptance_no_unfolding_bins//acceptance_overlay_mass_sliced_by_xF_bin3.pdf  u
sed on input line 2579.
(pdftex.def)             Requested size: 216.67201pt x 155.52834pt.
</root/github/e906-development/src/NewAcceptanceCorrection/RS67/acceptance_over
lay_mass_sliced_by_xF_bin3.pdf, id=14332, 569.12625pt x 408.52625pt>
File: /root/github/e906-development/src/NewAcceptanceCorrection/RS67/acceptance
_overlay_mass_sliced_by_xF_bin3.pdf Graphic file (type pdf)
<use /root/github/e906-development/src/NewAcceptanceCorrection/RS67/acceptance_
overlay_mass_sliced_by_xF_bin3.pdf>
Package pdftex.def Info: /root/github/e906-development/src/NewAcceptanceCorrect
ion/RS67/acceptance_overlay_mass_sliced_by_xF_bin3.pdf  used on input line 2579
.
(pdftex.def)             Requested size: 216.67201pt x 155.52834pt.

[194

 </root/github/e906-development/src/NewAcceptanceCorrection/RS67/acceptance_ove
rlay_mass_sliced_by_xF_bin3.pdf, page is rotated 90 degrees>]
File: /root/github/e906-development/src/AcceptanceCorrection/acceptance_no_unfo
lding_bins//Acceptance_Mass_All_pT_xF_bin3.pdf Graphic file (type pdf)
<use /root/github/e906-development/src/AcceptanceCorrection/acceptance_no_unfol
ding_bins//Acceptance_Mass_All_pT_xF_bin3.pdf>
Package pdftex.def Info: /root/github/e906-development/src/AcceptanceCorrection
/acceptance_no_unfolding_bins//Acceptance_Mass_All_pT_xF_bin3.pdf  used on inpu
t line 2592.
(pdftex.def)             Requested size: 216.67201pt x 210.17342pt.
</root/github/e906-development/src/NewAcceptanceCorrection/RS67/Acceptance_Mass
_All_pT_xF_bin3.pdf, id=14383, 569.12625pt x 552.0625pt>
File: /root/github/e906-development/src/NewAcceptanceCorrection/RS67/Acceptance
_Mass_All_pT_xF_bin3.pdf Graphic file (type pdf)
<use /root/github/e906-development/src/NewAcceptanceCorrection/RS67/Acceptance_
Mass_All_pT_xF_bin3.pdf>
Package pdftex.def Info: /root/github/e906-development/src/NewAcceptanceCorrect
ion/RS67/Acceptance_Mass_All_pT_xF_bin3.pdf  used on input line 2592.
(pdftex.def)             Requested size: 216.67201pt x 210.17342pt.
 [195

 </root/github/e906-development/src/NewAcceptanceCorrection/RS67/Acceptance_Mas
s_All_pT_xF_bin3.pdf, page is rotated 90 degrees>]
</root/github/e906-development/src/Existing_Vs_Latest_Acceptance_Comparison/Com
pare_Latest_Vs_Existing_LH2_Acceptance_Mass_All_pT_xF_bin3.pdf, id=14434, 569.1
2625pt x 552.0625pt>
File: /root/github/e906-development/src/Existing_Vs_Latest_Acceptance_Compariso
n/Compare_Latest_Vs_Existing_LH2_Acceptance_Mass_All_pT_xF_bin3.pdf Graphic fil
e (type pdf)
<use /root/github/e906-development/src/Existing_Vs_Latest_Acceptance_Comparison
/Compare_Latest_Vs_Existing_LH2_Acceptance_Mass_All_pT_xF_bin3.pdf>
Package pdftex.def Info: /root/github/e906-development/src/Existing_Vs_Latest_A
cceptance_Comparison/Compare_Latest_Vs_Existing_LH2_Acceptance_Mass_All_pT_xF_b
in3.pdf  used on input line 2605.
(pdftex.def)             Requested size: 216.67201pt x 210.17342pt.
</root/github/e906-development/src/Existing_Vs_Latest_Acceptance_Comparison/Com
pare_Latest_Vs_Existing_LD2_Acceptance_Mass_All_pT_xF_bin3.pdf, id=14435, 569.1
2625pt x 552.0625pt>
File: /root/github/e906-development/src/Existing_Vs_Latest_Acceptance_Compariso
n/Compare_Latest_Vs_Existing_LD2_Acceptance_Mass_All_pT_xF_bin3.pdf Graphic fil
e (type pdf)
<use /root/github/e906-development/src/Existing_Vs_Latest_Acceptance_Comparison
/Compare_Latest_Vs_Existing_LD2_Acceptance_Mass_All_pT_xF_bin3.pdf>
Package pdftex.def Info: /root/github/e906-development/src/Existing_Vs_Latest_A
cceptance_Comparison/Compare_Latest_Vs_Existing_LD2_Acceptance_Mass_All_pT_xF_b
in3.pdf  used on input line 2605.
(pdftex.def)             Requested size: 216.67201pt x 210.17342pt.
 [196

 </root/github/e906-development/src/Existing_Vs_Latest_Acceptance_Comparison/Co
mpare_Latest_Vs_Existing_LH2_Acceptance_Mass_All_pT_xF_bin3.pdf, page is rotate
d 90 degrees> </root/github/e906-development/src/Existing_Vs_Latest_Acceptance_
Comparison/Compare_Latest_Vs_Existing_LD2_Acceptance_Mass_All_pT_xF_bin3.pdf, p
age is rotated 90 degrees>]
File: /root/github/e906-development/src/AcceptanceCorrection/acceptance_no_unfo
lding_bins//acceptance_overlay_mass_sliced_by_xF_bin4.pdf Graphic file (type pd
f)
<use /root/github/e906-development/src/AcceptanceCorrection/acceptance_no_unfol
ding_bins//acceptance_overlay_mass_sliced_by_xF_bin4.pdf>
Package pdftex.def Info: /root/github/e906-development/src/AcceptanceCorrection
/acceptance_no_unfolding_bins//acceptance_overlay_mass_sliced_by_xF_bin4.pdf  u
sed on input line 2618.
(pdftex.def)             Requested size: 216.67201pt x 155.52834pt.
</root/github/e906-development/src/NewAcceptanceCorrection/RS67/acceptance_over
lay_mass_sliced_by_xF_bin4.pdf, id=14530, 569.12625pt x 408.52625pt>
File: /root/github/e906-development/src/NewAcceptanceCorrection/RS67/acceptance
_overlay_mass_sliced_by_xF_bin4.pdf Graphic file (type pdf)
<use /root/github/e906-development/src/NewAcceptanceCorrection/RS67/acceptance_
overlay_mass_sliced_by_xF_bin4.pdf>
Package pdftex.def Info: /root/github/e906-development/src/NewAcceptanceCorrect
ion/RS67/acceptance_overlay_mass_sliced_by_xF_bin4.pdf  used on input line 2618
.
(pdftex.def)             Requested size: 216.67201pt x 155.52834pt.

[197

 </root/github/e906-development/src/NewAcceptanceCorrection/RS67/acceptance_ove
rlay_mass_sliced_by_xF_bin4.pdf, page is rotated 90 degrees>]
File: /root/github/e906-development/src/AcceptanceCorrection/acceptance_no_unfo
lding_bins//Acceptance_Mass_All_pT_xF_bin4.pdf Graphic file (type pdf)
<use /root/github/e906-development/src/AcceptanceCorrection/acceptance_no_unfol
ding_bins//Acceptance_Mass_All_pT_xF_bin4.pdf>
Package pdftex.def Info: /root/github/e906-development/src/AcceptanceCorrection
/acceptance_no_unfolding_bins//Acceptance_Mass_All_pT_xF_bin4.pdf  used on inpu
t line 2631.
(pdftex.def)             Requested size: 216.67201pt x 210.17342pt.
</root/github/e906-development/src/NewAcceptanceCorrection/RS67/Acceptance_Mass
_All_pT_xF_bin4.pdf, id=14581, 569.12625pt x 552.0625pt>
File: /root/github/e906-development/src/NewAcceptanceCorrection/RS67/Acceptance
_Mass_All_pT_xF_bin4.pdf Graphic file (type pdf)
<use /root/github/e906-development/src/NewAcceptanceCorrection/RS67/Acceptance_
Mass_All_pT_xF_bin4.pdf>
Package pdftex.def Info: /root/github/e906-development/src/NewAcceptanceCorrect
ion/RS67/Acceptance_Mass_All_pT_xF_bin4.pdf  used on input line 2631.
(pdftex.def)             Requested size: 216.67201pt x 210.17342pt.
 [198

 </root/github/e906-development/src/NewAcceptanceCorrection/RS67/Acceptance_Mas
s_All_pT_xF_bin4.pdf, page is rotated 90 degrees>]
</root/github/e906-development/src/Existing_Vs_Latest_Acceptance_Comparison/Com
pare_Latest_Vs_Existing_LH2_Acceptance_Mass_All_pT_xF_bin4.pdf, id=14632, 569.1
2625pt x 552.0625pt>
File: /root/github/e906-development/src/Existing_Vs_Latest_Acceptance_Compariso
n/Compare_Latest_Vs_Existing_LH2_Acceptance_Mass_All_pT_xF_bin4.pdf Graphic fil
e (type pdf)
<use /root/github/e906-development/src/Existing_Vs_Latest_Acceptance_Comparison
/Compare_Latest_Vs_Existing_LH2_Acceptance_Mass_All_pT_xF_bin4.pdf>
Package pdftex.def Info: /root/github/e906-development/src/Existing_Vs_Latest_A
cceptance_Comparison/Compare_Latest_Vs_Existing_LH2_Acceptance_Mass_All_pT_xF_b
in4.pdf  used on input line 2644.
(pdftex.def)             Requested size: 216.67201pt x 210.17342pt.
</root/github/e906-development/src/Existing_Vs_Latest_Acceptance_Comparison/Com
pare_Latest_Vs_Existing_LD2_Acceptance_Mass_All_pT_xF_bin4.pdf, id=14633, 569.1
2625pt x 552.0625pt>
File: /root/github/e906-development/src/Existing_Vs_Latest_Acceptance_Compariso
n/Compare_Latest_Vs_Existing_LD2_Acceptance_Mass_All_pT_xF_bin4.pdf Graphic fil
e (type pdf)
<use /root/github/e906-development/src/Existing_Vs_Latest_Acceptance_Comparison
/Compare_Latest_Vs_Existing_LD2_Acceptance_Mass_All_pT_xF_bin4.pdf>
Package pdftex.def Info: /root/github/e906-development/src/Existing_Vs_Latest_A
cceptance_Comparison/Compare_Latest_Vs_Existing_LD2_Acceptance_Mass_All_pT_xF_b
in4.pdf  used on input line 2644.
(pdftex.def)             Requested size: 216.67201pt x 210.17342pt.
 [199

 </root/github/e906-development/src/Existing_Vs_Latest_Acceptance_Comparison/Co
mpare_Latest_Vs_Existing_LH2_Acceptance_Mass_All_pT_xF_bin4.pdf, page is rotate
d 90 degrees> </root/github/e906-development/src/Existing_Vs_Latest_Acceptance_
Comparison/Compare_Latest_Vs_Existing_LD2_Acceptance_Mass_All_pT_xF_bin4.pdf, p
age is rotated 90 degrees>]
File: /root/github/e906-development/src/AcceptanceCorrection/acceptance_no_unfo
lding_bins//acceptance_overlay_mass_sliced_by_xF_bin5.pdf Graphic file (type pd
f)
<use /root/github/e906-development/src/AcceptanceCorrection/acceptance_no_unfol
ding_bins//acceptance_overlay_mass_sliced_by_xF_bin5.pdf>
Package pdftex.def Info: /root/github/e906-development/src/AcceptanceCorrection
/acceptance_no_unfolding_bins//acceptance_overlay_mass_sliced_by_xF_bin5.pdf  u
sed on input line 2657.
(pdftex.def)             Requested size: 216.67201pt x 155.52834pt.
</root/github/e906-development/src/NewAcceptanceCorrection/RS67/acceptance_over
lay_mass_sliced_by_xF_bin5.pdf, id=14729, 569.12625pt x 408.52625pt>
File: /root/github/e906-development/src/NewAcceptanceCorrection/RS67/acceptance
_overlay_mass_sliced_by_xF_bin5.pdf Graphic file (type pdf)
<use /root/github/e906-development/src/NewAcceptanceCorrection/RS67/acceptance_
overlay_mass_sliced_by_xF_bin5.pdf>
Package pdftex.def Info: /root/github/e906-development/src/NewAcceptanceCorrect
ion/RS67/acceptance_overlay_mass_sliced_by_xF_bin5.pdf  used on input line 2657
.
(pdftex.def)             Requested size: 216.67201pt x 155.52834pt.

[200

 </root/github/e906-development/src/NewAcceptanceCorrection/RS67/acceptance_ove
rlay_mass_sliced_by_xF_bin5.pdf, page is rotated 90 degrees>]
File: /root/github/e906-development/src/AcceptanceCorrection/acceptance_no_unfo
lding_bins//Acceptance_Mass_All_pT_xF_bin5.pdf Graphic file (type pdf)
<use /root/github/e906-development/src/AcceptanceCorrection/acceptance_no_unfol
ding_bins//Acceptance_Mass_All_pT_xF_bin5.pdf>
Package pdftex.def Info: /root/github/e906-development/src/AcceptanceCorrection
/acceptance_no_unfolding_bins//Acceptance_Mass_All_pT_xF_bin5.pdf  used on inpu
t line 2670.
(pdftex.def)             Requested size: 216.67201pt x 210.17342pt.
</root/github/e906-development/src/NewAcceptanceCorrection/RS67/Acceptance_Mass
_All_pT_xF_bin5.pdf, id=14780, 569.12625pt x 552.0625pt>
File: /root/github/e906-development/src/NewAcceptanceCorrection/RS67/Acceptance
_Mass_All_pT_xF_bin5.pdf Graphic file (type pdf)
<use /root/github/e906-development/src/NewAcceptanceCorrection/RS67/Acceptance_
Mass_All_pT_xF_bin5.pdf>
Package pdftex.def Info: /root/github/e906-development/src/NewAcceptanceCorrect
ion/RS67/Acceptance_Mass_All_pT_xF_bin5.pdf  used on input line 2670.
(pdftex.def)             Requested size: 216.67201pt x 210.17342pt.
 [201

 </root/github/e906-development/src/NewAcceptanceCorrection/RS67/Acceptance_Mas
s_All_pT_xF_bin5.pdf, page is rotated 90 degrees>]
</root/github/e906-development/src/Existing_Vs_Latest_Acceptance_Comparison/Com
pare_Latest_Vs_Existing_LH2_Acceptance_Mass_All_pT_xF_bin5.pdf, id=14831, 569.1
2625pt x 552.0625pt>
File: /root/github/e906-development/src/Existing_Vs_Latest_Acceptance_Compariso
n/Compare_Latest_Vs_Existing_LH2_Acceptance_Mass_All_pT_xF_bin5.pdf Graphic fil
e (type pdf)
<use /root/github/e906-development/src/Existing_Vs_Latest_Acceptance_Comparison
/Compare_Latest_Vs_Existing_LH2_Acceptance_Mass_All_pT_xF_bin5.pdf>
Package pdftex.def Info: /root/github/e906-development/src/Existing_Vs_Latest_A
cceptance_Comparison/Compare_Latest_Vs_Existing_LH2_Acceptance_Mass_All_pT_xF_b
in5.pdf  used on input line 2683.
(pdftex.def)             Requested size: 216.67201pt x 210.17342pt.
</root/github/e906-development/src/Existing_Vs_Latest_Acceptance_Comparison/Com
pare_Latest_Vs_Existing_LD2_Acceptance_Mass_All_pT_xF_bin5.pdf, id=14832, 569.1
2625pt x 552.0625pt>
File: /root/github/e906-development/src/Existing_Vs_Latest_Acceptance_Compariso
n/Compare_Latest_Vs_Existing_LD2_Acceptance_Mass_All_pT_xF_bin5.pdf Graphic fil
e (type pdf)
<use /root/github/e906-development/src/Existing_Vs_Latest_Acceptance_Comparison
/Compare_Latest_Vs_Existing_LD2_Acceptance_Mass_All_pT_xF_bin5.pdf>
Package pdftex.def Info: /root/github/e906-development/src/Existing_Vs_Latest_A
cceptance_Comparison/Compare_Latest_Vs_Existing_LD2_Acceptance_Mass_All_pT_xF_b
in5.pdf  used on input line 2683.
(pdftex.def)             Requested size: 216.67201pt x 210.17342pt.
 [202

 </root/github/e906-development/src/Existing_Vs_Latest_Acceptance_Comparison/Co
mpare_Latest_Vs_Existing_LH2_Acceptance_Mass_All_pT_xF_bin5.pdf, page is rotate
d 90 degrees> </root/github/e906-development/src/Existing_Vs_Latest_Acceptance_
Comparison/Compare_Latest_Vs_Existing_LD2_Acceptance_Mass_All_pT_xF_bin5.pdf, p
age is rotated 90 degrees>]
File: /root/github/e906-development/src/AcceptanceCorrection/acceptance_no_unfo
lding_bins//acceptance_overlay_mass_sliced_by_xF_bin6.pdf Graphic file (type pd
f)
<use /root/github/e906-development/src/AcceptanceCorrection/acceptance_no_unfol
ding_bins//acceptance_overlay_mass_sliced_by_xF_bin6.pdf>
Package pdftex.def Info: /root/github/e906-development/src/AcceptanceCorrection
/acceptance_no_unfolding_bins//acceptance_overlay_mass_sliced_by_xF_bin6.pdf  u
sed on input line 2696.
(pdftex.def)             Requested size: 216.67201pt x 155.52834pt.
</root/github/e906-development/src/NewAcceptanceCorrection/RS67/acceptance_over
lay_mass_sliced_by_xF_bin6.pdf, id=14927, 569.12625pt x 408.52625pt>
File: /root/github/e906-development/src/NewAcceptanceCorrection/RS67/acceptance
_overlay_mass_sliced_by_xF_bin6.pdf Graphic file (type pdf)
<use /root/github/e906-development/src/NewAcceptanceCorrection/RS67/acceptance_
overlay_mass_sliced_by_xF_bin6.pdf>
Package pdftex.def Info: /root/github/e906-development/src/NewAcceptanceCorrect
ion/RS67/acceptance_overlay_mass_sliced_by_xF_bin6.pdf  used on input line 2696
.
(pdftex.def)             Requested size: 216.67201pt x 155.52834pt.

[203

 </root/github/e906-development/src/NewAcceptanceCorrection/RS67/acceptance_ove
rlay_mass_sliced_by_xF_bin6.pdf, page is rotated 90 degrees>]
File: /root/github/e906-development/src/AcceptanceCorrection/acceptance_no_unfo
lding_bins//Acceptance_Mass_All_pT_xF_bin6.pdf Graphic file (type pdf)
<use /root/github/e906-development/src/AcceptanceCorrection/acceptance_no_unfol
ding_bins//Acceptance_Mass_All_pT_xF_bin6.pdf>
Package pdftex.def Info: /root/github/e906-development/src/AcceptanceCorrection
/acceptance_no_unfolding_bins//Acceptance_Mass_All_pT_xF_bin6.pdf  used on inpu
t line 2709.
(pdftex.def)             Requested size: 216.67201pt x 210.17342pt.
</root/github/e906-development/src/NewAcceptanceCorrection/RS67/Acceptance_Mass
_All_pT_xF_bin6.pdf, id=14978, 569.12625pt x 552.0625pt>
File: /root/github/e906-development/src/NewAcceptanceCorrection/RS67/Acceptance
_Mass_All_pT_xF_bin6.pdf Graphic file (type pdf)
<use /root/github/e906-development/src/NewAcceptanceCorrection/RS67/Acceptance_
Mass_All_pT_xF_bin6.pdf>
Package pdftex.def Info: /root/github/e906-development/src/NewAcceptanceCorrect
ion/RS67/Acceptance_Mass_All_pT_xF_bin6.pdf  used on input line 2709.
(pdftex.def)             Requested size: 216.67201pt x 210.17342pt.
 [204

 </root/github/e906-development/src/NewAcceptanceCorrection/RS67/Acceptance_Mas
s_All_pT_xF_bin6.pdf, page is rotated 90 degrees>]
</root/github/e906-development/src/Existing_Vs_Latest_Acceptance_Comparison/Com
pare_Latest_Vs_Existing_LH2_Acceptance_Mass_All_pT_xF_bin6.pdf, id=15029, 569.1
2625pt x 552.0625pt>
File: /root/github/e906-development/src/Existing_Vs_Latest_Acceptance_Compariso
n/Compare_Latest_Vs_Existing_LH2_Acceptance_Mass_All_pT_xF_bin6.pdf Graphic fil
e (type pdf)
<use /root/github/e906-development/src/Existing_Vs_Latest_Acceptance_Comparison
/Compare_Latest_Vs_Existing_LH2_Acceptance_Mass_All_pT_xF_bin6.pdf>
Package pdftex.def Info: /root/github/e906-development/src/Existing_Vs_Latest_A
cceptance_Comparison/Compare_Latest_Vs_Existing_LH2_Acceptance_Mass_All_pT_xF_b
in6.pdf  used on input line 2722.
(pdftex.def)             Requested size: 216.67201pt x 210.17342pt.
</root/github/e906-development/src/Existing_Vs_Latest_Acceptance_Comparison/Com
pare_Latest_Vs_Existing_LD2_Acceptance_Mass_All_pT_xF_bin6.pdf, id=15030, 569.1
2625pt x 552.0625pt>
File: /root/github/e906-development/src/Existing_Vs_Latest_Acceptance_Compariso
n/Compare_Latest_Vs_Existing_LD2_Acceptance_Mass_All_pT_xF_bin6.pdf Graphic fil
e (type pdf)
<use /root/github/e906-development/src/Existing_Vs_Latest_Acceptance_Comparison
/Compare_Latest_Vs_Existing_LD2_Acceptance_Mass_All_pT_xF_bin6.pdf>
Package pdftex.def Info: /root/github/e906-development/src/Existing_Vs_Latest_A
cceptance_Comparison/Compare_Latest_Vs_Existing_LD2_Acceptance_Mass_All_pT_xF_b
in6.pdf  used on input line 2722.
(pdftex.def)             Requested size: 216.67201pt x 210.17342pt.
 [205

 </root/github/e906-development/src/Existing_Vs_Latest_Acceptance_Comparison/Co
mpare_Latest_Vs_Existing_LH2_Acceptance_Mass_All_pT_xF_bin6.pdf, page is rotate
d 90 degrees> </root/github/e906-development/src/Existing_Vs_Latest_Acceptance_
Comparison/Compare_Latest_Vs_Existing_LD2_Acceptance_Mass_All_pT_xF_bin6.pdf, p
age is rotated 90 degrees>]
File: /root/github/e906-development/src/AcceptanceCorrection/acceptance_no_unfo
lding_bins//acceptance_overlay_mass_sliced_by_xF_bin7.pdf Graphic file (type pd
f)
<use /root/github/e906-development/src/AcceptanceCorrection/acceptance_no_unfol
ding_bins//acceptance_overlay_mass_sliced_by_xF_bin7.pdf>
Package pdftex.def Info: /root/github/e906-development/src/AcceptanceCorrection
/acceptance_no_unfolding_bins//acceptance_overlay_mass_sliced_by_xF_bin7.pdf  u
sed on input line 2735.
(pdftex.def)             Requested size: 216.67201pt x 155.52834pt.
</root/github/e906-development/src/NewAcceptanceCorrection/RS67/acceptance_over
lay_mass_sliced_by_xF_bin7.pdf, id=15125, 569.12625pt x 408.52625pt>
File: /root/github/e906-development/src/NewAcceptanceCorrection/RS67/acceptance
_overlay_mass_sliced_by_xF_bin7.pdf Graphic file (type pdf)
<use /root/github/e906-development/src/NewAcceptanceCorrection/RS67/acceptance_
overlay_mass_sliced_by_xF_bin7.pdf>
Package pdftex.def Info: /root/github/e906-development/src/NewAcceptanceCorrect
ion/RS67/acceptance_overlay_mass_sliced_by_xF_bin7.pdf  used on input line 2735
.
(pdftex.def)             Requested size: 216.67201pt x 155.52834pt.

[206

 </root/github/e906-development/src/NewAcceptanceCorrection/RS67/acceptance_ove
rlay_mass_sliced_by_xF_bin7.pdf, page is rotated 90 degrees>]
File: /root/github/e906-development/src/AcceptanceCorrection/acceptance_no_unfo
lding_bins//Acceptance_Mass_All_pT_xF_bin7.pdf Graphic file (type pdf)
<use /root/github/e906-development/src/AcceptanceCorrection/acceptance_no_unfol
ding_bins//Acceptance_Mass_All_pT_xF_bin7.pdf>
Package pdftex.def Info: /root/github/e906-development/src/AcceptanceCorrection
/acceptance_no_unfolding_bins//Acceptance_Mass_All_pT_xF_bin7.pdf  used on inpu
t line 2748.
(pdftex.def)             Requested size: 216.67201pt x 210.17342pt.
</root/github/e906-development/src/NewAcceptanceCorrection/RS67/Acceptance_Mass
_All_pT_xF_bin7.pdf, id=15177, 569.12625pt x 552.0625pt>
File: /root/github/e906-development/src/NewAcceptanceCorrection/RS67/Acceptance
_Mass_All_pT_xF_bin7.pdf Graphic file (type pdf)
<use /root/github/e906-development/src/NewAcceptanceCorrection/RS67/Acceptance_
Mass_All_pT_xF_bin7.pdf>
Package pdftex.def Info: /root/github/e906-development/src/NewAcceptanceCorrect
ion/RS67/Acceptance_Mass_All_pT_xF_bin7.pdf  used on input line 2748.
(pdftex.def)             Requested size: 216.67201pt x 210.17342pt.
 [207

 </root/github/e906-development/src/NewAcceptanceCorrection/RS67/Acceptance_Mas
s_All_pT_xF_bin7.pdf, page is rotated 90 degrees>]
</root/github/e906-development/src/Existing_Vs_Latest_Acceptance_Comparison/Com
pare_Latest_Vs_Existing_LH2_Acceptance_Mass_All_pT_xF_bin7.pdf, id=15228, 569.1
2625pt x 552.0625pt>
File: /root/github/e906-development/src/Existing_Vs_Latest_Acceptance_Compariso
n/Compare_Latest_Vs_Existing_LH2_Acceptance_Mass_All_pT_xF_bin7.pdf Graphic fil
e (type pdf)
<use /root/github/e906-development/src/Existing_Vs_Latest_Acceptance_Comparison
/Compare_Latest_Vs_Existing_LH2_Acceptance_Mass_All_pT_xF_bin7.pdf>
Package pdftex.def Info: /root/github/e906-development/src/Existing_Vs_Latest_A
cceptance_Comparison/Compare_Latest_Vs_Existing_LH2_Acceptance_Mass_All_pT_xF_b
in7.pdf  used on input line 2761.
(pdftex.def)             Requested size: 216.67201pt x 210.17342pt.
</root/github/e906-development/src/Existing_Vs_Latest_Acceptance_Comparison/Com
pare_Latest_Vs_Existing_LD2_Acceptance_Mass_All_pT_xF_bin7.pdf, id=15229, 569.1
2625pt x 552.0625pt>
File: /root/github/e906-development/src/Existing_Vs_Latest_Acceptance_Compariso
n/Compare_Latest_Vs_Existing_LD2_Acceptance_Mass_All_pT_xF_bin7.pdf Graphic fil
e (type pdf)
<use /root/github/e906-development/src/Existing_Vs_Latest_Acceptance_Comparison
/Compare_Latest_Vs_Existing_LD2_Acceptance_Mass_All_pT_xF_bin7.pdf>
Package pdftex.def Info: /root/github/e906-development/src/Existing_Vs_Latest_A
cceptance_Comparison/Compare_Latest_Vs_Existing_LD2_Acceptance_Mass_All_pT_xF_b
in7.pdf  used on input line 2761.
(pdftex.def)             Requested size: 216.67201pt x 210.17342pt.
 [208

 </root/github/e906-development/src/Existing_Vs_Latest_Acceptance_Comparison/Co
mpare_Latest_Vs_Existing_LH2_Acceptance_Mass_All_pT_xF_bin7.pdf, page is rotate
d 90 degrees> </root/github/e906-development/src/Existing_Vs_Latest_Acceptance_
Comparison/Compare_Latest_Vs_Existing_LD2_Acceptance_Mass_All_pT_xF_bin7.pdf, p
age is rotated 90 degrees>]
File: /root/github/e906-development/src/AcceptanceCorrection/acceptance_no_unfo
lding_bins//acceptance_overlay_mass_sliced_by_xF_bin8.pdf Graphic file (type pd
f)
<use /root/github/e906-development/src/AcceptanceCorrection/acceptance_no_unfol
ding_bins//acceptance_overlay_mass_sliced_by_xF_bin8.pdf>
Package pdftex.def Info: /root/github/e906-development/src/AcceptanceCorrection
/acceptance_no_unfolding_bins//acceptance_overlay_mass_sliced_by_xF_bin8.pdf  u
sed on input line 2774.
(pdftex.def)             Requested size: 216.67201pt x 155.52834pt.
</root/github/e906-development/src/NewAcceptanceCorrection/RS67/acceptance_over
lay_mass_sliced_by_xF_bin8.pdf, id=15323, 569.12625pt x 408.52625pt>
File: /root/github/e906-development/src/NewAcceptanceCorrection/RS67/acceptance
_overlay_mass_sliced_by_xF_bin8.pdf Graphic file (type pdf)
<use /root/github/e906-development/src/NewAcceptanceCorrection/RS67/acceptance_
overlay_mass_sliced_by_xF_bin8.pdf>
Package pdftex.def Info: /root/github/e906-development/src/NewAcceptanceCorrect
ion/RS67/acceptance_overlay_mass_sliced_by_xF_bin8.pdf  used on input line 2774
.
(pdftex.def)             Requested size: 216.67201pt x 155.52834pt.

[209

 </root/github/e906-development/src/NewAcceptanceCorrection/RS67/acceptance_ove
rlay_mass_sliced_by_xF_bin8.pdf, page is rotated 90 degrees>]
File: /root/github/e906-development/src/AcceptanceCorrection/acceptance_no_unfo
lding_bins//Acceptance_Mass_All_pT_xF_bin8.pdf Graphic file (type pdf)
<use /root/github/e906-development/src/AcceptanceCorrection/acceptance_no_unfol
ding_bins//Acceptance_Mass_All_pT_xF_bin8.pdf>
Package pdftex.def Info: /root/github/e906-development/src/AcceptanceCorrection
/acceptance_no_unfolding_bins//Acceptance_Mass_All_pT_xF_bin8.pdf  used on inpu
t line 2787.
(pdftex.def)             Requested size: 216.67201pt x 210.17342pt.
</root/github/e906-development/src/NewAcceptanceCorrection/RS67/Acceptance_Mass
_All_pT_xF_bin8.pdf, id=15375, 569.12625pt x 552.0625pt>
File: /root/github/e906-development/src/NewAcceptanceCorrection/RS67/Acceptance
_Mass_All_pT_xF_bin8.pdf Graphic file (type pdf)
<use /root/github/e906-development/src/NewAcceptanceCorrection/RS67/Acceptance_
Mass_All_pT_xF_bin8.pdf>
Package pdftex.def Info: /root/github/e906-development/src/NewAcceptanceCorrect
ion/RS67/Acceptance_Mass_All_pT_xF_bin8.pdf  used on input line 2787.
(pdftex.def)             Requested size: 216.67201pt x 210.17342pt.
 [210

 </root/github/e906-development/src/NewAcceptanceCorrection/RS67/Acceptance_Mas
s_All_pT_xF_bin8.pdf, page is rotated 90 degrees>]
</root/github/e906-development/src/Existing_Vs_Latest_Acceptance_Comparison/Com
pare_Latest_Vs_Existing_LH2_Acceptance_Mass_All_pT_xF_bin8.pdf, id=15426, 569.1
2625pt x 552.0625pt>
File: /root/github/e906-development/src/Existing_Vs_Latest_Acceptance_Compariso
n/Compare_Latest_Vs_Existing_LH2_Acceptance_Mass_All_pT_xF_bin8.pdf Graphic fil
e (type pdf)
<use /root/github/e906-development/src/Existing_Vs_Latest_Acceptance_Comparison
/Compare_Latest_Vs_Existing_LH2_Acceptance_Mass_All_pT_xF_bin8.pdf>
Package pdftex.def Info: /root/github/e906-development/src/Existing_Vs_Latest_A
cceptance_Comparison/Compare_Latest_Vs_Existing_LH2_Acceptance_Mass_All_pT_xF_b
in8.pdf  used on input line 2800.
(pdftex.def)             Requested size: 216.67201pt x 210.17342pt.
</root/github/e906-development/src/Existing_Vs_Latest_Acceptance_Comparison/Com
pare_Latest_Vs_Existing_LD2_Acceptance_Mass_All_pT_xF_bin8.pdf, id=15427, 569.1
2625pt x 552.0625pt>
File: /root/github/e906-development/src/Existing_Vs_Latest_Acceptance_Compariso
n/Compare_Latest_Vs_Existing_LD2_Acceptance_Mass_All_pT_xF_bin8.pdf Graphic fil
e (type pdf)
<use /root/github/e906-development/src/Existing_Vs_Latest_Acceptance_Comparison
/Compare_Latest_Vs_Existing_LD2_Acceptance_Mass_All_pT_xF_bin8.pdf>
Package pdftex.def Info: /root/github/e906-development/src/Existing_Vs_Latest_A
cceptance_Comparison/Compare_Latest_Vs_Existing_LD2_Acceptance_Mass_All_pT_xF_b
in8.pdf  used on input line 2800.
(pdftex.def)             Requested size: 216.67201pt x 210.17342pt.
 [211

 </root/github/e906-development/src/Existing_Vs_Latest_Acceptance_Comparison/Co
mpare_Latest_Vs_Existing_LH2_Acceptance_Mass_All_pT_xF_bin8.pdf, page is rotate
d 90 degrees> </root/github/e906-development/src/Existing_Vs_Latest_Acceptance_
Comparison/Compare_Latest_Vs_Existing_LD2_Acceptance_Mass_All_pT_xF_bin8.pdf, p
age is rotated 90 degrees>]
File: /root/github/e906-development/src/AcceptanceCorrection/acceptance_no_unfo
lding_bins//acceptance_overlay_mass_sliced_by_xF_bin9.pdf Graphic file (type pd
f)
<use /root/github/e906-development/src/AcceptanceCorrection/acceptance_no_unfol
ding_bins//acceptance_overlay_mass_sliced_by_xF_bin9.pdf>
Package pdftex.def Info: /root/github/e906-development/src/AcceptanceCorrection
/acceptance_no_unfolding_bins//acceptance_overlay_mass_sliced_by_xF_bin9.pdf  u
sed on input line 2813.
(pdftex.def)             Requested size: 216.67201pt x 155.52834pt.
</root/github/e906-development/src/NewAcceptanceCorrection/RS67/acceptance_over
lay_mass_sliced_by_xF_bin9.pdf, id=15522, 569.12625pt x 408.52625pt>
File: /root/github/e906-development/src/NewAcceptanceCorrection/RS67/acceptance
_overlay_mass_sliced_by_xF_bin9.pdf Graphic file (type pdf)
<use /root/github/e906-development/src/NewAcceptanceCorrection/RS67/acceptance_
overlay_mass_sliced_by_xF_bin9.pdf>
Package pdftex.def Info: /root/github/e906-development/src/NewAcceptanceCorrect
ion/RS67/acceptance_overlay_mass_sliced_by_xF_bin9.pdf  used on input line 2813
.
(pdftex.def)             Requested size: 216.67201pt x 155.52834pt.

[212

 </root/github/e906-development/src/NewAcceptanceCorrection/RS67/acceptance_ove
rlay_mass_sliced_by_xF_bin9.pdf, page is rotated 90 degrees>]
File: /root/github/e906-development/src/AcceptanceCorrection/acceptance_no_unfo
lding_bins//Acceptance_Mass_All_pT_xF_bin9.pdf Graphic file (type pdf)
<use /root/github/e906-development/src/AcceptanceCorrection/acceptance_no_unfol
ding_bins//Acceptance_Mass_All_pT_xF_bin9.pdf>
Package pdftex.def Info: /root/github/e906-development/src/AcceptanceCorrection
/acceptance_no_unfolding_bins//Acceptance_Mass_All_pT_xF_bin9.pdf  used on inpu
t line 2826.
(pdftex.def)             Requested size: 216.67201pt x 210.17342pt.
</root/github/e906-development/src/NewAcceptanceCorrection/RS67/Acceptance_Mass
_All_pT_xF_bin9.pdf, id=15573, 569.12625pt x 552.0625pt>
File: /root/github/e906-development/src/NewAcceptanceCorrection/RS67/Acceptance
_Mass_All_pT_xF_bin9.pdf Graphic file (type pdf)
<use /root/github/e906-development/src/NewAcceptanceCorrection/RS67/Acceptance_
Mass_All_pT_xF_bin9.pdf>
Package pdftex.def Info: /root/github/e906-development/src/NewAcceptanceCorrect
ion/RS67/Acceptance_Mass_All_pT_xF_bin9.pdf  used on input line 2826.
(pdftex.def)             Requested size: 216.67201pt x 210.17342pt.
 [213

 </root/github/e906-development/src/NewAcceptanceCorrection/RS67/Acceptance_Mas
s_All_pT_xF_bin9.pdf, page is rotated 90 degrees>]
</root/github/e906-development/src/Existing_Vs_Latest_Acceptance_Comparison/Com
pare_Latest_Vs_Existing_LH2_Acceptance_Mass_All_pT_xF_bin9.pdf, id=15625, 569.1
2625pt x 552.0625pt>
File: /root/github/e906-development/src/Existing_Vs_Latest_Acceptance_Compariso
n/Compare_Latest_Vs_Existing_LH2_Acceptance_Mass_All_pT_xF_bin9.pdf Graphic fil
e (type pdf)
<use /root/github/e906-development/src/Existing_Vs_Latest_Acceptance_Comparison
/Compare_Latest_Vs_Existing_LH2_Acceptance_Mass_All_pT_xF_bin9.pdf>
Package pdftex.def Info: /root/github/e906-development/src/Existing_Vs_Latest_A
cceptance_Comparison/Compare_Latest_Vs_Existing_LH2_Acceptance_Mass_All_pT_xF_b
in9.pdf  used on input line 2839.
(pdftex.def)             Requested size: 216.67201pt x 210.17342pt.
</root/github/e906-development/src/Existing_Vs_Latest_Acceptance_Comparison/Com
pare_Latest_Vs_Existing_LD2_Acceptance_Mass_All_pT_xF_bin9.pdf, id=15626, 569.1
2625pt x 552.0625pt>
File: /root/github/e906-development/src/Existing_Vs_Latest_Acceptance_Compariso
n/Compare_Latest_Vs_Existing_LD2_Acceptance_Mass_All_pT_xF_bin9.pdf Graphic fil
e (type pdf)
<use /root/github/e906-development/src/Existing_Vs_Latest_Acceptance_Comparison
/Compare_Latest_Vs_Existing_LD2_Acceptance_Mass_All_pT_xF_bin9.pdf>
Package pdftex.def Info: /root/github/e906-development/src/Existing_Vs_Latest_A
cceptance_Comparison/Compare_Latest_Vs_Existing_LD2_Acceptance_Mass_All_pT_xF_b
in9.pdf  used on input line 2839.
(pdftex.def)             Requested size: 216.67201pt x 210.17342pt.
 [214

 </root/github/e906-development/src/Existing_Vs_Latest_Acceptance_Comparison/Co
mpare_Latest_Vs_Existing_LH2_Acceptance_Mass_All_pT_xF_bin9.pdf, page is rotate
d 90 degrees> </root/github/e906-development/src/Existing_Vs_Latest_Acceptance_
Comparison/Compare_Latest_Vs_Existing_LD2_Acceptance_Mass_All_pT_xF_bin9.pdf, p
age is rotated 90 degrees>]
File: /root/github/e906-development/src/AcceptanceCorrection/acceptance_no_unfo
lding_bins//acceptance_overlay_mass_sliced_by_xF_bin10.pdf Graphic file (type p
df)
<use /root/github/e906-development/src/AcceptanceCorrection/acceptance_no_unfol
ding_bins//acceptance_overlay_mass_sliced_by_xF_bin10.pdf>
Package pdftex.def Info: /root/github/e906-development/src/AcceptanceCorrection
/acceptance_no_unfolding_bins//acceptance_overlay_mass_sliced_by_xF_bin10.pdf  
used on input line 2852.
(pdftex.def)             Requested size: 216.67201pt x 155.52834pt.
</root/github/e906-development/src/NewAcceptanceCorrection/RS67/acceptance_over
lay_mass_sliced_by_xF_bin10.pdf, id=15720, 569.12625pt x 408.52625pt>
File: /root/github/e906-development/src/NewAcceptanceCorrection/RS67/acceptance
_overlay_mass_sliced_by_xF_bin10.pdf Graphic file (type pdf)
<use /root/github/e906-development/src/NewAcceptanceCorrection/RS67/acceptance_
overlay_mass_sliced_by_xF_bin10.pdf>
Package pdftex.def Info: /root/github/e906-development/src/NewAcceptanceCorrect
ion/RS67/acceptance_overlay_mass_sliced_by_xF_bin10.pdf  used on input line 285
2.
(pdftex.def)             Requested size: 216.67201pt x 155.52834pt.

[215

 </root/github/e906-development/src/NewAcceptanceCorrection/RS67/acceptance_ove
rlay_mass_sliced_by_xF_bin10.pdf, page is rotated 90 degrees>]
File: /root/github/e906-development/src/AcceptanceCorrection/acceptance_no_unfo
lding_bins//Acceptance_Mass_All_pT_xF_bin10.pdf Graphic file (type pdf)
<use /root/github/e906-development/src/AcceptanceCorrection/acceptance_no_unfol
ding_bins//Acceptance_Mass_All_pT_xF_bin10.pdf>
Package pdftex.def Info: /root/github/e906-development/src/AcceptanceCorrection
/acceptance_no_unfolding_bins//Acceptance_Mass_All_pT_xF_bin10.pdf  used on inp
ut line 2865.
(pdftex.def)             Requested size: 216.67201pt x 210.17342pt.
</root/github/e906-development/src/NewAcceptanceCorrection/RS67/Acceptance_Mass
_All_pT_xF_bin10.pdf, id=15771, 569.12625pt x 552.0625pt>
File: /root/github/e906-development/src/NewAcceptanceCorrection/RS67/Acceptance
_Mass_All_pT_xF_bin10.pdf Graphic file (type pdf)
<use /root/github/e906-development/src/NewAcceptanceCorrection/RS67/Acceptance_
Mass_All_pT_xF_bin10.pdf>
Package pdftex.def Info: /root/github/e906-development/src/NewAcceptanceCorrect
ion/RS67/Acceptance_Mass_All_pT_xF_bin10.pdf  used on input line 2865.
(pdftex.def)             Requested size: 216.67201pt x 210.17342pt.
 [216

 </root/github/e906-development/src/NewAcceptanceCorrection/RS67/Acceptance_Mas
s_All_pT_xF_bin10.pdf, page is rotated 90 degrees>]
</root/github/e906-development/src/Existing_Vs_Latest_Acceptance_Comparison/Com
pare_Latest_Vs_Existing_LH2_Acceptance_Mass_All_pT_xF_bin10.pdf, id=15823, 569.
12625pt x 552.0625pt>
File: /root/github/e906-development/src/Existing_Vs_Latest_Acceptance_Compariso
n/Compare_Latest_Vs_Existing_LH2_Acceptance_Mass_All_pT_xF_bin10.pdf Graphic fi
le (type pdf)
<use /root/github/e906-development/src/Existing_Vs_Latest_Acceptance_Comparison
/Compare_Latest_Vs_Existing_LH2_Acceptance_Mass_All_pT_xF_bin10.pdf>
Package pdftex.def Info: /root/github/e906-development/src/Existing_Vs_Latest_A
cceptance_Comparison/Compare_Latest_Vs_Existing_LH2_Acceptance_Mass_All_pT_xF_b
in10.pdf  used on input line 2878.
(pdftex.def)             Requested size: 216.67201pt x 210.17342pt.
</root/github/e906-development/src/Existing_Vs_Latest_Acceptance_Comparison/Com
pare_Latest_Vs_Existing_LD2_Acceptance_Mass_All_pT_xF_bin10.pdf, id=15824, 569.
12625pt x 552.0625pt>
File: /root/github/e906-development/src/Existing_Vs_Latest_Acceptance_Compariso
n/Compare_Latest_Vs_Existing_LD2_Acceptance_Mass_All_pT_xF_bin10.pdf Graphic fi
le (type pdf)
<use /root/github/e906-development/src/Existing_Vs_Latest_Acceptance_Comparison
/Compare_Latest_Vs_Existing_LD2_Acceptance_Mass_All_pT_xF_bin10.pdf>
Package pdftex.def Info: /root/github/e906-development/src/Existing_Vs_Latest_A
cceptance_Comparison/Compare_Latest_Vs_Existing_LD2_Acceptance_Mass_All_pT_xF_b
in10.pdf  used on input line 2878.
(pdftex.def)             Requested size: 216.67201pt x 210.17342pt.
 [217

 </root/github/e906-development/src/Existing_Vs_Latest_Acceptance_Comparison/Co
mpare_Latest_Vs_Existing_LH2_Acceptance_Mass_All_pT_xF_bin10.pdf, page is rotat
ed 90 degrees> </root/github/e906-development/src/Existing_Vs_Latest_Acceptance
_Comparison/Compare_Latest_Vs_Existing_LD2_Acceptance_Mass_All_pT_xF_bin10.pdf,
 page is rotated 90 degrees>]
File: /root/github/e906-development/src/AcceptanceCorrection/acceptance_no_unfo
lding_bins//acceptance_overlay_mass_sliced_by_xF_bin11.pdf Graphic file (type p
df)
<use /root/github/e906-development/src/AcceptanceCorrection/acceptance_no_unfol
ding_bins//acceptance_overlay_mass_sliced_by_xF_bin11.pdf>
Package pdftex.def Info: /root/github/e906-development/src/AcceptanceCorrection
/acceptance_no_unfolding_bins//acceptance_overlay_mass_sliced_by_xF_bin11.pdf  
used on input line 2891.
(pdftex.def)             Requested size: 216.67201pt x 155.52834pt.
</root/github/e906-development/src/NewAcceptanceCorrection/RS67/acceptance_over
lay_mass_sliced_by_xF_bin11.pdf, id=15919, 569.12625pt x 408.52625pt>
File: /root/github/e906-development/src/NewAcceptanceCorrection/RS67/acceptance
_overlay_mass_sliced_by_xF_bin11.pdf Graphic file (type pdf)
<use /root/github/e906-development/src/NewAcceptanceCorrection/RS67/acceptance_
overlay_mass_sliced_by_xF_bin11.pdf>
Package pdftex.def Info: /root/github/e906-development/src/NewAcceptanceCorrect
ion/RS67/acceptance_overlay_mass_sliced_by_xF_bin11.pdf  used on input line 289
1.
(pdftex.def)             Requested size: 216.67201pt x 155.52834pt.

[218

 </root/github/e906-development/src/NewAcceptanceCorrection/RS67/acceptance_ove
rlay_mass_sliced_by_xF_bin11.pdf, page is rotated 90 degrees>]
File: /root/github/e906-development/src/AcceptanceCorrection/acceptance_no_unfo
lding_bins//Acceptance_Mass_All_pT_xF_bin11.pdf Graphic file (type pdf)
<use /root/github/e906-development/src/AcceptanceCorrection/acceptance_no_unfol
ding_bins//Acceptance_Mass_All_pT_xF_bin11.pdf>
Package pdftex.def Info: /root/github/e906-development/src/AcceptanceCorrection
/acceptance_no_unfolding_bins//Acceptance_Mass_All_pT_xF_bin11.pdf  used on inp
ut line 2904.
(pdftex.def)             Requested size: 216.67201pt x 210.17342pt.
</root/github/e906-development/src/NewAcceptanceCorrection/RS67/Acceptance_Mass
_All_pT_xF_bin11.pdf, id=15970, 569.12625pt x 552.0625pt>
File: /root/github/e906-development/src/NewAcceptanceCorrection/RS67/Acceptance
_Mass_All_pT_xF_bin11.pdf Graphic file (type pdf)
<use /root/github/e906-development/src/NewAcceptanceCorrection/RS67/Acceptance_
Mass_All_pT_xF_bin11.pdf>
Package pdftex.def Info: /root/github/e906-development/src/NewAcceptanceCorrect
ion/RS67/Acceptance_Mass_All_pT_xF_bin11.pdf  used on input line 2904.
(pdftex.def)             Requested size: 216.67201pt x 210.17342pt.
 [219

 </root/github/e906-development/src/NewAcceptanceCorrection/RS67/Acceptance_Mas
s_All_pT_xF_bin11.pdf, page is rotated 90 degrees>]
</root/github/e906-development/src/Existing_Vs_Latest_Acceptance_Comparison/Com
pare_Latest_Vs_Existing_LH2_Acceptance_Mass_All_pT_xF_bin11.pdf, id=16021, 569.
12625pt x 552.0625pt>
File: /root/github/e906-development/src/Existing_Vs_Latest_Acceptance_Compariso
n/Compare_Latest_Vs_Existing_LH2_Acceptance_Mass_All_pT_xF_bin11.pdf Graphic fi
le (type pdf)
<use /root/github/e906-development/src/Existing_Vs_Latest_Acceptance_Comparison
/Compare_Latest_Vs_Existing_LH2_Acceptance_Mass_All_pT_xF_bin11.pdf>
Package pdftex.def Info: /root/github/e906-development/src/Existing_Vs_Latest_A
cceptance_Comparison/Compare_Latest_Vs_Existing_LH2_Acceptance_Mass_All_pT_xF_b
in11.pdf  used on input line 2917.
(pdftex.def)             Requested size: 216.67201pt x 210.17342pt.
</root/github/e906-development/src/Existing_Vs_Latest_Acceptance_Comparison/Com
pare_Latest_Vs_Existing_LD2_Acceptance_Mass_All_pT_xF_bin11.pdf, id=16022, 569.
12625pt x 552.0625pt>
File: /root/github/e906-development/src/Existing_Vs_Latest_Acceptance_Compariso
n/Compare_Latest_Vs_Existing_LD2_Acceptance_Mass_All_pT_xF_bin11.pdf Graphic fi
le (type pdf)
<use /root/github/e906-development/src/Existing_Vs_Latest_Acceptance_Comparison
/Compare_Latest_Vs_Existing_LD2_Acceptance_Mass_All_pT_xF_bin11.pdf>
Package pdftex.def Info: /root/github/e906-development/src/Existing_Vs_Latest_A
cceptance_Comparison/Compare_Latest_Vs_Existing_LD2_Acceptance_Mass_All_pT_xF_b
in11.pdf  used on input line 2917.
(pdftex.def)             Requested size: 216.67201pt x 210.17342pt.
 [220

 </root/github/e906-development/src/Existing_Vs_Latest_Acceptance_Comparison/Co
mpare_Latest_Vs_Existing_LH2_Acceptance_Mass_All_pT_xF_bin11.pdf, page is rotat
ed 90 degrees> </root/github/e906-development/src/Existing_Vs_Latest_Acceptance
_Comparison/Compare_Latest_Vs_Existing_LD2_Acceptance_Mass_All_pT_xF_bin11.pdf,
 page is rotated 90 degrees>]
File: /root/github/e906-development/src/AcceptanceCorrection/acceptance_no_unfo
lding_bins//acceptance_overlay_mass_sliced_by_xF_bin12.pdf Graphic file (type p
df)
<use /root/github/e906-development/src/AcceptanceCorrection/acceptance_no_unfol
ding_bins//acceptance_overlay_mass_sliced_by_xF_bin12.pdf>
Package pdftex.def Info: /root/github/e906-development/src/AcceptanceCorrection
/acceptance_no_unfolding_bins//acceptance_overlay_mass_sliced_by_xF_bin12.pdf  
used on input line 2930.
(pdftex.def)             Requested size: 216.67201pt x 155.52834pt.
</root/github/e906-development/src/NewAcceptanceCorrection/RS67/acceptance_over
lay_mass_sliced_by_xF_bin12.pdf, id=16117, 569.12625pt x 408.52625pt>
File: /root/github/e906-development/src/NewAcceptanceCorrection/RS67/acceptance
_overlay_mass_sliced_by_xF_bin12.pdf Graphic file (type pdf)
<use /root/github/e906-development/src/NewAcceptanceCorrection/RS67/acceptance_
overlay_mass_sliced_by_xF_bin12.pdf>
Package pdftex.def Info: /root/github/e906-development/src/NewAcceptanceCorrect
ion/RS67/acceptance_overlay_mass_sliced_by_xF_bin12.pdf  used on input line 293
0.
(pdftex.def)             Requested size: 216.67201pt x 155.52834pt.

[221

 </root/github/e906-development/src/NewAcceptanceCorrection/RS67/acceptance_ove
rlay_mass_sliced_by_xF_bin12.pdf, page is rotated 90 degrees>]
File: /root/github/e906-development/src/AcceptanceCorrection/acceptance_no_unfo
lding_bins//Acceptance_Mass_All_pT_xF_bin12.pdf Graphic file (type pdf)
<use /root/github/e906-development/src/AcceptanceCorrection/acceptance_no_unfol
ding_bins//Acceptance_Mass_All_pT_xF_bin12.pdf>
Package pdftex.def Info: /root/github/e906-development/src/AcceptanceCorrection
/acceptance_no_unfolding_bins//Acceptance_Mass_All_pT_xF_bin12.pdf  used on inp
ut line 2943.
(pdftex.def)             Requested size: 216.67201pt x 210.17342pt.
</root/github/e906-development/src/NewAcceptanceCorrection/RS67/Acceptance_Mass
_All_pT_xF_bin12.pdf, id=16168, 569.12625pt x 552.0625pt>
File: /root/github/e906-development/src/NewAcceptanceCorrection/RS67/Acceptance
_Mass_All_pT_xF_bin12.pdf Graphic file (type pdf)
<use /root/github/e906-development/src/NewAcceptanceCorrection/RS67/Acceptance_
Mass_All_pT_xF_bin12.pdf>
Package pdftex.def Info: /root/github/e906-development/src/NewAcceptanceCorrect
ion/RS67/Acceptance_Mass_All_pT_xF_bin12.pdf  used on input line 2943.
(pdftex.def)             Requested size: 216.67201pt x 210.17342pt.
 [222

 </root/github/e906-development/src/NewAcceptanceCorrection/RS67/Acceptance_Mas
s_All_pT_xF_bin12.pdf, page is rotated 90 degrees>]
</root/github/e906-development/src/Existing_Vs_Latest_Acceptance_Comparison/Com
pare_Latest_Vs_Existing_LH2_Acceptance_Mass_All_pT_xF_bin12.pdf, id=16219, 569.
12625pt x 552.0625pt>
File: /root/github/e906-development/src/Existing_Vs_Latest_Acceptance_Compariso
n/Compare_Latest_Vs_Existing_LH2_Acceptance_Mass_All_pT_xF_bin12.pdf Graphic fi
le (type pdf)
<use /root/github/e906-development/src/Existing_Vs_Latest_Acceptance_Comparison
/Compare_Latest_Vs_Existing_LH2_Acceptance_Mass_All_pT_xF_bin12.pdf>
Package pdftex.def Info: /root/github/e906-development/src/Existing_Vs_Latest_A
cceptance_Comparison/Compare_Latest_Vs_Existing_LH2_Acceptance_Mass_All_pT_xF_b
in12.pdf  used on input line 2956.
(pdftex.def)             Requested size: 216.67201pt x 210.17342pt.
</root/github/e906-development/src/Existing_Vs_Latest_Acceptance_Comparison/Com
pare_Latest_Vs_Existing_LD2_Acceptance_Mass_All_pT_xF_bin12.pdf, id=16220, 569.
12625pt x 552.0625pt>
File: /root/github/e906-development/src/Existing_Vs_Latest_Acceptance_Compariso
n/Compare_Latest_Vs_Existing_LD2_Acceptance_Mass_All_pT_xF_bin12.pdf Graphic fi
le (type pdf)
<use /root/github/e906-development/src/Existing_Vs_Latest_Acceptance_Comparison
/Compare_Latest_Vs_Existing_LD2_Acceptance_Mass_All_pT_xF_bin12.pdf>
Package pdftex.def Info: /root/github/e906-development/src/Existing_Vs_Latest_A
cceptance_Comparison/Compare_Latest_Vs_Existing_LD2_Acceptance_Mass_All_pT_xF_b
in12.pdf  used on input line 2956.
(pdftex.def)             Requested size: 216.67201pt x 210.17342pt.
 [223

 </root/github/e906-development/src/Existing_Vs_Latest_Acceptance_Comparison/Co
mpare_Latest_Vs_Existing_LH2_Acceptance_Mass_All_pT_xF_bin12.pdf, page is rotat
ed 90 degrees> </root/github/e906-development/src/Existing_Vs_Latest_Acceptance
_Comparison/Compare_Latest_Vs_Existing_LD2_Acceptance_Mass_All_pT_xF_bin12.pdf,
 page is rotated 90 degrees>]
File: /root/github/e906-development/src/AcceptanceCorrection/acceptance_no_unfo
lding_bins//acceptance_overlay_mass_sliced_by_xF_bin13.pdf Graphic file (type p
df)
<use /root/github/e906-development/src/AcceptanceCorrection/acceptance_no_unfol
ding_bins//acceptance_overlay_mass_sliced_by_xF_bin13.pdf>
Package pdftex.def Info: /root/github/e906-development/src/AcceptanceCorrection
/acceptance_no_unfolding_bins//acceptance_overlay_mass_sliced_by_xF_bin13.pdf  
used on input line 2969.
(pdftex.def)             Requested size: 216.67201pt x 155.52834pt.
</root/github/e906-development/src/NewAcceptanceCorrection/RS67/acceptance_over
lay_mass_sliced_by_xF_bin13.pdf, id=16316, 569.12625pt x 408.52625pt>
File: /root/github/e906-development/src/NewAcceptanceCorrection/RS67/acceptance
_overlay_mass_sliced_by_xF_bin13.pdf Graphic file (type pdf)
<use /root/github/e906-development/src/NewAcceptanceCorrection/RS67/acceptance_
overlay_mass_sliced_by_xF_bin13.pdf>
Package pdftex.def Info: /root/github/e906-development/src/NewAcceptanceCorrect
ion/RS67/acceptance_overlay_mass_sliced_by_xF_bin13.pdf  used on input line 296
9.
(pdftex.def)             Requested size: 216.67201pt x 155.52834pt.

[224

 </root/github/e906-development/src/NewAcceptanceCorrection/RS67/acceptance_ove
rlay_mass_sliced_by_xF_bin13.pdf, page is rotated 90 degrees>]
File: /root/github/e906-development/src/AcceptanceCorrection/acceptance_no_unfo
lding_bins//Acceptance_Mass_All_pT_xF_bin13.pdf Graphic file (type pdf)
<use /root/github/e906-development/src/AcceptanceCorrection/acceptance_no_unfol
ding_bins//Acceptance_Mass_All_pT_xF_bin13.pdf>
Package pdftex.def Info: /root/github/e906-development/src/AcceptanceCorrection
/acceptance_no_unfolding_bins//Acceptance_Mass_All_pT_xF_bin13.pdf  used on inp
ut line 2982.
(pdftex.def)             Requested size: 216.67201pt x 210.17342pt.
</root/github/e906-development/src/NewAcceptanceCorrection/RS67/Acceptance_Mass
_All_pT_xF_bin13.pdf, id=16367, 569.12625pt x 552.0625pt>
File: /root/github/e906-development/src/NewAcceptanceCorrection/RS67/Acceptance
_Mass_All_pT_xF_bin13.pdf Graphic file (type pdf)
<use /root/github/e906-development/src/NewAcceptanceCorrection/RS67/Acceptance_
Mass_All_pT_xF_bin13.pdf>
Package pdftex.def Info: /root/github/e906-development/src/NewAcceptanceCorrect
ion/RS67/Acceptance_Mass_All_pT_xF_bin13.pdf  used on input line 2982.
(pdftex.def)             Requested size: 216.67201pt x 210.17342pt.
 [225

 </root/github/e906-development/src/NewAcceptanceCorrection/RS67/Acceptance_Mas
s_All_pT_xF_bin13.pdf, page is rotated 90 degrees>]
</root/github/e906-development/src/Existing_Vs_Latest_Acceptance_Comparison/Com
pare_Latest_Vs_Existing_LH2_Acceptance_Mass_All_pT_xF_bin13.pdf, id=16418, 569.
12625pt x 552.0625pt>
File: /root/github/e906-development/src/Existing_Vs_Latest_Acceptance_Compariso
n/Compare_Latest_Vs_Existing_LH2_Acceptance_Mass_All_pT_xF_bin13.pdf Graphic fi
le (type pdf)
<use /root/github/e906-development/src/Existing_Vs_Latest_Acceptance_Comparison
/Compare_Latest_Vs_Existing_LH2_Acceptance_Mass_All_pT_xF_bin13.pdf>
Package pdftex.def Info: /root/github/e906-development/src/Existing_Vs_Latest_A
cceptance_Comparison/Compare_Latest_Vs_Existing_LH2_Acceptance_Mass_All_pT_xF_b
in13.pdf  used on input line 2995.
(pdftex.def)             Requested size: 216.67201pt x 210.17342pt.
</root/github/e906-development/src/Existing_Vs_Latest_Acceptance_Comparison/Com
pare_Latest_Vs_Existing_LD2_Acceptance_Mass_All_pT_xF_bin13.pdf, id=16419, 569.
12625pt x 552.0625pt>
File: /root/github/e906-development/src/Existing_Vs_Latest_Acceptance_Compariso
n/Compare_Latest_Vs_Existing_LD2_Acceptance_Mass_All_pT_xF_bin13.pdf Graphic fi
le (type pdf)
<use /root/github/e906-development/src/Existing_Vs_Latest_Acceptance_Comparison
/Compare_Latest_Vs_Existing_LD2_Acceptance_Mass_All_pT_xF_bin13.pdf>
Package pdftex.def Info: /root/github/e906-development/src/Existing_Vs_Latest_A
cceptance_Comparison/Compare_Latest_Vs_Existing_LD2_Acceptance_Mass_All_pT_xF_b
in13.pdf  used on input line 2995.
(pdftex.def)             Requested size: 216.67201pt x 210.17342pt.
 [226

 </root/github/e906-development/src/Existing_Vs_Latest_Acceptance_Comparison/Co
mpare_Latest_Vs_Existing_LH2_Acceptance_Mass_All_pT_xF_bin13.pdf, page is rotat
ed 90 degrees> </root/github/e906-development/src/Existing_Vs_Latest_Acceptance
_Comparison/Compare_Latest_Vs_Existing_LD2_Acceptance_Mass_All_pT_xF_bin13.pdf,
 page is rotated 90 degrees>]
File: /root/github/e906-development/src/AcceptanceCorrection/acceptance_no_unfo
lding_bins//acceptance_overlay_mass_sliced_by_xF_bin14.pdf Graphic file (type p
df)
<use /root/github/e906-development/src/AcceptanceCorrection/acceptance_no_unfol
ding_bins//acceptance_overlay_mass_sliced_by_xF_bin14.pdf>
Package pdftex.def Info: /root/github/e906-development/src/AcceptanceCorrection
/acceptance_no_unfolding_bins//acceptance_overlay_mass_sliced_by_xF_bin14.pdf  
used on input line 3008.
(pdftex.def)             Requested size: 216.67201pt x 155.52834pt.
</root/github/e906-development/src/NewAcceptanceCorrection/RS67/acceptance_over
lay_mass_sliced_by_xF_bin14.pdf, id=16514, 569.12625pt x 408.52625pt>
File: /root/github/e906-development/src/NewAcceptanceCorrection/RS67/acceptance
_overlay_mass_sliced_by_xF_bin14.pdf Graphic file (type pdf)
<use /root/github/e906-development/src/NewAcceptanceCorrection/RS67/acceptance_
overlay_mass_sliced_by_xF_bin14.pdf>
Package pdftex.def Info: /root/github/e906-development/src/NewAcceptanceCorrect
ion/RS67/acceptance_overlay_mass_sliced_by_xF_bin14.pdf  used on input line 300
8.
(pdftex.def)             Requested size: 216.67201pt x 155.52834pt.

[227

 </root/github/e906-development/src/NewAcceptanceCorrection/RS67/acceptance_ove
rlay_mass_sliced_by_xF_bin14.pdf, page is rotated 90 degrees>]
File: /root/github/e906-development/src/AcceptanceCorrection/acceptance_no_unfo
lding_bins//Acceptance_Mass_All_pT_xF_bin14.pdf Graphic file (type pdf)
<use /root/github/e906-development/src/AcceptanceCorrection/acceptance_no_unfol
ding_bins//Acceptance_Mass_All_pT_xF_bin14.pdf>
Package pdftex.def Info: /root/github/e906-development/src/AcceptanceCorrection
/acceptance_no_unfolding_bins//Acceptance_Mass_All_pT_xF_bin14.pdf  used on inp
ut line 3021.
(pdftex.def)             Requested size: 216.67201pt x 210.17342pt.
</root/github/e906-development/src/NewAcceptanceCorrection/RS67/Acceptance_Mass
_All_pT_xF_bin14.pdf, id=16565, 569.12625pt x 552.0625pt>
File: /root/github/e906-development/src/NewAcceptanceCorrection/RS67/Acceptance
_Mass_All_pT_xF_bin14.pdf Graphic file (type pdf)
<use /root/github/e906-development/src/NewAcceptanceCorrection/RS67/Acceptance_
Mass_All_pT_xF_bin14.pdf>
Package pdftex.def Info: /root/github/e906-development/src/NewAcceptanceCorrect
ion/RS67/Acceptance_Mass_All_pT_xF_bin14.pdf  used on input line 3021.
(pdftex.def)             Requested size: 216.67201pt x 210.17342pt.
 [228

 </root/github/e906-development/src/NewAcceptanceCorrection/RS67/Acceptance_Mas
s_All_pT_xF_bin14.pdf, page is rotated 90 degrees>]
</root/github/e906-development/src/Existing_Vs_Latest_Acceptance_Comparison/Com
pare_Latest_Vs_Existing_LH2_Acceptance_Mass_All_pT_xF_bin14.pdf, id=16616, 569.
12625pt x 552.0625pt>
File: /root/github/e906-development/src/Existing_Vs_Latest_Acceptance_Compariso
n/Compare_Latest_Vs_Existing_LH2_Acceptance_Mass_All_pT_xF_bin14.pdf Graphic fi
le (type pdf)
<use /root/github/e906-development/src/Existing_Vs_Latest_Acceptance_Comparison
/Compare_Latest_Vs_Existing_LH2_Acceptance_Mass_All_pT_xF_bin14.pdf>
Package pdftex.def Info: /root/github/e906-development/src/Existing_Vs_Latest_A
cceptance_Comparison/Compare_Latest_Vs_Existing_LH2_Acceptance_Mass_All_pT_xF_b
in14.pdf  used on input line 3034.
(pdftex.def)             Requested size: 216.67201pt x 210.17342pt.
</root/github/e906-development/src/Existing_Vs_Latest_Acceptance_Comparison/Com
pare_Latest_Vs_Existing_LD2_Acceptance_Mass_All_pT_xF_bin14.pdf, id=16617, 569.
12625pt x 552.0625pt>
File: /root/github/e906-development/src/Existing_Vs_Latest_Acceptance_Compariso
n/Compare_Latest_Vs_Existing_LD2_Acceptance_Mass_All_pT_xF_bin14.pdf Graphic fi
le (type pdf)
<use /root/github/e906-development/src/Existing_Vs_Latest_Acceptance_Comparison
/Compare_Latest_Vs_Existing_LD2_Acceptance_Mass_All_pT_xF_bin14.pdf>
Package pdftex.def Info: /root/github/e906-development/src/Existing_Vs_Latest_A
cceptance_Comparison/Compare_Latest_Vs_Existing_LD2_Acceptance_Mass_All_pT_xF_b
in14.pdf  used on input line 3034.
(pdftex.def)             Requested size: 216.67201pt x 210.17342pt.
 [229

 </root/github/e906-development/src/Existing_Vs_Latest_Acceptance_Comparison/Co
mpare_Latest_Vs_Existing_LH2_Acceptance_Mass_All_pT_xF_bin14.pdf, page is rotat
ed 90 degrees> </root/github/e906-development/src/Existing_Vs_Latest_Acceptance
_Comparison/Compare_Latest_Vs_Existing_LD2_Acceptance_Mass_All_pT_xF_bin14.pdf,
 page is rotated 90 degrees>]
File: /root/github/e906-development/src/AcceptanceCorrection/acceptance_no_unfo
lding_bins//acceptance_overlay_mass_sliced_by_xF_bin15.pdf Graphic file (type p
df)
<use /root/github/e906-development/src/AcceptanceCorrection/acceptance_no_unfol
ding_bins//acceptance_overlay_mass_sliced_by_xF_bin15.pdf>
Package pdftex.def Info: /root/github/e906-development/src/AcceptanceCorrection
/acceptance_no_unfolding_bins//acceptance_overlay_mass_sliced_by_xF_bin15.pdf  
used on input line 3047.
(pdftex.def)             Requested size: 216.67201pt x 155.52834pt.
</root/github/e906-development/src/NewAcceptanceCorrection/RS67/acceptance_over
lay_mass_sliced_by_xF_bin15.pdf, id=16712, 569.12625pt x 408.52625pt>
File: /root/github/e906-development/src/NewAcceptanceCorrection/RS67/acceptance
_overlay_mass_sliced_by_xF_bin15.pdf Graphic file (type pdf)
<use /root/github/e906-development/src/NewAcceptanceCorrection/RS67/acceptance_
overlay_mass_sliced_by_xF_bin15.pdf>
Package pdftex.def Info: /root/github/e906-development/src/NewAcceptanceCorrect
ion/RS67/acceptance_overlay_mass_sliced_by_xF_bin15.pdf  used on input line 304
7.
(pdftex.def)             Requested size: 216.67201pt x 155.52834pt.

[230

 </root/github/e906-development/src/NewAcceptanceCorrection/RS67/acceptance_ove
rlay_mass_sliced_by_xF_bin15.pdf, page is rotated 90 degrees>]
File: /root/github/e906-development/src/AcceptanceCorrection/acceptance_no_unfo
lding_bins//Acceptance_Mass_All_pT_xF_bin15.pdf Graphic file (type pdf)
<use /root/github/e906-development/src/AcceptanceCorrection/acceptance_no_unfol
ding_bins//Acceptance_Mass_All_pT_xF_bin15.pdf>
Package pdftex.def Info: /root/github/e906-development/src/AcceptanceCorrection
/acceptance_no_unfolding_bins//Acceptance_Mass_All_pT_xF_bin15.pdf  used on inp
ut line 3060.
(pdftex.def)             Requested size: 216.67201pt x 210.17342pt.
</root/github/e906-development/src/NewAcceptanceCorrection/RS67/Acceptance_Mass
_All_pT_xF_bin15.pdf, id=16764, 569.12625pt x 552.0625pt>
File: /root/github/e906-development/src/NewAcceptanceCorrection/RS67/Acceptance
_Mass_All_pT_xF_bin15.pdf Graphic file (type pdf)
<use /root/github/e906-development/src/NewAcceptanceCorrection/RS67/Acceptance_
Mass_All_pT_xF_bin15.pdf>
Package pdftex.def Info: /root/github/e906-development/src/NewAcceptanceCorrect
ion/RS67/Acceptance_Mass_All_pT_xF_bin15.pdf  used on input line 3060.
(pdftex.def)             Requested size: 216.67201pt x 210.17342pt.
 [231

 </root/github/e906-development/src/NewAcceptanceCorrection/RS67/Acceptance_Mas
s_All_pT_xF_bin15.pdf, page is rotated 90 degrees>]
</root/github/e906-development/src/Existing_Vs_Latest_Acceptance_Comparison/Com
pare_Latest_Vs_Existing_LH2_Acceptance_Mass_All_pT_xF_bin15.pdf, id=16815, 569.
12625pt x 552.0625pt>
File: /root/github/e906-development/src/Existing_Vs_Latest_Acceptance_Compariso
n/Compare_Latest_Vs_Existing_LH2_Acceptance_Mass_All_pT_xF_bin15.pdf Graphic fi
le (type pdf)
<use /root/github/e906-development/src/Existing_Vs_Latest_Acceptance_Comparison
/Compare_Latest_Vs_Existing_LH2_Acceptance_Mass_All_pT_xF_bin15.pdf>
Package pdftex.def Info: /root/github/e906-development/src/Existing_Vs_Latest_A
cceptance_Comparison/Compare_Latest_Vs_Existing_LH2_Acceptance_Mass_All_pT_xF_b
in15.pdf  used on input line 3073.
(pdftex.def)             Requested size: 216.67201pt x 210.17342pt.
</root/github/e906-development/src/Existing_Vs_Latest_Acceptance_Comparison/Com
pare_Latest_Vs_Existing_LD2_Acceptance_Mass_All_pT_xF_bin15.pdf, id=16816, 569.
12625pt x 552.0625pt>
File: /root/github/e906-development/src/Existing_Vs_Latest_Acceptance_Compariso
n/Compare_Latest_Vs_Existing_LD2_Acceptance_Mass_All_pT_xF_bin15.pdf Graphic fi
le (type pdf)
<use /root/github/e906-development/src/Existing_Vs_Latest_Acceptance_Comparison
/Compare_Latest_Vs_Existing_LD2_Acceptance_Mass_All_pT_xF_bin15.pdf>
Package pdftex.def Info: /root/github/e906-development/src/Existing_Vs_Latest_A
cceptance_Comparison/Compare_Latest_Vs_Existing_LD2_Acceptance_Mass_All_pT_xF_b
in15.pdf  used on input line 3073.
(pdftex.def)             Requested size: 216.67201pt x 210.17342pt.
 [232

 </root/github/e906-development/src/Existing_Vs_Latest_Acceptance_Comparison/Co
mpare_Latest_Vs_Existing_LH2_Acceptance_Mass_All_pT_xF_bin15.pdf, page is rotat
ed 90 degrees> </root/github/e906-development/src/Existing_Vs_Latest_Acceptance
_Comparison/Compare_Latest_Vs_Existing_LD2_Acceptance_Mass_All_pT_xF_bin15.pdf,
 page is rotated 90 degrees>]
File: /root/github/e906-development/src/AcceptanceCorrection/acceptance_no_unfo
lding_bins//acceptance_overlay_Integrated_mass.pdf Graphic file (type pdf)
<use /root/github/e906-development/src/AcceptanceCorrection/acceptance_no_unfol
ding_bins//acceptance_overlay_Integrated_mass.pdf>
Package pdftex.def Info: /root/github/e906-development/src/AcceptanceCorrection
/acceptance_no_unfolding_bins//acceptance_overlay_Integrated_mass.pdf  used on 
input line 3087.
(pdftex.def)             Requested size: 216.67201pt x 155.52834pt.
</root/github/e906-development/src/NewAcceptanceCorrection/RS70/acceptance_over
lay_Integrated_mass.pdf, id=16910, 569.12625pt x 408.52625pt>
File: /root/github/e906-development/src/NewAcceptanceCorrection/RS70/acceptance
_overlay_Integrated_mass.pdf Graphic file (type pdf)
<use /root/github/e906-development/src/NewAcceptanceCorrection/RS70/acceptance_
overlay_Integrated_mass.pdf>
Package pdftex.def Info: /root/github/e906-development/src/NewAcceptanceCorrect
ion/RS70/acceptance_overlay_Integrated_mass.pdf  used on input line 3087.
(pdftex.def)             Requested size: 216.67201pt x 155.52834pt.

[233

 </root/github/e906-development/src/NewAcceptanceCorrection/RS70/acceptance_ove
rlay_Integrated_mass.pdf, page is rotated 90 degrees>]
File: /root/github/e906-development/src/AcceptanceCorrection/acceptance_no_unfo
lding_bins//Acceptance_Mass_All_xF_pT.pdf Graphic file (type pdf)
<use /root/github/e906-development/src/AcceptanceCorrection/acceptance_no_unfol
ding_bins//Acceptance_Mass_All_xF_pT.pdf>
Package pdftex.def Info: /root/github/e906-development/src/AcceptanceCorrection
/acceptance_no_unfolding_bins//Acceptance_Mass_All_xF_pT.pdf  used on input lin
e 3100.
(pdftex.def)             Requested size: 216.67201pt x 210.17342pt.
</root/github/e906-development/src/NewAcceptanceCorrection/RS70/Acceptance_Mass
_All_xF_pT.pdf, id=16962, 569.12625pt x 552.0625pt>
File: /root/github/e906-development/src/NewAcceptanceCorrection/RS70/Acceptance
_Mass_All_xF_pT.pdf Graphic file (type pdf)
<use /root/github/e906-development/src/NewAcceptanceCorrection/RS70/Acceptance_
Mass_All_xF_pT.pdf>
Package pdftex.def Info: /root/github/e906-development/src/NewAcceptanceCorrect
ion/RS70/Acceptance_Mass_All_xF_pT.pdf  used on input line 3100.
(pdftex.def)             Requested size: 216.67201pt x 210.17342pt.
 [234

 </root/github/e906-development/src/NewAcceptanceCorrection/RS70/Acceptance_Mas
s_All_xF_pT.pdf, page is rotated 90 degrees>]
</root/github/e906-development/src/NewAcceptanceCorrection/RS70/Existing_Vs_Lat
est_Acceptance_Comparison/Compare_Latest_Vs_Existing_LH2_Acceptance_Mass_All_xF
_pT.pdf, id=17013, 569.12625pt x 552.0625pt>
File: /root/github/e906-development/src/NewAcceptanceCorrection/RS70/Existing_V
s_Latest_Acceptance_Comparison/Compare_Latest_Vs_Existing_LH2_Acceptance_Mass_A
ll_xF_pT.pdf Graphic file (type pdf)
<use /root/github/e906-development/src/NewAcceptanceCorrection/RS70/Existing_Vs
_Latest_Acceptance_Comparison/Compare_Latest_Vs_Existing_LH2_Acceptance_Mass_Al
l_xF_pT.pdf>
Package pdftex.def Info: /root/github/e906-development/src/NewAcceptanceCorrect
ion/RS70/Existing_Vs_Latest_Acceptance_Comparison/Compare_Latest_Vs_Existing_LH
2_Acceptance_Mass_All_xF_pT.pdf  used on input line 3113.
(pdftex.def)             Requested size: 216.67201pt x 210.17342pt.
</root/github/e906-development/src/NewAcceptanceCorrection/RS70/Existing_Vs_Lat
est_Acceptance_Comparison/Compare_Latest_Vs_Existing_LD2_Acceptance_Mass_All_xF
_pT.pdf, id=17014, 569.12625pt x 552.0625pt>
File: /root/github/e906-development/src/NewAcceptanceCorrection/RS70/Existing_V
s_Latest_Acceptance_Comparison/Compare_Latest_Vs_Existing_LD2_Acceptance_Mass_A
ll_xF_pT.pdf Graphic file (type pdf)
<use /root/github/e906-development/src/NewAcceptanceCorrection/RS70/Existing_Vs
_Latest_Acceptance_Comparison/Compare_Latest_Vs_Existing_LD2_Acceptance_Mass_Al
l_xF_pT.pdf>
Package pdftex.def Info: /root/github/e906-development/src/NewAcceptanceCorrect
ion/RS70/Existing_Vs_Latest_Acceptance_Comparison/Compare_Latest_Vs_Existing_LD
2_Acceptance_Mass_All_xF_pT.pdf  used on input line 3113.
(pdftex.def)             Requested size: 216.67201pt x 210.17342pt.
 [235

 </root/github/e906-development/src/NewAcceptanceCorrection/RS70/Existing_Vs_La
test_Acceptance_Comparison/Compare_Latest_Vs_Existing_LH2_Acceptance_Mass_All_x
F_pT.pdf, page is rotated 90 degrees> </root/github/e906-development/src/NewAcc
eptanceCorrection/RS70/Existing_Vs_Latest_Acceptance_Comparison/Compare_Latest_
Vs_Existing_LD2_Acceptance_Mass_All_xF_pT.pdf, page is rotated 90 degrees>]

Package hyperref Warning: Token not allowed in a PDF string (Unicode):
(hyperref)                removing `math shift' on input line 3114.


Package hyperref Warning: Token not allowed in a PDF string (Unicode):
(hyperref)                removing `subscript' on input line 3114.


Package hyperref Warning: Token not allowed in a PDF string (Unicode):
(hyperref)                removing `math shift' on input line 3114.

File: /root/github/e906-development/src/AcceptanceCorrection/acceptance_no_unfo
lding_bins//acceptance_overlay_Integrated_xF.pdf Graphic file (type pdf)
<use /root/github/e906-development/src/AcceptanceCorrection/acceptance_no_unfol
ding_bins//acceptance_overlay_Integrated_xF.pdf>
Package pdftex.def Info: /root/github/e906-development/src/AcceptanceCorrection
/acceptance_no_unfolding_bins//acceptance_overlay_Integrated_xF.pdf  used on in
put line 3127.
(pdftex.def)             Requested size: 216.67201pt x 155.52834pt.
</root/github/e906-development/src/NewAcceptanceCorrection/RS70/acceptance_over
lay_Integrated_xF.pdf, id=17109, 569.12625pt x 408.52625pt>
File: /root/github/e906-development/src/NewAcceptanceCorrection/RS70/acceptance
_overlay_Integrated_xF.pdf Graphic file (type pdf)
<use /root/github/e906-development/src/NewAcceptanceCorrection/RS70/acceptance_
overlay_Integrated_xF.pdf>
Package pdftex.def Info: /root/github/e906-development/src/NewAcceptanceCorrect
ion/RS70/acceptance_overlay_Integrated_xF.pdf  used on input line 3127.
(pdftex.def)             Requested size: 216.67201pt x 155.52834pt.
[236

 </root/github/e906-development/src/NewAcceptanceCorrection/RS70/acceptance_ove
rlay_Integrated_xF.pdf, page is rotated 90 degrees>]
File: /root/github/e906-development/src/AcceptanceCorrection/acceptance_no_unfo
lding_bins//Acceptance_xF_All_Mass_pT.pdf Graphic file (type pdf)
<use /root/github/e906-development/src/AcceptanceCorrection/acceptance_no_unfol
ding_bins//Acceptance_xF_All_Mass_pT.pdf>
Package pdftex.def Info: /root/github/e906-development/src/AcceptanceCorrection
/acceptance_no_unfolding_bins//Acceptance_xF_All_Mass_pT.pdf  used on input lin
e 3140.
(pdftex.def)             Requested size: 216.67201pt x 210.17342pt.
</root/github/e906-development/src/NewAcceptanceCorrection/RS70/Acceptance_xF_A
ll_Mass_pT.pdf, id=17160, 569.12625pt x 552.0625pt>
File: /root/github/e906-development/src/NewAcceptanceCorrection/RS70/Acceptance
_xF_All_Mass_pT.pdf Graphic file (type pdf)
<use /root/github/e906-development/src/NewAcceptanceCorrection/RS70/Acceptance_
xF_All_Mass_pT.pdf>
Package pdftex.def Info: /root/github/e906-development/src/NewAcceptanceCorrect
ion/RS70/Acceptance_xF_All_Mass_pT.pdf  used on input line 3140.
(pdftex.def)             Requested size: 216.67201pt x 210.17342pt.
 [237

 </root/github/e906-development/src/NewAcceptanceCorrection/RS70/Acceptance_xF_
All_Mass_pT.pdf, page is rotated 90 degrees>]
</root/github/e906-development/src/NewAcceptanceCorrection/RS70/Existing_Vs_Lat
est_Acceptance_Comparison/Compare_Latest_Vs_Existing_LH2_Acceptance_xF_All_Mass
_pT.pdf, id=17212, 569.12625pt x 552.0625pt>
File: /root/github/e906-development/src/NewAcceptanceCorrection/RS70/Existing_V
s_Latest_Acceptance_Comparison/Compare_Latest_Vs_Existing_LH2_Acceptance_xF_All
_Mass_pT.pdf Graphic file (type pdf)
<use /root/github/e906-development/src/NewAcceptanceCorrection/RS70/Existing_Vs
_Latest_Acceptance_Comparison/Compare_Latest_Vs_Existing_LH2_Acceptance_xF_All_
Mass_pT.pdf>
Package pdftex.def Info: /root/github/e906-development/src/NewAcceptanceCorrect
ion/RS70/Existing_Vs_Latest_Acceptance_Comparison/Compare_Latest_Vs_Existing_LH
2_Acceptance_xF_All_Mass_pT.pdf  used on input line 3153.
(pdftex.def)             Requested size: 216.67201pt x 210.17342pt.
</root/github/e906-development/src/NewAcceptanceCorrection/RS70/Existing_Vs_Lat
est_Acceptance_Comparison/Compare_Latest_Vs_Existing_LD2_Acceptance_xF_All_Mass
_pT.pdf, id=17213, 569.12625pt x 552.0625pt>
File: /root/github/e906-development/src/NewAcceptanceCorrection/RS70/Existing_V
s_Latest_Acceptance_Comparison/Compare_Latest_Vs_Existing_LD2_Acceptance_xF_All
_Mass_pT.pdf Graphic file (type pdf)
<use /root/github/e906-development/src/NewAcceptanceCorrection/RS70/Existing_Vs
_Latest_Acceptance_Comparison/Compare_Latest_Vs_Existing_LD2_Acceptance_xF_All_
Mass_pT.pdf>
Package pdftex.def Info: /root/github/e906-development/src/NewAcceptanceCorrect
ion/RS70/Existing_Vs_Latest_Acceptance_Comparison/Compare_Latest_Vs_Existing_LD
2_Acceptance_xF_All_Mass_pT.pdf  used on input line 3153.
(pdftex.def)             Requested size: 216.67201pt x 210.17342pt.
 [238

 </root/github/e906-development/src/NewAcceptanceCorrection/RS70/Existing_Vs_La
test_Acceptance_Comparison/Compare_Latest_Vs_Existing_LH2_Acceptance_xF_All_Mas
s_pT.pdf, page is rotated 90 degrees> </root/github/e906-development/src/NewAcc
eptanceCorrection/RS70/Existing_Vs_Latest_Acceptance_Comparison/Compare_Latest_
Vs_Existing_LD2_Acceptance_xF_All_Mass_pT.pdf, page is rotated 90 degrees>]

Package hyperref Warning: Token not allowed in a PDF string (Unicode):
(hyperref)                removing `math shift' on input line 3154.


Package hyperref Warning: Token not allowed in a PDF string (Unicode):
(hyperref)                removing `subscript' on input line 3154.


Package hyperref Warning: Token not allowed in a PDF string (Unicode):
(hyperref)                removing `math shift' on input line 3154.

File: /root/github/e906-development/src/AcceptanceCorrection/acceptance_no_unfo
lding_bins//acceptance_overlay_Integrated_pT.pdf Graphic file (type pdf)
<use /root/github/e906-development/src/AcceptanceCorrection/acceptance_no_unfol
ding_bins//acceptance_overlay_Integrated_pT.pdf>
Package pdftex.def Info: /root/github/e906-development/src/AcceptanceCorrection
/acceptance_no_unfolding_bins//acceptance_overlay_Integrated_pT.pdf  used on in
put line 3167.
(pdftex.def)             Requested size: 216.67201pt x 155.52834pt.
</root/github/e906-development/src/NewAcceptanceCorrection/RS70/acceptance_over
lay_Integrated_pT.pdf, id=17307, 569.12625pt x 408.52625pt>
File: /root/github/e906-development/src/NewAcceptanceCorrection/RS70/acceptance
_overlay_Integrated_pT.pdf Graphic file (type pdf)
<use /root/github/e906-development/src/NewAcceptanceCorrection/RS70/acceptance_
overlay_Integrated_pT.pdf>
Package pdftex.def Info: /root/github/e906-development/src/NewAcceptanceCorrect
ion/RS70/acceptance_overlay_Integrated_pT.pdf  used on input line 3167.
(pdftex.def)             Requested size: 216.67201pt x 155.52834pt.
[239

 </root/github/e906-development/src/NewAcceptanceCorrection/RS70/acceptance_ove
rlay_Integrated_pT.pdf, page is rotated 90 degrees>]
File: /root/github/e906-development/src/AcceptanceCorrection/acceptance_no_unfo
lding_bins//Acceptance_pT_All_Mass_xF.pdf Graphic file (type pdf)
<use /root/github/e906-development/src/AcceptanceCorrection/acceptance_no_unfol
ding_bins//Acceptance_pT_All_Mass_xF.pdf>
Package pdftex.def Info: /root/github/e906-development/src/AcceptanceCorrection
/acceptance_no_unfolding_bins//Acceptance_pT_All_Mass_xF.pdf  used on input lin
e 3180.
(pdftex.def)             Requested size: 216.67201pt x 210.17342pt.
</root/github/e906-development/src/NewAcceptanceCorrection/RS70/Acceptance_pT_A
ll_Mass_xF.pdf, id=17358, 569.12625pt x 552.0625pt>
File: /root/github/e906-development/src/NewAcceptanceCorrection/RS70/Acceptance
_pT_All_Mass_xF.pdf Graphic file (type pdf)
<use /root/github/e906-development/src/NewAcceptanceCorrection/RS70/Acceptance_
pT_All_Mass_xF.pdf>
Package pdftex.def Info: /root/github/e906-development/src/NewAcceptanceCorrect
ion/RS70/Acceptance_pT_All_Mass_xF.pdf  used on input line 3180.
(pdftex.def)             Requested size: 216.67201pt x 210.17342pt.
 [240

 </root/github/e906-development/src/NewAcceptanceCorrection/RS70/Acceptance_pT_
All_Mass_xF.pdf, page is rotated 90 degrees>]
</root/github/e906-development/src/NewAcceptanceCorrection/RS70/Existing_Vs_Lat
est_Acceptance_Comparison/Compare_Latest_Vs_Existing_LH2_Acceptance_pT_All_Mass
_xF.pdf, id=17410, 569.12625pt x 552.0625pt>
File: /root/github/e906-development/src/NewAcceptanceCorrection/RS70/Existing_V
s_Latest_Acceptance_Comparison/Compare_Latest_Vs_Existing_LH2_Acceptance_pT_All
_Mass_xF.pdf Graphic file (type pdf)
<use /root/github/e906-development/src/NewAcceptanceCorrection/RS70/Existing_Vs
_Latest_Acceptance_Comparison/Compare_Latest_Vs_Existing_LH2_Acceptance_pT_All_
Mass_xF.pdf>
Package pdftex.def Info: /root/github/e906-development/src/NewAcceptanceCorrect
ion/RS70/Existing_Vs_Latest_Acceptance_Comparison/Compare_Latest_Vs_Existing_LH
2_Acceptance_pT_All_Mass_xF.pdf  used on input line 3193.
(pdftex.def)             Requested size: 216.67201pt x 210.17342pt.
</root/github/e906-development/src/NewAcceptanceCorrection/RS70/Existing_Vs_Lat
est_Acceptance_Comparison/Compare_Latest_Vs_Existing_LD2_Acceptance_pT_All_Mass
_xF.pdf, id=17411, 569.12625pt x 552.0625pt>
File: /root/github/e906-development/src/NewAcceptanceCorrection/RS70/Existing_V
s_Latest_Acceptance_Comparison/Compare_Latest_Vs_Existing_LD2_Acceptance_pT_All
_Mass_xF.pdf Graphic file (type pdf)
<use /root/github/e906-development/src/NewAcceptanceCorrection/RS70/Existing_Vs
_Latest_Acceptance_Comparison/Compare_Latest_Vs_Existing_LD2_Acceptance_pT_All_
Mass_xF.pdf>
Package pdftex.def Info: /root/github/e906-development/src/NewAcceptanceCorrect
ion/RS70/Existing_Vs_Latest_Acceptance_Comparison/Compare_Latest_Vs_Existing_LD
2_Acceptance_pT_All_Mass_xF.pdf  used on input line 3193.
(pdftex.def)             Requested size: 216.67201pt x 210.17342pt.
 [241

 </root/github/e906-development/src/NewAcceptanceCorrection/RS70/Existing_Vs_La
test_Acceptance_Comparison/Compare_Latest_Vs_Existing_LH2_Acceptance_pT_All_Mas
s_xF.pdf, page is rotated 90 degrees> </root/github/e906-development/src/NewAcc
eptanceCorrection/RS70/Existing_Vs_Latest_Acceptance_Comparison/Compare_Latest_
Vs_Existing_LD2_Acceptance_pT_All_Mass_xF.pdf, page is rotated 90 degrees>]

Package hyperref Warning: Token not allowed in a PDF string (Unicode):
(hyperref)                removing `math shift' on input line 3194.


Package hyperref Warning: Token not allowed in a PDF string (Unicode):
(hyperref)                removing `subscript' on input line 3194.


Package hyperref Warning: Token not allowed in a PDF string (Unicode):
(hyperref)                removing `math shift' on input line 3194.

File: /root/github/e906-development/src/AcceptanceCorrection/acceptance_no_unfo
lding_bins//acceptance_overlay_mass_sliced_by_xF_bin0.pdf Graphic file (type pd
f)
<use /root/github/e906-development/src/AcceptanceCorrection/acceptance_no_unfol
ding_bins//acceptance_overlay_mass_sliced_by_xF_bin0.pdf>
Package pdftex.def Info: /root/github/e906-development/src/AcceptanceCorrection
/acceptance_no_unfolding_bins//acceptance_overlay_mass_sliced_by_xF_bin0.pdf  u
sed on input line 3207.
(pdftex.def)             Requested size: 216.67201pt x 155.52834pt.
</root/github/e906-development/src/NewAcceptanceCorrection/RS70/acceptance_over
lay_mass_sliced_by_xF_bin0.pdf, id=17506, 569.12625pt x 408.52625pt>
File: /root/github/e906-development/src/NewAcceptanceCorrection/RS70/acceptance
_overlay_mass_sliced_by_xF_bin0.pdf Graphic file (type pdf)
<use /root/github/e906-development/src/NewAcceptanceCorrection/RS70/acceptance_
overlay_mass_sliced_by_xF_bin0.pdf>
Package pdftex.def Info: /root/github/e906-development/src/NewAcceptanceCorrect
ion/RS70/acceptance_overlay_mass_sliced_by_xF_bin0.pdf  used on input line 3207
.
(pdftex.def)             Requested size: 216.67201pt x 155.52834pt.
[242

 </root/github/e906-development/src/NewAcceptanceCorrection/RS70/acceptance_ove
rlay_mass_sliced_by_xF_bin0.pdf, page is rotated 90 degrees>]
File: /root/github/e906-development/src/AcceptanceCorrection/acceptance_no_unfo
lding_bins//Acceptance_Mass_All_pT_xF_bin0.pdf Graphic file (type pdf)
<use /root/github/e906-development/src/AcceptanceCorrection/acceptance_no_unfol
ding_bins//Acceptance_Mass_All_pT_xF_bin0.pdf>
Package pdftex.def Info: /root/github/e906-development/src/AcceptanceCorrection
/acceptance_no_unfolding_bins//Acceptance_Mass_All_pT_xF_bin0.pdf  used on inpu
t line 3220.
(pdftex.def)             Requested size: 216.67201pt x 210.17342pt.
</root/github/e906-development/src/NewAcceptanceCorrection/RS70/Acceptance_Mass
_All_pT_xF_bin0.pdf, id=17557, 569.12625pt x 552.0625pt>
File: /root/github/e906-development/src/NewAcceptanceCorrection/RS70/Acceptance
_Mass_All_pT_xF_bin0.pdf Graphic file (type pdf)
<use /root/github/e906-development/src/NewAcceptanceCorrection/RS70/Acceptance_
Mass_All_pT_xF_bin0.pdf>
Package pdftex.def Info: /root/github/e906-development/src/NewAcceptanceCorrect
ion/RS70/Acceptance_Mass_All_pT_xF_bin0.pdf  used on input line 3220.
(pdftex.def)             Requested size: 216.67201pt x 210.17342pt.
 [243

 </root/github/e906-development/src/NewAcceptanceCorrection/RS70/Acceptance_Mas
s_All_pT_xF_bin0.pdf, page is rotated 90 degrees>]
</root/github/e906-development/src/NewAcceptanceCorrection/RS70/Existing_Vs_Lat
est_Acceptance_Comparison/Compare_Latest_Vs_Existing_LH2_Acceptance_Mass_All_pT
_xF_bin0.pdf, id=17608, 569.12625pt x 552.0625pt>
File: /root/github/e906-development/src/NewAcceptanceCorrection/RS70/Existing_V
s_Latest_Acceptance_Comparison/Compare_Latest_Vs_Existing_LH2_Acceptance_Mass_A
ll_pT_xF_bin0.pdf Graphic file (type pdf)
<use /root/github/e906-development/src/NewAcceptanceCorrection/RS70/Existing_Vs
_Latest_Acceptance_Comparison/Compare_Latest_Vs_Existing_LH2_Acceptance_Mass_Al
l_pT_xF_bin0.pdf>
Package pdftex.def Info: /root/github/e906-development/src/NewAcceptanceCorrect
ion/RS70/Existing_Vs_Latest_Acceptance_Comparison/Compare_Latest_Vs_Existing_LH
2_Acceptance_Mass_All_pT_xF_bin0.pdf  used on input line 3233.
(pdftex.def)             Requested size: 216.67201pt x 210.17342pt.
</root/github/e906-development/src/NewAcceptanceCorrection/RS70/Existing_Vs_Lat
est_Acceptance_Comparison/Compare_Latest_Vs_Existing_LD2_Acceptance_Mass_All_pT
_xF_bin0.pdf, id=17609, 569.12625pt x 552.0625pt>
File: /root/github/e906-development/src/NewAcceptanceCorrection/RS70/Existing_V
s_Latest_Acceptance_Comparison/Compare_Latest_Vs_Existing_LD2_Acceptance_Mass_A
ll_pT_xF_bin0.pdf Graphic file (type pdf)
<use /root/github/e906-development/src/NewAcceptanceCorrection/RS70/Existing_Vs
_Latest_Acceptance_Comparison/Compare_Latest_Vs_Existing_LD2_Acceptance_Mass_Al
l_pT_xF_bin0.pdf>
Package pdftex.def Info: /root/github/e906-development/src/NewAcceptanceCorrect
ion/RS70/Existing_Vs_Latest_Acceptance_Comparison/Compare_Latest_Vs_Existing_LD
2_Acceptance_Mass_All_pT_xF_bin0.pdf  used on input line 3233.
(pdftex.def)             Requested size: 216.67201pt x 210.17342pt.
 [244

 </root/github/e906-development/src/NewAcceptanceCorrection/RS70/Existing_Vs_La
test_Acceptance_Comparison/Compare_Latest_Vs_Existing_LH2_Acceptance_Mass_All_p
T_xF_bin0.pdf, page is rotated 90 degrees> </root/github/e906-development/src/N
ewAcceptanceCorrection/RS70/Existing_Vs_Latest_Acceptance_Comparison/Compare_La
test_Vs_Existing_LD2_Acceptance_Mass_All_pT_xF_bin0.pdf, page is rotated 90 deg
rees>]
File: /root/github/e906-development/src/AcceptanceCorrection/acceptance_no_unfo
lding_bins//acceptance_overlay_mass_sliced_by_xF_bin1.pdf Graphic file (type pd
f)
<use /root/github/e906-development/src/AcceptanceCorrection/acceptance_no_unfol
ding_bins//acceptance_overlay_mass_sliced_by_xF_bin1.pdf>
Package pdftex.def Info: /root/github/e906-development/src/AcceptanceCorrection
/acceptance_no_unfolding_bins//acceptance_overlay_mass_sliced_by_xF_bin1.pdf  u
sed on input line 3246.
(pdftex.def)             Requested size: 216.67201pt x 155.52834pt.
</root/github/e906-development/src/NewAcceptanceCorrection/RS70/acceptance_over
lay_mass_sliced_by_xF_bin1.pdf, id=17704, 569.12625pt x 408.52625pt>
File: /root/github/e906-development/src/NewAcceptanceCorrection/RS70/acceptance
_overlay_mass_sliced_by_xF_bin1.pdf Graphic file (type pdf)
<use /root/github/e906-development/src/NewAcceptanceCorrection/RS70/acceptance_
overlay_mass_sliced_by_xF_bin1.pdf>
Package pdftex.def Info: /root/github/e906-development/src/NewAcceptanceCorrect
ion/RS70/acceptance_overlay_mass_sliced_by_xF_bin1.pdf  used on input line 3246
.
(pdftex.def)             Requested size: 216.67201pt x 155.52834pt.
 [245

 </root/github/e906-development/src/NewAcceptanceCorrection/RS70/acceptance_ove
rlay_mass_sliced_by_xF_bin1.pdf, page is rotated 90 degrees>]
File: /root/github/e906-development/src/AcceptanceCorrection/acceptance_no_unfo
lding_bins//Acceptance_Mass_All_pT_xF_bin1.pdf Graphic file (type pdf)
<use /root/github/e906-development/src/AcceptanceCorrection/acceptance_no_unfol
ding_bins//Acceptance_Mass_All_pT_xF_bin1.pdf>
Package pdftex.def Info: /root/github/e906-development/src/AcceptanceCorrection
/acceptance_no_unfolding_bins//Acceptance_Mass_All_pT_xF_bin1.pdf  used on inpu
t line 3259.
(pdftex.def)             Requested size: 216.67201pt x 210.17342pt.
</root/github/e906-development/src/NewAcceptanceCorrection/RS70/Acceptance_Mass
_All_pT_xF_bin1.pdf, id=17755, 569.12625pt x 552.0625pt>
File: /root/github/e906-development/src/NewAcceptanceCorrection/RS70/Acceptance
_Mass_All_pT_xF_bin1.pdf Graphic file (type pdf)
<use /root/github/e906-development/src/NewAcceptanceCorrection/RS70/Acceptance_
Mass_All_pT_xF_bin1.pdf>
Package pdftex.def Info: /root/github/e906-development/src/NewAcceptanceCorrect
ion/RS70/Acceptance_Mass_All_pT_xF_bin1.pdf  used on input line 3259.
(pdftex.def)             Requested size: 216.67201pt x 210.17342pt.
 [246

 </root/github/e906-development/src/NewAcceptanceCorrection/RS70/Acceptance_Mas
s_All_pT_xF_bin1.pdf, page is rotated 90 degrees>]
</root/github/e906-development/src/NewAcceptanceCorrection/RS70/Existing_Vs_Lat
est_Acceptance_Comparison/Compare_Latest_Vs_Existing_LH2_Acceptance_Mass_All_pT
_xF_bin1.pdf, id=17806, 569.12625pt x 552.0625pt>
File: /root/github/e906-development/src/NewAcceptanceCorrection/RS70/Existing_V
s_Latest_Acceptance_Comparison/Compare_Latest_Vs_Existing_LH2_Acceptance_Mass_A
ll_pT_xF_bin1.pdf Graphic file (type pdf)
<use /root/github/e906-development/src/NewAcceptanceCorrection/RS70/Existing_Vs
_Latest_Acceptance_Comparison/Compare_Latest_Vs_Existing_LH2_Acceptance_Mass_Al
l_pT_xF_bin1.pdf>
Package pdftex.def Info: /root/github/e906-development/src/NewAcceptanceCorrect
ion/RS70/Existing_Vs_Latest_Acceptance_Comparison/Compare_Latest_Vs_Existing_LH
2_Acceptance_Mass_All_pT_xF_bin1.pdf  used on input line 3272.
(pdftex.def)             Requested size: 216.67201pt x 210.17342pt.
</root/github/e906-development/src/NewAcceptanceCorrection/RS70/Existing_Vs_Lat
est_Acceptance_Comparison/Compare_Latest_Vs_Existing_LD2_Acceptance_Mass_All_pT
_xF_bin1.pdf, id=17807, 569.12625pt x 552.0625pt>
File: /root/github/e906-development/src/NewAcceptanceCorrection/RS70/Existing_V
s_Latest_Acceptance_Comparison/Compare_Latest_Vs_Existing_LD2_Acceptance_Mass_A
ll_pT_xF_bin1.pdf Graphic file (type pdf)
<use /root/github/e906-development/src/NewAcceptanceCorrection/RS70/Existing_Vs
_Latest_Acceptance_Comparison/Compare_Latest_Vs_Existing_LD2_Acceptance_Mass_Al
l_pT_xF_bin1.pdf>
Package pdftex.def Info: /root/github/e906-development/src/NewAcceptanceCorrect
ion/RS70/Existing_Vs_Latest_Acceptance_Comparison/Compare_Latest_Vs_Existing_LD
2_Acceptance_Mass_All_pT_xF_bin1.pdf  used on input line 3272.
(pdftex.def)             Requested size: 216.67201pt x 210.17342pt.
 [247

 </root/github/e906-development/src/NewAcceptanceCorrection/RS70/Existing_Vs_La
test_Acceptance_Comparison/Compare_Latest_Vs_Existing_LH2_Acceptance_Mass_All_p
T_xF_bin1.pdf, page is rotated 90 degrees> </root/github/e906-development/src/N
ewAcceptanceCorrection/RS70/Existing_Vs_Latest_Acceptance_Comparison/Compare_La
test_Vs_Existing_LD2_Acceptance_Mass_All_pT_xF_bin1.pdf, page is rotated 90 deg
rees>]
File: /root/github/e906-development/src/AcceptanceCorrection/acceptance_no_unfo
lding_bins//acceptance_overlay_mass_sliced_by_xF_bin2.pdf Graphic file (type pd
f)
<use /root/github/e906-development/src/AcceptanceCorrection/acceptance_no_unfol
ding_bins//acceptance_overlay_mass_sliced_by_xF_bin2.pdf>
Package pdftex.def Info: /root/github/e906-development/src/AcceptanceCorrection
/acceptance_no_unfolding_bins//acceptance_overlay_mass_sliced_by_xF_bin2.pdf  u
sed on input line 3285.
(pdftex.def)             Requested size: 216.67201pt x 155.52834pt.
</root/github/e906-development/src/NewAcceptanceCorrection/RS70/acceptance_over
lay_mass_sliced_by_xF_bin2.pdf, id=17903, 569.12625pt x 408.52625pt>
File: /root/github/e906-development/src/NewAcceptanceCorrection/RS70/acceptance
_overlay_mass_sliced_by_xF_bin2.pdf Graphic file (type pdf)
<use /root/github/e906-development/src/NewAcceptanceCorrection/RS70/acceptance_
overlay_mass_sliced_by_xF_bin2.pdf>
Package pdftex.def Info: /root/github/e906-development/src/NewAcceptanceCorrect
ion/RS70/acceptance_overlay_mass_sliced_by_xF_bin2.pdf  used on input line 3285
.
(pdftex.def)             Requested size: 216.67201pt x 155.52834pt.
 [248

 </root/github/e906-development/src/NewAcceptanceCorrection/RS70/acceptance_ove
rlay_mass_sliced_by_xF_bin2.pdf, page is rotated 90 degrees>]
File: /root/github/e906-development/src/AcceptanceCorrection/acceptance_no_unfo
lding_bins//Acceptance_Mass_All_pT_xF_bin2.pdf Graphic file (type pdf)
<use /root/github/e906-development/src/AcceptanceCorrection/acceptance_no_unfol
ding_bins//Acceptance_Mass_All_pT_xF_bin2.pdf>
Package pdftex.def Info: /root/github/e906-development/src/AcceptanceCorrection
/acceptance_no_unfolding_bins//Acceptance_Mass_All_pT_xF_bin2.pdf  used on inpu
t line 3298.
(pdftex.def)             Requested size: 216.67201pt x 210.17342pt.
</root/github/e906-development/src/NewAcceptanceCorrection/RS70/Acceptance_Mass
_All_pT_xF_bin2.pdf, id=17954, 569.12625pt x 552.0625pt>
File: /root/github/e906-development/src/NewAcceptanceCorrection/RS70/Acceptance
_Mass_All_pT_xF_bin2.pdf Graphic file (type pdf)
<use /root/github/e906-development/src/NewAcceptanceCorrection/RS70/Acceptance_
Mass_All_pT_xF_bin2.pdf>
Package pdftex.def Info: /root/github/e906-development/src/NewAcceptanceCorrect
ion/RS70/Acceptance_Mass_All_pT_xF_bin2.pdf  used on input line 3298.
(pdftex.def)             Requested size: 216.67201pt x 210.17342pt.
 [249

 </root/github/e906-development/src/NewAcceptanceCorrection/RS70/Acceptance_Mas
s_All_pT_xF_bin2.pdf, page is rotated 90 degrees>]
</root/github/e906-development/src/NewAcceptanceCorrection/RS70/Existing_Vs_Lat
est_Acceptance_Comparison/Compare_Latest_Vs_Existing_LH2_Acceptance_Mass_All_pT
_xF_bin2.pdf, id=18005, 569.12625pt x 552.0625pt>
File: /root/github/e906-development/src/NewAcceptanceCorrection/RS70/Existing_V
s_Latest_Acceptance_Comparison/Compare_Latest_Vs_Existing_LH2_Acceptance_Mass_A
ll_pT_xF_bin2.pdf Graphic file (type pdf)
<use /root/github/e906-development/src/NewAcceptanceCorrection/RS70/Existing_Vs
_Latest_Acceptance_Comparison/Compare_Latest_Vs_Existing_LH2_Acceptance_Mass_Al
l_pT_xF_bin2.pdf>
Package pdftex.def Info: /root/github/e906-development/src/NewAcceptanceCorrect
ion/RS70/Existing_Vs_Latest_Acceptance_Comparison/Compare_Latest_Vs_Existing_LH
2_Acceptance_Mass_All_pT_xF_bin2.pdf  used on input line 3311.
(pdftex.def)             Requested size: 216.67201pt x 210.17342pt.
</root/github/e906-development/src/NewAcceptanceCorrection/RS70/Existing_Vs_Lat
est_Acceptance_Comparison/Compare_Latest_Vs_Existing_LD2_Acceptance_Mass_All_pT
_xF_bin2.pdf, id=18006, 569.12625pt x 552.0625pt>
File: /root/github/e906-development/src/NewAcceptanceCorrection/RS70/Existing_V
s_Latest_Acceptance_Comparison/Compare_Latest_Vs_Existing_LD2_Acceptance_Mass_A
ll_pT_xF_bin2.pdf Graphic file (type pdf)
<use /root/github/e906-development/src/NewAcceptanceCorrection/RS70/Existing_Vs
_Latest_Acceptance_Comparison/Compare_Latest_Vs_Existing_LD2_Acceptance_Mass_Al
l_pT_xF_bin2.pdf>
Package pdftex.def Info: /root/github/e906-development/src/NewAcceptanceCorrect
ion/RS70/Existing_Vs_Latest_Acceptance_Comparison/Compare_Latest_Vs_Existing_LD
2_Acceptance_Mass_All_pT_xF_bin2.pdf  used on input line 3311.
(pdftex.def)             Requested size: 216.67201pt x 210.17342pt.
 [250

 </root/github/e906-development/src/NewAcceptanceCorrection/RS70/Existing_Vs_La
test_Acceptance_Comparison/Compare_Latest_Vs_Existing_LH2_Acceptance_Mass_All_p
T_xF_bin2.pdf, page is rotated 90 degrees> </root/github/e906-development/src/N
ewAcceptanceCorrection/RS70/Existing_Vs_Latest_Acceptance_Comparison/Compare_La
test_Vs_Existing_LD2_Acceptance_Mass_All_pT_xF_bin2.pdf, page is rotated 90 deg
rees>]
File: /root/github/e906-development/src/AcceptanceCorrection/acceptance_no_unfo
lding_bins//acceptance_overlay_mass_sliced_by_xF_bin3.pdf Graphic file (type pd
f)
<use /root/github/e906-development/src/AcceptanceCorrection/acceptance_no_unfol
ding_bins//acceptance_overlay_mass_sliced_by_xF_bin3.pdf>
Package pdftex.def Info: /root/github/e906-development/src/AcceptanceCorrection
/acceptance_no_unfolding_bins//acceptance_overlay_mass_sliced_by_xF_bin3.pdf  u
sed on input line 3324.
(pdftex.def)             Requested size: 216.67201pt x 155.52834pt.
</root/github/e906-development/src/NewAcceptanceCorrection/RS70/acceptance_over
lay_mass_sliced_by_xF_bin3.pdf, id=18101, 569.12625pt x 408.52625pt>
File: /root/github/e906-development/src/NewAcceptanceCorrection/RS70/acceptance
_overlay_mass_sliced_by_xF_bin3.pdf Graphic file (type pdf)
<use /root/github/e906-development/src/NewAcceptanceCorrection/RS70/acceptance_
overlay_mass_sliced_by_xF_bin3.pdf>
Package pdftex.def Info: /root/github/e906-development/src/NewAcceptanceCorrect
ion/RS70/acceptance_overlay_mass_sliced_by_xF_bin3.pdf  used on input line 3324
.
(pdftex.def)             Requested size: 216.67201pt x 155.52834pt.
[251

 </root/github/e906-development/src/NewAcceptanceCorrection/RS70/acceptance_ove
rlay_mass_sliced_by_xF_bin3.pdf, page is rotated 90 degrees>]
File: /root/github/e906-development/src/AcceptanceCorrection/acceptance_no_unfo
lding_bins//Acceptance_Mass_All_pT_xF_bin3.pdf Graphic file (type pdf)
<use /root/github/e906-development/src/AcceptanceCorrection/acceptance_no_unfol
ding_bins//Acceptance_Mass_All_pT_xF_bin3.pdf>
Package pdftex.def Info: /root/github/e906-development/src/AcceptanceCorrection
/acceptance_no_unfolding_bins//Acceptance_Mass_All_pT_xF_bin3.pdf  used on inpu
t line 3337.
(pdftex.def)             Requested size: 216.67201pt x 210.17342pt.
</root/github/e906-development/src/NewAcceptanceCorrection/RS70/Acceptance_Mass
_All_pT_xF_bin3.pdf, id=18152, 569.12625pt x 552.0625pt>
File: /root/github/e906-development/src/NewAcceptanceCorrection/RS70/Acceptance
_Mass_All_pT_xF_bin3.pdf Graphic file (type pdf)
<use /root/github/e906-development/src/NewAcceptanceCorrection/RS70/Acceptance_
Mass_All_pT_xF_bin3.pdf>
Package pdftex.def Info: /root/github/e906-development/src/NewAcceptanceCorrect
ion/RS70/Acceptance_Mass_All_pT_xF_bin3.pdf  used on input line 3337.
(pdftex.def)             Requested size: 216.67201pt x 210.17342pt.
 [252

 </root/github/e906-development/src/NewAcceptanceCorrection/RS70/Acceptance_Mas
s_All_pT_xF_bin3.pdf, page is rotated 90 degrees>]
</root/github/e906-development/src/NewAcceptanceCorrection/RS70/Existing_Vs_Lat
est_Acceptance_Comparison/Compare_Latest_Vs_Existing_LH2_Acceptance_Mass_All_pT
_xF_bin3.pdf, id=18203, 569.12625pt x 552.0625pt>
File: /root/github/e906-development/src/NewAcceptanceCorrection/RS70/Existing_V
s_Latest_Acceptance_Comparison/Compare_Latest_Vs_Existing_LH2_Acceptance_Mass_A
ll_pT_xF_bin3.pdf Graphic file (type pdf)
<use /root/github/e906-development/src/NewAcceptanceCorrection/RS70/Existing_Vs
_Latest_Acceptance_Comparison/Compare_Latest_Vs_Existing_LH2_Acceptance_Mass_Al
l_pT_xF_bin3.pdf>
Package pdftex.def Info: /root/github/e906-development/src/NewAcceptanceCorrect
ion/RS70/Existing_Vs_Latest_Acceptance_Comparison/Compare_Latest_Vs_Existing_LH
2_Acceptance_Mass_All_pT_xF_bin3.pdf  used on input line 3350.
(pdftex.def)             Requested size: 216.67201pt x 210.17342pt.
</root/github/e906-development/src/NewAcceptanceCorrection/RS70/Existing_Vs_Lat
est_Acceptance_Comparison/Compare_Latest_Vs_Existing_LD2_Acceptance_Mass_All_pT
_xF_bin3.pdf, id=18204, 569.12625pt x 552.0625pt>
File: /root/github/e906-development/src/NewAcceptanceCorrection/RS70/Existing_V
s_Latest_Acceptance_Comparison/Compare_Latest_Vs_Existing_LD2_Acceptance_Mass_A
ll_pT_xF_bin3.pdf Graphic file (type pdf)
<use /root/github/e906-development/src/NewAcceptanceCorrection/RS70/Existing_Vs
_Latest_Acceptance_Comparison/Compare_Latest_Vs_Existing_LD2_Acceptance_Mass_Al
l_pT_xF_bin3.pdf>
Package pdftex.def Info: /root/github/e906-development/src/NewAcceptanceCorrect
ion/RS70/Existing_Vs_Latest_Acceptance_Comparison/Compare_Latest_Vs_Existing_LD
2_Acceptance_Mass_All_pT_xF_bin3.pdf  used on input line 3350.
(pdftex.def)             Requested size: 216.67201pt x 210.17342pt.
 [253

 </root/github/e906-development/src/NewAcceptanceCorrection/RS70/Existing_Vs_La
test_Acceptance_Comparison/Compare_Latest_Vs_Existing_LH2_Acceptance_Mass_All_p
T_xF_bin3.pdf, page is rotated 90 degrees> </root/github/e906-development/src/N
ewAcceptanceCorrection/RS70/Existing_Vs_Latest_Acceptance_Comparison/Compare_La
test_Vs_Existing_LD2_Acceptance_Mass_All_pT_xF_bin3.pdf, page is rotated 90 deg
rees>]
File: /root/github/e906-development/src/AcceptanceCorrection/acceptance_no_unfo
lding_bins//acceptance_overlay_mass_sliced_by_xF_bin4.pdf Graphic file (type pd
f)
<use /root/github/e906-development/src/AcceptanceCorrection/acceptance_no_unfol
ding_bins//acceptance_overlay_mass_sliced_by_xF_bin4.pdf>
Package pdftex.def Info: /root/github/e906-development/src/AcceptanceCorrection
/acceptance_no_unfolding_bins//acceptance_overlay_mass_sliced_by_xF_bin4.pdf  u
sed on input line 3363.
(pdftex.def)             Requested size: 216.67201pt x 155.52834pt.
</root/github/e906-development/src/NewAcceptanceCorrection/RS70/acceptance_over
lay_mass_sliced_by_xF_bin4.pdf, id=18299, 569.12625pt x 408.52625pt>
File: /root/github/e906-development/src/NewAcceptanceCorrection/RS70/acceptance
_overlay_mass_sliced_by_xF_bin4.pdf Graphic file (type pdf)
<use /root/github/e906-development/src/NewAcceptanceCorrection/RS70/acceptance_
overlay_mass_sliced_by_xF_bin4.pdf>
Package pdftex.def Info: /root/github/e906-development/src/NewAcceptanceCorrect
ion/RS70/acceptance_overlay_mass_sliced_by_xF_bin4.pdf  used on input line 3363
.
(pdftex.def)             Requested size: 216.67201pt x 155.52834pt.
 [254

 </root/github/e906-development/src/NewAcceptanceCorrection/RS70/acceptance_ove
rlay_mass_sliced_by_xF_bin4.pdf, page is rotated 90 degrees>]
File: /root/github/e906-development/src/AcceptanceCorrection/acceptance_no_unfo
lding_bins//Acceptance_Mass_All_pT_xF_bin4.pdf Graphic file (type pdf)
<use /root/github/e906-development/src/AcceptanceCorrection/acceptance_no_unfol
ding_bins//Acceptance_Mass_All_pT_xF_bin4.pdf>
Package pdftex.def Info: /root/github/e906-development/src/AcceptanceCorrection
/acceptance_no_unfolding_bins//Acceptance_Mass_All_pT_xF_bin4.pdf  used on inpu
t line 3376.
(pdftex.def)             Requested size: 216.67201pt x 210.17342pt.
</root/github/e906-development/src/NewAcceptanceCorrection/RS70/Acceptance_Mass
_All_pT_xF_bin4.pdf, id=18351, 569.12625pt x 552.0625pt>
File: /root/github/e906-development/src/NewAcceptanceCorrection/RS70/Acceptance
_Mass_All_pT_xF_bin4.pdf Graphic file (type pdf)
<use /root/github/e906-development/src/NewAcceptanceCorrection/RS70/Acceptance_
Mass_All_pT_xF_bin4.pdf>
Package pdftex.def Info: /root/github/e906-development/src/NewAcceptanceCorrect
ion/RS70/Acceptance_Mass_All_pT_xF_bin4.pdf  used on input line 3376.
(pdftex.def)             Requested size: 216.67201pt x 210.17342pt.
 [255

 </root/github/e906-development/src/NewAcceptanceCorrection/RS70/Acceptance_Mas
s_All_pT_xF_bin4.pdf, page is rotated 90 degrees>]
</root/github/e906-development/src/NewAcceptanceCorrection/RS70/Existing_Vs_Lat
est_Acceptance_Comparison/Compare_Latest_Vs_Existing_LH2_Acceptance_Mass_All_pT
_xF_bin4.pdf, id=18402, 569.12625pt x 552.0625pt>
File: /root/github/e906-development/src/NewAcceptanceCorrection/RS70/Existing_V
s_Latest_Acceptance_Comparison/Compare_Latest_Vs_Existing_LH2_Acceptance_Mass_A
ll_pT_xF_bin4.pdf Graphic file (type pdf)
<use /root/github/e906-development/src/NewAcceptanceCorrection/RS70/Existing_Vs
_Latest_Acceptance_Comparison/Compare_Latest_Vs_Existing_LH2_Acceptance_Mass_Al
l_pT_xF_bin4.pdf>
Package pdftex.def Info: /root/github/e906-development/src/NewAcceptanceCorrect
ion/RS70/Existing_Vs_Latest_Acceptance_Comparison/Compare_Latest_Vs_Existing_LH
2_Acceptance_Mass_All_pT_xF_bin4.pdf  used on input line 3389.
(pdftex.def)             Requested size: 216.67201pt x 210.17342pt.
</root/github/e906-development/src/NewAcceptanceCorrection/RS70/Existing_Vs_Lat
est_Acceptance_Comparison/Compare_Latest_Vs_Existing_LD2_Acceptance_Mass_All_pT
_xF_bin4.pdf, id=18403, 569.12625pt x 552.0625pt>
File: /root/github/e906-development/src/NewAcceptanceCorrection/RS70/Existing_V
s_Latest_Acceptance_Comparison/Compare_Latest_Vs_Existing_LD2_Acceptance_Mass_A
ll_pT_xF_bin4.pdf Graphic file (type pdf)
<use /root/github/e906-development/src/NewAcceptanceCorrection/RS70/Existing_Vs
_Latest_Acceptance_Comparison/Compare_Latest_Vs_Existing_LD2_Acceptance_Mass_Al
l_pT_xF_bin4.pdf>
Package pdftex.def Info: /root/github/e906-development/src/NewAcceptanceCorrect
ion/RS70/Existing_Vs_Latest_Acceptance_Comparison/Compare_Latest_Vs_Existing_LD
2_Acceptance_Mass_All_pT_xF_bin4.pdf  used on input line 3389.
(pdftex.def)             Requested size: 216.67201pt x 210.17342pt.
 [256

 </root/github/e906-development/src/NewAcceptanceCorrection/RS70/Existing_Vs_La
test_Acceptance_Comparison/Compare_Latest_Vs_Existing_LH2_Acceptance_Mass_All_p
T_xF_bin4.pdf, page is rotated 90 degrees> </root/github/e906-development/src/N
ewAcceptanceCorrection/RS70/Existing_Vs_Latest_Acceptance_Comparison/Compare_La
test_Vs_Existing_LD2_Acceptance_Mass_All_pT_xF_bin4.pdf, page is rotated 90 deg
rees>]
File: /root/github/e906-development/src/AcceptanceCorrection/acceptance_no_unfo
lding_bins//acceptance_overlay_mass_sliced_by_xF_bin5.pdf Graphic file (type pd
f)
<use /root/github/e906-development/src/AcceptanceCorrection/acceptance_no_unfol
ding_bins//acceptance_overlay_mass_sliced_by_xF_bin5.pdf>
Package pdftex.def Info: /root/github/e906-development/src/AcceptanceCorrection
/acceptance_no_unfolding_bins//acceptance_overlay_mass_sliced_by_xF_bin5.pdf  u
sed on input line 3402.
(pdftex.def)             Requested size: 216.67201pt x 155.52834pt.
</root/github/e906-development/src/NewAcceptanceCorrection/RS70/acceptance_over
lay_mass_sliced_by_xF_bin5.pdf, id=18497, 569.12625pt x 408.52625pt>
File: /root/github/e906-development/src/NewAcceptanceCorrection/RS70/acceptance
_overlay_mass_sliced_by_xF_bin5.pdf Graphic file (type pdf)
<use /root/github/e906-development/src/NewAcceptanceCorrection/RS70/acceptance_
overlay_mass_sliced_by_xF_bin5.pdf>
Package pdftex.def Info: /root/github/e906-development/src/NewAcceptanceCorrect
ion/RS70/acceptance_overlay_mass_sliced_by_xF_bin5.pdf  used on input line 3402
.
(pdftex.def)             Requested size: 216.67201pt x 155.52834pt.
 [257

 </root/github/e906-development/src/NewAcceptanceCorrection/RS70/acceptance_ove
rlay_mass_sliced_by_xF_bin5.pdf, page is rotated 90 degrees>]
File: /root/github/e906-development/src/AcceptanceCorrection/acceptance_no_unfo
lding_bins//Acceptance_Mass_All_pT_xF_bin5.pdf Graphic file (type pdf)
<use /root/github/e906-development/src/AcceptanceCorrection/acceptance_no_unfol
ding_bins//Acceptance_Mass_All_pT_xF_bin5.pdf>
Package pdftex.def Info: /root/github/e906-development/src/AcceptanceCorrection
/acceptance_no_unfolding_bins//Acceptance_Mass_All_pT_xF_bin5.pdf  used on inpu
t line 3415.
(pdftex.def)             Requested size: 216.67201pt x 210.17342pt.
</root/github/e906-development/src/NewAcceptanceCorrection/RS70/Acceptance_Mass
_All_pT_xF_bin5.pdf, id=18549, 569.12625pt x 552.0625pt>
File: /root/github/e906-development/src/NewAcceptanceCorrection/RS70/Acceptance
_Mass_All_pT_xF_bin5.pdf Graphic file (type pdf)
<use /root/github/e906-development/src/NewAcceptanceCorrection/RS70/Acceptance_
Mass_All_pT_xF_bin5.pdf>
Package pdftex.def Info: /root/github/e906-development/src/NewAcceptanceCorrect
ion/RS70/Acceptance_Mass_All_pT_xF_bin5.pdf  used on input line 3415.
(pdftex.def)             Requested size: 216.67201pt x 210.17342pt.
 [258

 </root/github/e906-development/src/NewAcceptanceCorrection/RS70/Acceptance_Mas
s_All_pT_xF_bin5.pdf, page is rotated 90 degrees>]
</root/github/e906-development/src/NewAcceptanceCorrection/RS70/Existing_Vs_Lat
est_Acceptance_Comparison/Compare_Latest_Vs_Existing_LH2_Acceptance_Mass_All_pT
_xF_bin5.pdf, id=18600, 569.12625pt x 552.0625pt>
File: /root/github/e906-development/src/NewAcceptanceCorrection/RS70/Existing_V
s_Latest_Acceptance_Comparison/Compare_Latest_Vs_Existing_LH2_Acceptance_Mass_A
ll_pT_xF_bin5.pdf Graphic file (type pdf)
<use /root/github/e906-development/src/NewAcceptanceCorrection/RS70/Existing_Vs
_Latest_Acceptance_Comparison/Compare_Latest_Vs_Existing_LH2_Acceptance_Mass_Al
l_pT_xF_bin5.pdf>
Package pdftex.def Info: /root/github/e906-development/src/NewAcceptanceCorrect
ion/RS70/Existing_Vs_Latest_Acceptance_Comparison/Compare_Latest_Vs_Existing_LH
2_Acceptance_Mass_All_pT_xF_bin5.pdf  used on input line 3428.
(pdftex.def)             Requested size: 216.67201pt x 210.17342pt.
</root/github/e906-development/src/NewAcceptanceCorrection/RS70/Existing_Vs_Lat
est_Acceptance_Comparison/Compare_Latest_Vs_Existing_LD2_Acceptance_Mass_All_pT
_xF_bin5.pdf, id=18601, 569.12625pt x 552.0625pt>
File: /root/github/e906-development/src/NewAcceptanceCorrection/RS70/Existing_V
s_Latest_Acceptance_Comparison/Compare_Latest_Vs_Existing_LD2_Acceptance_Mass_A
ll_pT_xF_bin5.pdf Graphic file (type pdf)
<use /root/github/e906-development/src/NewAcceptanceCorrection/RS70/Existing_Vs
_Latest_Acceptance_Comparison/Compare_Latest_Vs_Existing_LD2_Acceptance_Mass_Al
l_pT_xF_bin5.pdf>
Package pdftex.def Info: /root/github/e906-development/src/NewAcceptanceCorrect
ion/RS70/Existing_Vs_Latest_Acceptance_Comparison/Compare_Latest_Vs_Existing_LD
2_Acceptance_Mass_All_pT_xF_bin5.pdf  used on input line 3428.
(pdftex.def)             Requested size: 216.67201pt x 210.17342pt.
 [259

 </root/github/e906-development/src/NewAcceptanceCorrection/RS70/Existing_Vs_La
test_Acceptance_Comparison/Compare_Latest_Vs_Existing_LH2_Acceptance_Mass_All_p
T_xF_bin5.pdf, page is rotated 90 degrees> </root/github/e906-development/src/N
ewAcceptanceCorrection/RS70/Existing_Vs_Latest_Acceptance_Comparison/Compare_La
test_Vs_Existing_LD2_Acceptance_Mass_All_pT_xF_bin5.pdf, page is rotated 90 deg
rees>]
File: /root/github/e906-development/src/AcceptanceCorrection/acceptance_no_unfo
lding_bins//acceptance_overlay_mass_sliced_by_xF_bin6.pdf Graphic file (type pd
f)
<use /root/github/e906-development/src/AcceptanceCorrection/acceptance_no_unfol
ding_bins//acceptance_overlay_mass_sliced_by_xF_bin6.pdf>
Package pdftex.def Info: /root/github/e906-development/src/AcceptanceCorrection
/acceptance_no_unfolding_bins//acceptance_overlay_mass_sliced_by_xF_bin6.pdf  u
sed on input line 3441.
(pdftex.def)             Requested size: 216.67201pt x 155.52834pt.
</root/github/e906-development/src/NewAcceptanceCorrection/RS70/acceptance_over
lay_mass_sliced_by_xF_bin6.pdf, id=18696, 569.12625pt x 408.52625pt>
File: /root/github/e906-development/src/NewAcceptanceCorrection/RS70/acceptance
_overlay_mass_sliced_by_xF_bin6.pdf Graphic file (type pdf)
<use /root/github/e906-development/src/NewAcceptanceCorrection/RS70/acceptance_
overlay_mass_sliced_by_xF_bin6.pdf>
Package pdftex.def Info: /root/github/e906-development/src/NewAcceptanceCorrect
ion/RS70/acceptance_overlay_mass_sliced_by_xF_bin6.pdf  used on input line 3441
.
(pdftex.def)             Requested size: 216.67201pt x 155.52834pt.
[260

 </root/github/e906-development/src/NewAcceptanceCorrection/RS70/acceptance_ove
rlay_mass_sliced_by_xF_bin6.pdf, page is rotated 90 degrees>]
File: /root/github/e906-development/src/AcceptanceCorrection/acceptance_no_unfo
lding_bins//Acceptance_Mass_All_pT_xF_bin6.pdf Graphic file (type pdf)
<use /root/github/e906-development/src/AcceptanceCorrection/acceptance_no_unfol
ding_bins//Acceptance_Mass_All_pT_xF_bin6.pdf>
Package pdftex.def Info: /root/github/e906-development/src/AcceptanceCorrection
/acceptance_no_unfolding_bins//Acceptance_Mass_All_pT_xF_bin6.pdf  used on inpu
t line 3454.
(pdftex.def)             Requested size: 216.67201pt x 210.17342pt.
</root/github/e906-development/src/NewAcceptanceCorrection/RS70/Acceptance_Mass
_All_pT_xF_bin6.pdf, id=18747, 569.12625pt x 552.0625pt>
File: /root/github/e906-development/src/NewAcceptanceCorrection/RS70/Acceptance
_Mass_All_pT_xF_bin6.pdf Graphic file (type pdf)
<use /root/github/e906-development/src/NewAcceptanceCorrection/RS70/Acceptance_
Mass_All_pT_xF_bin6.pdf>
Package pdftex.def Info: /root/github/e906-development/src/NewAcceptanceCorrect
ion/RS70/Acceptance_Mass_All_pT_xF_bin6.pdf  used on input line 3454.
(pdftex.def)             Requested size: 216.67201pt x 210.17342pt.
 [261

 </root/github/e906-development/src/NewAcceptanceCorrection/RS70/Acceptance_Mas
s_All_pT_xF_bin6.pdf, page is rotated 90 degrees>]
</root/github/e906-development/src/NewAcceptanceCorrection/RS70/Existing_Vs_Lat
est_Acceptance_Comparison/Compare_Latest_Vs_Existing_LH2_Acceptance_Mass_All_pT
_xF_bin6.pdf, id=18799, 569.12625pt x 552.0625pt>
File: /root/github/e906-development/src/NewAcceptanceCorrection/RS70/Existing_V
s_Latest_Acceptance_Comparison/Compare_Latest_Vs_Existing_LH2_Acceptance_Mass_A
ll_pT_xF_bin6.pdf Graphic file (type pdf)
<use /root/github/e906-development/src/NewAcceptanceCorrection/RS70/Existing_Vs
_Latest_Acceptance_Comparison/Compare_Latest_Vs_Existing_LH2_Acceptance_Mass_Al
l_pT_xF_bin6.pdf>
Package pdftex.def Info: /root/github/e906-development/src/NewAcceptanceCorrect
ion/RS70/Existing_Vs_Latest_Acceptance_Comparison/Compare_Latest_Vs_Existing_LH
2_Acceptance_Mass_All_pT_xF_bin6.pdf  used on input line 3467.
(pdftex.def)             Requested size: 216.67201pt x 210.17342pt.
</root/github/e906-development/src/NewAcceptanceCorrection/RS70/Existing_Vs_Lat
est_Acceptance_Comparison/Compare_Latest_Vs_Existing_LD2_Acceptance_Mass_All_pT
_xF_bin6.pdf, id=18800, 569.12625pt x 552.0625pt>
File: /root/github/e906-development/src/NewAcceptanceCorrection/RS70/Existing_V
s_Latest_Acceptance_Comparison/Compare_Latest_Vs_Existing_LD2_Acceptance_Mass_A
ll_pT_xF_bin6.pdf Graphic file (type pdf)
<use /root/github/e906-development/src/NewAcceptanceCorrection/RS70/Existing_Vs
_Latest_Acceptance_Comparison/Compare_Latest_Vs_Existing_LD2_Acceptance_Mass_Al
l_pT_xF_bin6.pdf>
Package pdftex.def Info: /root/github/e906-development/src/NewAcceptanceCorrect
ion/RS70/Existing_Vs_Latest_Acceptance_Comparison/Compare_Latest_Vs_Existing_LD
2_Acceptance_Mass_All_pT_xF_bin6.pdf  used on input line 3467.
(pdftex.def)             Requested size: 216.67201pt x 210.17342pt.
 [262

 </root/github/e906-development/src/NewAcceptanceCorrection/RS70/Existing_Vs_La
test_Acceptance_Comparison/Compare_Latest_Vs_Existing_LH2_Acceptance_Mass_All_p
T_xF_bin6.pdf, page is rotated 90 degrees> </root/github/e906-development/src/N
ewAcceptanceCorrection/RS70/Existing_Vs_Latest_Acceptance_Comparison/Compare_La
test_Vs_Existing_LD2_Acceptance_Mass_All_pT_xF_bin6.pdf, page is rotated 90 deg
rees>]
File: /root/github/e906-development/src/AcceptanceCorrection/acceptance_no_unfo
lding_bins//acceptance_overlay_mass_sliced_by_xF_bin7.pdf Graphic file (type pd
f)
<use /root/github/e906-development/src/AcceptanceCorrection/acceptance_no_unfol
ding_bins//acceptance_overlay_mass_sliced_by_xF_bin7.pdf>
Package pdftex.def Info: /root/github/e906-development/src/AcceptanceCorrection
/acceptance_no_unfolding_bins//acceptance_overlay_mass_sliced_by_xF_bin7.pdf  u
sed on input line 3480.
(pdftex.def)             Requested size: 216.67201pt x 155.52834pt.
</root/github/e906-development/src/NewAcceptanceCorrection/RS70/acceptance_over
lay_mass_sliced_by_xF_bin7.pdf, id=18894, 569.12625pt x 408.52625pt>
File: /root/github/e906-development/src/NewAcceptanceCorrection/RS70/acceptance
_overlay_mass_sliced_by_xF_bin7.pdf Graphic file (type pdf)
<use /root/github/e906-development/src/NewAcceptanceCorrection/RS70/acceptance_
overlay_mass_sliced_by_xF_bin7.pdf>
Package pdftex.def Info: /root/github/e906-development/src/NewAcceptanceCorrect
ion/RS70/acceptance_overlay_mass_sliced_by_xF_bin7.pdf  used on input line 3480
.
(pdftex.def)             Requested size: 216.67201pt x 155.52834pt.
 [263

 </root/github/e906-development/src/NewAcceptanceCorrection/RS70/acceptance_ove
rlay_mass_sliced_by_xF_bin7.pdf, page is rotated 90 degrees>]
File: /root/github/e906-development/src/AcceptanceCorrection/acceptance_no_unfo
lding_bins//Acceptance_Mass_All_pT_xF_bin7.pdf Graphic file (type pdf)
<use /root/github/e906-development/src/AcceptanceCorrection/acceptance_no_unfol
ding_bins//Acceptance_Mass_All_pT_xF_bin7.pdf>
Package pdftex.def Info: /root/github/e906-development/src/AcceptanceCorrection
/acceptance_no_unfolding_bins//Acceptance_Mass_All_pT_xF_bin7.pdf  used on inpu
t line 3493.
(pdftex.def)             Requested size: 216.67201pt x 210.17342pt.
</root/github/e906-development/src/NewAcceptanceCorrection/RS70/Acceptance_Mass
_All_pT_xF_bin7.pdf, id=18945, 569.12625pt x 552.0625pt>
File: /root/github/e906-development/src/NewAcceptanceCorrection/RS70/Acceptance
_Mass_All_pT_xF_bin7.pdf Graphic file (type pdf)
<use /root/github/e906-development/src/NewAcceptanceCorrection/RS70/Acceptance_
Mass_All_pT_xF_bin7.pdf>
Package pdftex.def Info: /root/github/e906-development/src/NewAcceptanceCorrect
ion/RS70/Acceptance_Mass_All_pT_xF_bin7.pdf  used on input line 3493.
(pdftex.def)             Requested size: 216.67201pt x 210.17342pt.
 [264

 </root/github/e906-development/src/NewAcceptanceCorrection/RS70/Acceptance_Mas
s_All_pT_xF_bin7.pdf, page is rotated 90 degrees>]
</root/github/e906-development/src/NewAcceptanceCorrection/RS70/Existing_Vs_Lat
est_Acceptance_Comparison/Compare_Latest_Vs_Existing_LH2_Acceptance_Mass_All_pT
_xF_bin7.pdf, id=18997, 569.12625pt x 552.0625pt>
File: /root/github/e906-development/src/NewAcceptanceCorrection/RS70/Existing_V
s_Latest_Acceptance_Comparison/Compare_Latest_Vs_Existing_LH2_Acceptance_Mass_A
ll_pT_xF_bin7.pdf Graphic file (type pdf)
<use /root/github/e906-development/src/NewAcceptanceCorrection/RS70/Existing_Vs
_Latest_Acceptance_Comparison/Compare_Latest_Vs_Existing_LH2_Acceptance_Mass_Al
l_pT_xF_bin7.pdf>
Package pdftex.def Info: /root/github/e906-development/src/NewAcceptanceCorrect
ion/RS70/Existing_Vs_Latest_Acceptance_Comparison/Compare_Latest_Vs_Existing_LH
2_Acceptance_Mass_All_pT_xF_bin7.pdf  used on input line 3506.
(pdftex.def)             Requested size: 216.67201pt x 210.17342pt.
</root/github/e906-development/src/NewAcceptanceCorrection/RS70/Existing_Vs_Lat
est_Acceptance_Comparison/Compare_Latest_Vs_Existing_LD2_Acceptance_Mass_All_pT
_xF_bin7.pdf, id=18998, 569.12625pt x 552.0625pt>
File: /root/github/e906-development/src/NewAcceptanceCorrection/RS70/Existing_V
s_Latest_Acceptance_Comparison/Compare_Latest_Vs_Existing_LD2_Acceptance_Mass_A
ll_pT_xF_bin7.pdf Graphic file (type pdf)
<use /root/github/e906-development/src/NewAcceptanceCorrection/RS70/Existing_Vs
_Latest_Acceptance_Comparison/Compare_Latest_Vs_Existing_LD2_Acceptance_Mass_Al
l_pT_xF_bin7.pdf>
Package pdftex.def Info: /root/github/e906-development/src/NewAcceptanceCorrect
ion/RS70/Existing_Vs_Latest_Acceptance_Comparison/Compare_Latest_Vs_Existing_LD
2_Acceptance_Mass_All_pT_xF_bin7.pdf  used on input line 3506.
(pdftex.def)             Requested size: 216.67201pt x 210.17342pt.
 [265

 </root/github/e906-development/src/NewAcceptanceCorrection/RS70/Existing_Vs_La
test_Acceptance_Comparison/Compare_Latest_Vs_Existing_LH2_Acceptance_Mass_All_p
T_xF_bin7.pdf, page is rotated 90 degrees> </root/github/e906-development/src/N
ewAcceptanceCorrection/RS70/Existing_Vs_Latest_Acceptance_Comparison/Compare_La
test_Vs_Existing_LD2_Acceptance_Mass_All_pT_xF_bin7.pdf, page is rotated 90 deg
rees>]
File: /root/github/e906-development/src/AcceptanceCorrection/acceptance_no_unfo
lding_bins//acceptance_overlay_mass_sliced_by_xF_bin8.pdf Graphic file (type pd
f)
<use /root/github/e906-development/src/AcceptanceCorrection/acceptance_no_unfol
ding_bins//acceptance_overlay_mass_sliced_by_xF_bin8.pdf>
Package pdftex.def Info: /root/github/e906-development/src/AcceptanceCorrection
/acceptance_no_unfolding_bins//acceptance_overlay_mass_sliced_by_xF_bin8.pdf  u
sed on input line 3519.
(pdftex.def)             Requested size: 216.67201pt x 155.52834pt.
</root/github/e906-development/src/NewAcceptanceCorrection/RS70/acceptance_over
lay_mass_sliced_by_xF_bin8.pdf, id=19093, 569.12625pt x 408.52625pt>
File: /root/github/e906-development/src/NewAcceptanceCorrection/RS70/acceptance
_overlay_mass_sliced_by_xF_bin8.pdf Graphic file (type pdf)
<use /root/github/e906-development/src/NewAcceptanceCorrection/RS70/acceptance_
overlay_mass_sliced_by_xF_bin8.pdf>
Package pdftex.def Info: /root/github/e906-development/src/NewAcceptanceCorrect
ion/RS70/acceptance_overlay_mass_sliced_by_xF_bin8.pdf  used on input line 3519
.
(pdftex.def)             Requested size: 216.67201pt x 155.52834pt.
 [266

 </root/github/e906-development/src/NewAcceptanceCorrection/RS70/acceptance_ove
rlay_mass_sliced_by_xF_bin8.pdf, page is rotated 90 degrees>]
File: /root/github/e906-development/src/AcceptanceCorrection/acceptance_no_unfo
lding_bins//Acceptance_Mass_All_pT_xF_bin8.pdf Graphic file (type pdf)
<use /root/github/e906-development/src/AcceptanceCorrection/acceptance_no_unfol
ding_bins//Acceptance_Mass_All_pT_xF_bin8.pdf>
Package pdftex.def Info: /root/github/e906-development/src/AcceptanceCorrection
/acceptance_no_unfolding_bins//Acceptance_Mass_All_pT_xF_bin8.pdf  used on inpu
t line 3532.
(pdftex.def)             Requested size: 216.67201pt x 210.17342pt.
</root/github/e906-development/src/NewAcceptanceCorrection/RS70/Acceptance_Mass
_All_pT_xF_bin8.pdf, id=19144, 569.12625pt x 552.0625pt>
File: /root/github/e906-development/src/NewAcceptanceCorrection/RS70/Acceptance
_Mass_All_pT_xF_bin8.pdf Graphic file (type pdf)
<use /root/github/e906-development/src/NewAcceptanceCorrection/RS70/Acceptance_
Mass_All_pT_xF_bin8.pdf>
Package pdftex.def Info: /root/github/e906-development/src/NewAcceptanceCorrect
ion/RS70/Acceptance_Mass_All_pT_xF_bin8.pdf  used on input line 3532.
(pdftex.def)             Requested size: 216.67201pt x 210.17342pt.
 [267

 </root/github/e906-development/src/NewAcceptanceCorrection/RS70/Acceptance_Mas
s_All_pT_xF_bin8.pdf, page is rotated 90 degrees>]
</root/github/e906-development/src/NewAcceptanceCorrection/RS70/Existing_Vs_Lat
est_Acceptance_Comparison/Compare_Latest_Vs_Existing_LH2_Acceptance_Mass_All_pT
_xF_bin8.pdf, id=19195, 569.12625pt x 552.0625pt>
File: /root/github/e906-development/src/NewAcceptanceCorrection/RS70/Existing_V
s_Latest_Acceptance_Comparison/Compare_Latest_Vs_Existing_LH2_Acceptance_Mass_A
ll_pT_xF_bin8.pdf Graphic file (type pdf)
<use /root/github/e906-development/src/NewAcceptanceCorrection/RS70/Existing_Vs
_Latest_Acceptance_Comparison/Compare_Latest_Vs_Existing_LH2_Acceptance_Mass_Al
l_pT_xF_bin8.pdf>
Package pdftex.def Info: /root/github/e906-development/src/NewAcceptanceCorrect
ion/RS70/Existing_Vs_Latest_Acceptance_Comparison/Compare_Latest_Vs_Existing_LH
2_Acceptance_Mass_All_pT_xF_bin8.pdf  used on input line 3545.
(pdftex.def)             Requested size: 216.67201pt x 210.17342pt.
</root/github/e906-development/src/NewAcceptanceCorrection/RS70/Existing_Vs_Lat
est_Acceptance_Comparison/Compare_Latest_Vs_Existing_LD2_Acceptance_Mass_All_pT
_xF_bin8.pdf, id=19196, 569.12625pt x 552.0625pt>
File: /root/github/e906-development/src/NewAcceptanceCorrection/RS70/Existing_V
s_Latest_Acceptance_Comparison/Compare_Latest_Vs_Existing_LD2_Acceptance_Mass_A
ll_pT_xF_bin8.pdf Graphic file (type pdf)
<use /root/github/e906-development/src/NewAcceptanceCorrection/RS70/Existing_Vs
_Latest_Acceptance_Comparison/Compare_Latest_Vs_Existing_LD2_Acceptance_Mass_Al
l_pT_xF_bin8.pdf>
Package pdftex.def Info: /root/github/e906-development/src/NewAcceptanceCorrect
ion/RS70/Existing_Vs_Latest_Acceptance_Comparison/Compare_Latest_Vs_Existing_LD
2_Acceptance_Mass_All_pT_xF_bin8.pdf  used on input line 3545.
(pdftex.def)             Requested size: 216.67201pt x 210.17342pt.
 [268

 </root/github/e906-development/src/NewAcceptanceCorrection/RS70/Existing_Vs_La
test_Acceptance_Comparison/Compare_Latest_Vs_Existing_LH2_Acceptance_Mass_All_p
T_xF_bin8.pdf, page is rotated 90 degrees> </root/github/e906-development/src/N
ewAcceptanceCorrection/RS70/Existing_Vs_Latest_Acceptance_Comparison/Compare_La
test_Vs_Existing_LD2_Acceptance_Mass_All_pT_xF_bin8.pdf, page is rotated 90 deg
rees>]
File: /root/github/e906-development/src/AcceptanceCorrection/acceptance_no_unfo
lding_bins//acceptance_overlay_mass_sliced_by_xF_bin9.pdf Graphic file (type pd
f)
<use /root/github/e906-development/src/AcceptanceCorrection/acceptance_no_unfol
ding_bins//acceptance_overlay_mass_sliced_by_xF_bin9.pdf>
Package pdftex.def Info: /root/github/e906-development/src/AcceptanceCorrection
/acceptance_no_unfolding_bins//acceptance_overlay_mass_sliced_by_xF_bin9.pdf  u
sed on input line 3558.
(pdftex.def)             Requested size: 216.67201pt x 155.52834pt.
</root/github/e906-development/src/NewAcceptanceCorrection/RS70/acceptance_over
lay_mass_sliced_by_xF_bin9.pdf, id=19291, 569.12625pt x 408.52625pt>
File: /root/github/e906-development/src/NewAcceptanceCorrection/RS70/acceptance
_overlay_mass_sliced_by_xF_bin9.pdf Graphic file (type pdf)
<use /root/github/e906-development/src/NewAcceptanceCorrection/RS70/acceptance_
overlay_mass_sliced_by_xF_bin9.pdf>
Package pdftex.def Info: /root/github/e906-development/src/NewAcceptanceCorrect
ion/RS70/acceptance_overlay_mass_sliced_by_xF_bin9.pdf  used on input line 3558
.
(pdftex.def)             Requested size: 216.67201pt x 155.52834pt.
[269

 </root/github/e906-development/src/NewAcceptanceCorrection/RS70/acceptance_ove
rlay_mass_sliced_by_xF_bin9.pdf, page is rotated 90 degrees>]
File: /root/github/e906-development/src/AcceptanceCorrection/acceptance_no_unfo
lding_bins//Acceptance_Mass_All_pT_xF_bin9.pdf Graphic file (type pdf)
<use /root/github/e906-development/src/AcceptanceCorrection/acceptance_no_unfol
ding_bins//Acceptance_Mass_All_pT_xF_bin9.pdf>
Package pdftex.def Info: /root/github/e906-development/src/AcceptanceCorrection
/acceptance_no_unfolding_bins//Acceptance_Mass_All_pT_xF_bin9.pdf  used on inpu
t line 3571.
(pdftex.def)             Requested size: 216.67201pt x 210.17342pt.
</root/github/e906-development/src/NewAcceptanceCorrection/RS70/Acceptance_Mass
_All_pT_xF_bin9.pdf, id=19342, 569.12625pt x 552.0625pt>
File: /root/github/e906-development/src/NewAcceptanceCorrection/RS70/Acceptance
_Mass_All_pT_xF_bin9.pdf Graphic file (type pdf)
<use /root/github/e906-development/src/NewAcceptanceCorrection/RS70/Acceptance_
Mass_All_pT_xF_bin9.pdf>
Package pdftex.def Info: /root/github/e906-development/src/NewAcceptanceCorrect
ion/RS70/Acceptance_Mass_All_pT_xF_bin9.pdf  used on input line 3571.
(pdftex.def)             Requested size: 216.67201pt x 210.17342pt.
 [270

 </root/github/e906-development/src/NewAcceptanceCorrection/RS70/Acceptance_Mas
s_All_pT_xF_bin9.pdf, page is rotated 90 degrees>]
</root/github/e906-development/src/NewAcceptanceCorrection/RS70/Existing_Vs_Lat
est_Acceptance_Comparison/Compare_Latest_Vs_Existing_LH2_Acceptance_Mass_All_pT
_xF_bin9.pdf, id=19393, 569.12625pt x 552.0625pt>
File: /root/github/e906-development/src/NewAcceptanceCorrection/RS70/Existing_V
s_Latest_Acceptance_Comparison/Compare_Latest_Vs_Existing_LH2_Acceptance_Mass_A
ll_pT_xF_bin9.pdf Graphic file (type pdf)
<use /root/github/e906-development/src/NewAcceptanceCorrection/RS70/Existing_Vs
_Latest_Acceptance_Comparison/Compare_Latest_Vs_Existing_LH2_Acceptance_Mass_Al
l_pT_xF_bin9.pdf>
Package pdftex.def Info: /root/github/e906-development/src/NewAcceptanceCorrect
ion/RS70/Existing_Vs_Latest_Acceptance_Comparison/Compare_Latest_Vs_Existing_LH
2_Acceptance_Mass_All_pT_xF_bin9.pdf  used on input line 3584.
(pdftex.def)             Requested size: 216.67201pt x 210.17342pt.
</root/github/e906-development/src/NewAcceptanceCorrection/RS70/Existing_Vs_Lat
est_Acceptance_Comparison/Compare_Latest_Vs_Existing_LD2_Acceptance_Mass_All_pT
_xF_bin9.pdf, id=19394, 569.12625pt x 552.0625pt>
File: /root/github/e906-development/src/NewAcceptanceCorrection/RS70/Existing_V
s_Latest_Acceptance_Comparison/Compare_Latest_Vs_Existing_LD2_Acceptance_Mass_A
ll_pT_xF_bin9.pdf Graphic file (type pdf)
<use /root/github/e906-development/src/NewAcceptanceCorrection/RS70/Existing_Vs
_Latest_Acceptance_Comparison/Compare_Latest_Vs_Existing_LD2_Acceptance_Mass_Al
l_pT_xF_bin9.pdf>
Package pdftex.def Info: /root/github/e906-development/src/NewAcceptanceCorrect
ion/RS70/Existing_Vs_Latest_Acceptance_Comparison/Compare_Latest_Vs_Existing_LD
2_Acceptance_Mass_All_pT_xF_bin9.pdf  used on input line 3584.
(pdftex.def)             Requested size: 216.67201pt x 210.17342pt.
 [271

 </root/github/e906-development/src/NewAcceptanceCorrection/RS70/Existing_Vs_La
test_Acceptance_Comparison/Compare_Latest_Vs_Existing_LH2_Acceptance_Mass_All_p
T_xF_bin9.pdf, page is rotated 90 degrees> </root/github/e906-development/src/N
ewAcceptanceCorrection/RS70/Existing_Vs_Latest_Acceptance_Comparison/Compare_La
test_Vs_Existing_LD2_Acceptance_Mass_All_pT_xF_bin9.pdf, page is rotated 90 deg
rees>]
File: /root/github/e906-development/src/AcceptanceCorrection/acceptance_no_unfo
lding_bins//acceptance_overlay_mass_sliced_by_xF_bin10.pdf Graphic file (type p
df)
<use /root/github/e906-development/src/AcceptanceCorrection/acceptance_no_unfol
ding_bins//acceptance_overlay_mass_sliced_by_xF_bin10.pdf>
Package pdftex.def Info: /root/github/e906-development/src/AcceptanceCorrection
/acceptance_no_unfolding_bins//acceptance_overlay_mass_sliced_by_xF_bin10.pdf  
used on input line 3597.
(pdftex.def)             Requested size: 216.67201pt x 155.52834pt.
</root/github/e906-development/src/NewAcceptanceCorrection/RS70/acceptance_over
lay_mass_sliced_by_xF_bin10.pdf, id=19490, 569.12625pt x 408.52625pt>
File: /root/github/e906-development/src/NewAcceptanceCorrection/RS70/acceptance
_overlay_mass_sliced_by_xF_bin10.pdf Graphic file (type pdf)
<use /root/github/e906-development/src/NewAcceptanceCorrection/RS70/acceptance_
overlay_mass_sliced_by_xF_bin10.pdf>
Package pdftex.def Info: /root/github/e906-development/src/NewAcceptanceCorrect
ion/RS70/acceptance_overlay_mass_sliced_by_xF_bin10.pdf  used on input line 359
7.
(pdftex.def)             Requested size: 216.67201pt x 155.52834pt.
 [272

 </root/github/e906-development/src/NewAcceptanceCorrection/RS70/acceptance_ove
rlay_mass_sliced_by_xF_bin10.pdf, page is rotated 90 degrees>]
File: /root/github/e906-development/src/AcceptanceCorrection/acceptance_no_unfo
lding_bins//Acceptance_Mass_All_pT_xF_bin10.pdf Graphic file (type pdf)
<use /root/github/e906-development/src/AcceptanceCorrection/acceptance_no_unfol
ding_bins//Acceptance_Mass_All_pT_xF_bin10.pdf>
Package pdftex.def Info: /root/github/e906-development/src/AcceptanceCorrection
/acceptance_no_unfolding_bins//Acceptance_Mass_All_pT_xF_bin10.pdf  used on inp
ut line 3610.
(pdftex.def)             Requested size: 216.67201pt x 210.17342pt.
</root/github/e906-development/src/NewAcceptanceCorrection/RS70/Acceptance_Mass
_All_pT_xF_bin10.pdf, id=19541, 569.12625pt x 552.0625pt>
File: /root/github/e906-development/src/NewAcceptanceCorrection/RS70/Acceptance
_Mass_All_pT_xF_bin10.pdf Graphic file (type pdf)
<use /root/github/e906-development/src/NewAcceptanceCorrection/RS70/Acceptance_
Mass_All_pT_xF_bin10.pdf>
Package pdftex.def Info: /root/github/e906-development/src/NewAcceptanceCorrect
ion/RS70/Acceptance_Mass_All_pT_xF_bin10.pdf  used on input line 3610.
(pdftex.def)             Requested size: 216.67201pt x 210.17342pt.
 [273

 </root/github/e906-development/src/NewAcceptanceCorrection/RS70/Acceptance_Mas
s_All_pT_xF_bin10.pdf, page is rotated 90 degrees>]
</root/github/e906-development/src/NewAcceptanceCorrection/RS70/Existing_Vs_Lat
est_Acceptance_Comparison/Compare_Latest_Vs_Existing_LH2_Acceptance_Mass_All_pT
_xF_bin10.pdf, id=19592, 569.12625pt x 552.0625pt>
File: /root/github/e906-development/src/NewAcceptanceCorrection/RS70/Existing_V
s_Latest_Acceptance_Comparison/Compare_Latest_Vs_Existing_LH2_Acceptance_Mass_A
ll_pT_xF_bin10.pdf Graphic file (type pdf)
<use /root/github/e906-development/src/NewAcceptanceCorrection/RS70/Existing_Vs
_Latest_Acceptance_Comparison/Compare_Latest_Vs_Existing_LH2_Acceptance_Mass_Al
l_pT_xF_bin10.pdf>
Package pdftex.def Info: /root/github/e906-development/src/NewAcceptanceCorrect
ion/RS70/Existing_Vs_Latest_Acceptance_Comparison/Compare_Latest_Vs_Existing_LH
2_Acceptance_Mass_All_pT_xF_bin10.pdf  used on input line 3623.
(pdftex.def)             Requested size: 216.67201pt x 210.17342pt.
</root/github/e906-development/src/NewAcceptanceCorrection/RS70/Existing_Vs_Lat
est_Acceptance_Comparison/Compare_Latest_Vs_Existing_LD2_Acceptance_Mass_All_pT
_xF_bin10.pdf, id=19593, 569.12625pt x 552.0625pt>
File: /root/github/e906-development/src/NewAcceptanceCorrection/RS70/Existing_V
s_Latest_Acceptance_Comparison/Compare_Latest_Vs_Existing_LD2_Acceptance_Mass_A
ll_pT_xF_bin10.pdf Graphic file (type pdf)
<use /root/github/e906-development/src/NewAcceptanceCorrection/RS70/Existing_Vs
_Latest_Acceptance_Comparison/Compare_Latest_Vs_Existing_LD2_Acceptance_Mass_Al
l_pT_xF_bin10.pdf>
Package pdftex.def Info: /root/github/e906-development/src/NewAcceptanceCorrect
ion/RS70/Existing_Vs_Latest_Acceptance_Comparison/Compare_Latest_Vs_Existing_LD
2_Acceptance_Mass_All_pT_xF_bin10.pdf  used on input line 3623.
(pdftex.def)             Requested size: 216.67201pt x 210.17342pt.
 [274

 </root/github/e906-development/src/NewAcceptanceCorrection/RS70/Existing_Vs_La
test_Acceptance_Comparison/Compare_Latest_Vs_Existing_LH2_Acceptance_Mass_All_p
T_xF_bin10.pdf, page is rotated 90 degrees> </root/github/e906-development/src/
NewAcceptanceCorrection/RS70/Existing_Vs_Latest_Acceptance_Comparison/Compare_L
atest_Vs_Existing_LD2_Acceptance_Mass_All_pT_xF_bin10.pdf, page is rotated 90 d
egrees>]
File: /root/github/e906-development/src/AcceptanceCorrection/acceptance_no_unfo
lding_bins//acceptance_overlay_mass_sliced_by_xF_bin11.pdf Graphic file (type p
df)
<use /root/github/e906-development/src/AcceptanceCorrection/acceptance_no_unfol
ding_bins//acceptance_overlay_mass_sliced_by_xF_bin11.pdf>
Package pdftex.def Info: /root/github/e906-development/src/AcceptanceCorrection
/acceptance_no_unfolding_bins//acceptance_overlay_mass_sliced_by_xF_bin11.pdf  
used on input line 3636.
(pdftex.def)             Requested size: 216.67201pt x 155.52834pt.
</root/github/e906-development/src/NewAcceptanceCorrection/RS70/acceptance_over
lay_mass_sliced_by_xF_bin11.pdf, id=19688, 569.12625pt x 408.52625pt>
File: /root/github/e906-development/src/NewAcceptanceCorrection/RS70/acceptance
_overlay_mass_sliced_by_xF_bin11.pdf Graphic file (type pdf)
<use /root/github/e906-development/src/NewAcceptanceCorrection/RS70/acceptance_
overlay_mass_sliced_by_xF_bin11.pdf>
Package pdftex.def Info: /root/github/e906-development/src/NewAcceptanceCorrect
ion/RS70/acceptance_overlay_mass_sliced_by_xF_bin11.pdf  used on input line 363
6.
(pdftex.def)             Requested size: 216.67201pt x 155.52834pt.
 [275

 </root/github/e906-development/src/NewAcceptanceCorrection/RS70/acceptance_ove
rlay_mass_sliced_by_xF_bin11.pdf, page is rotated 90 degrees>]
File: /root/github/e906-development/src/AcceptanceCorrection/acceptance_no_unfo
lding_bins//Acceptance_Mass_All_pT_xF_bin11.pdf Graphic file (type pdf)
<use /root/github/e906-development/src/AcceptanceCorrection/acceptance_no_unfol
ding_bins//Acceptance_Mass_All_pT_xF_bin11.pdf>
Package pdftex.def Info: /root/github/e906-development/src/AcceptanceCorrection
/acceptance_no_unfolding_bins//Acceptance_Mass_All_pT_xF_bin11.pdf  used on inp
ut line 3649.
(pdftex.def)             Requested size: 216.67201pt x 210.17342pt.
</root/github/e906-development/src/NewAcceptanceCorrection/RS70/Acceptance_Mass
_All_pT_xF_bin11.pdf, id=19739, 569.12625pt x 552.0625pt>
File: /root/github/e906-development/src/NewAcceptanceCorrection/RS70/Acceptance
_Mass_All_pT_xF_bin11.pdf Graphic file (type pdf)
<use /root/github/e906-development/src/NewAcceptanceCorrection/RS70/Acceptance_
Mass_All_pT_xF_bin11.pdf>
Package pdftex.def Info: /root/github/e906-development/src/NewAcceptanceCorrect
ion/RS70/Acceptance_Mass_All_pT_xF_bin11.pdf  used on input line 3649.
(pdftex.def)             Requested size: 216.67201pt x 210.17342pt.
 [276

 </root/github/e906-development/src/NewAcceptanceCorrection/RS70/Acceptance_Mas
s_All_pT_xF_bin11.pdf, page is rotated 90 degrees>]
</root/github/e906-development/src/NewAcceptanceCorrection/RS70/Existing_Vs_Lat
est_Acceptance_Comparison/Compare_Latest_Vs_Existing_LH2_Acceptance_Mass_All_pT
_xF_bin11.pdf, id=19790, 569.12625pt x 552.0625pt>
File: /root/github/e906-development/src/NewAcceptanceCorrection/RS70/Existing_V
s_Latest_Acceptance_Comparison/Compare_Latest_Vs_Existing_LH2_Acceptance_Mass_A
ll_pT_xF_bin11.pdf Graphic file (type pdf)
<use /root/github/e906-development/src/NewAcceptanceCorrection/RS70/Existing_Vs
_Latest_Acceptance_Comparison/Compare_Latest_Vs_Existing_LH2_Acceptance_Mass_Al
l_pT_xF_bin11.pdf>
Package pdftex.def Info: /root/github/e906-development/src/NewAcceptanceCorrect
ion/RS70/Existing_Vs_Latest_Acceptance_Comparison/Compare_Latest_Vs_Existing_LH
2_Acceptance_Mass_All_pT_xF_bin11.pdf  used on input line 3662.
(pdftex.def)             Requested size: 216.67201pt x 210.17342pt.
</root/github/e906-development/src/NewAcceptanceCorrection/RS70/Existing_Vs_Lat
est_Acceptance_Comparison/Compare_Latest_Vs_Existing_LD2_Acceptance_Mass_All_pT
_xF_bin11.pdf, id=19791, 569.12625pt x 552.0625pt>
File: /root/github/e906-development/src/NewAcceptanceCorrection/RS70/Existing_V
s_Latest_Acceptance_Comparison/Compare_Latest_Vs_Existing_LD2_Acceptance_Mass_A
ll_pT_xF_bin11.pdf Graphic file (type pdf)
<use /root/github/e906-development/src/NewAcceptanceCorrection/RS70/Existing_Vs
_Latest_Acceptance_Comparison/Compare_Latest_Vs_Existing_LD2_Acceptance_Mass_Al
l_pT_xF_bin11.pdf>
Package pdftex.def Info: /root/github/e906-development/src/NewAcceptanceCorrect
ion/RS70/Existing_Vs_Latest_Acceptance_Comparison/Compare_Latest_Vs_Existing_LD
2_Acceptance_Mass_All_pT_xF_bin11.pdf  used on input line 3662.
(pdftex.def)             Requested size: 216.67201pt x 210.17342pt.

[277

 </root/github/e906-development/src/NewAcceptanceCorrection/RS70/Existing_Vs_La
test_Acceptance_Comparison/Compare_Latest_Vs_Existing_LH2_Acceptance_Mass_All_p
T_xF_bin11.pdf, page is rotated 90 degrees> </root/github/e906-development/src/
NewAcceptanceCorrection/RS70/Existing_Vs_Latest_Acceptance_Comparison/Compare_L
atest_Vs_Existing_LD2_Acceptance_Mass_All_pT_xF_bin11.pdf, page is rotated 90 d
egrees>]
File: /root/github/e906-development/src/AcceptanceCorrection/acceptance_no_unfo
lding_bins//acceptance_overlay_mass_sliced_by_xF_bin12.pdf Graphic file (type p
df)
<use /root/github/e906-development/src/AcceptanceCorrection/acceptance_no_unfol
ding_bins//acceptance_overlay_mass_sliced_by_xF_bin12.pdf>
Package pdftex.def Info: /root/github/e906-development/src/AcceptanceCorrection
/acceptance_no_unfolding_bins//acceptance_overlay_mass_sliced_by_xF_bin12.pdf  
used on input line 3675.
(pdftex.def)             Requested size: 216.67201pt x 155.52834pt.
</root/github/e906-development/src/NewAcceptanceCorrection/RS70/acceptance_over
lay_mass_sliced_by_xF_bin12.pdf, id=19886, 569.12625pt x 408.52625pt>
File: /root/github/e906-development/src/NewAcceptanceCorrection/RS70/acceptance
_overlay_mass_sliced_by_xF_bin12.pdf Graphic file (type pdf)
<use /root/github/e906-development/src/NewAcceptanceCorrection/RS70/acceptance_
overlay_mass_sliced_by_xF_bin12.pdf>
Package pdftex.def Info: /root/github/e906-development/src/NewAcceptanceCorrect
ion/RS70/acceptance_overlay_mass_sliced_by_xF_bin12.pdf  used on input line 367
5.
(pdftex.def)             Requested size: 216.67201pt x 155.52834pt.
 [278

 </root/github/e906-development/src/NewAcceptanceCorrection/RS70/acceptance_ove
rlay_mass_sliced_by_xF_bin12.pdf, page is rotated 90 degrees>]
File: /root/github/e906-development/src/AcceptanceCorrection/acceptance_no_unfo
lding_bins//Acceptance_Mass_All_pT_xF_bin12.pdf Graphic file (type pdf)
<use /root/github/e906-development/src/AcceptanceCorrection/acceptance_no_unfol
ding_bins//Acceptance_Mass_All_pT_xF_bin12.pdf>
Package pdftex.def Info: /root/github/e906-development/src/AcceptanceCorrection
/acceptance_no_unfolding_bins//Acceptance_Mass_All_pT_xF_bin12.pdf  used on inp
ut line 3688.
(pdftex.def)             Requested size: 216.67201pt x 210.17342pt.
</root/github/e906-development/src/NewAcceptanceCorrection/RS70/Acceptance_Mass
_All_pT_xF_bin12.pdf, id=19938, 569.12625pt x 552.0625pt>
File: /root/github/e906-development/src/NewAcceptanceCorrection/RS70/Acceptance
_Mass_All_pT_xF_bin12.pdf Graphic file (type pdf)
<use /root/github/e906-development/src/NewAcceptanceCorrection/RS70/Acceptance_
Mass_All_pT_xF_bin12.pdf>
Package pdftex.def Info: /root/github/e906-development/src/NewAcceptanceCorrect
ion/RS70/Acceptance_Mass_All_pT_xF_bin12.pdf  used on input line 3688.
(pdftex.def)             Requested size: 216.67201pt x 210.17342pt.
[279

 </root/github/e906-development/src/NewAcceptanceCorrection/RS70/Acceptance_Mas
s_All_pT_xF_bin12.pdf, page is rotated 90 degrees>]
</root/github/e906-development/src/NewAcceptanceCorrection/RS70/Existing_Vs_Lat
est_Acceptance_Comparison/Compare_Latest_Vs_Existing_LH2_Acceptance_Mass_All_pT
_xF_bin12.pdf, id=19989, 569.12625pt x 552.0625pt>
File: /root/github/e906-development/src/NewAcceptanceCorrection/RS70/Existing_V
s_Latest_Acceptance_Comparison/Compare_Latest_Vs_Existing_LH2_Acceptance_Mass_A
ll_pT_xF_bin12.pdf Graphic file (type pdf)
<use /root/github/e906-development/src/NewAcceptanceCorrection/RS70/Existing_Vs
_Latest_Acceptance_Comparison/Compare_Latest_Vs_Existing_LH2_Acceptance_Mass_Al
l_pT_xF_bin12.pdf>
Package pdftex.def Info: /root/github/e906-development/src/NewAcceptanceCorrect
ion/RS70/Existing_Vs_Latest_Acceptance_Comparison/Compare_Latest_Vs_Existing_LH
2_Acceptance_Mass_All_pT_xF_bin12.pdf  used on input line 3701.
(pdftex.def)             Requested size: 216.67201pt x 210.17342pt.
</root/github/e906-development/src/NewAcceptanceCorrection/RS70/Existing_Vs_Lat
est_Acceptance_Comparison/Compare_Latest_Vs_Existing_LD2_Acceptance_Mass_All_pT
_xF_bin12.pdf, id=19990, 569.12625pt x 552.0625pt>
File: /root/github/e906-development/src/NewAcceptanceCorrection/RS70/Existing_V
s_Latest_Acceptance_Comparison/Compare_Latest_Vs_Existing_LD2_Acceptance_Mass_A
ll_pT_xF_bin12.pdf Graphic file (type pdf)
<use /root/github/e906-development/src/NewAcceptanceCorrection/RS70/Existing_Vs
_Latest_Acceptance_Comparison/Compare_Latest_Vs_Existing_LD2_Acceptance_Mass_Al
l_pT_xF_bin12.pdf>
Package pdftex.def Info: /root/github/e906-development/src/NewAcceptanceCorrect
ion/RS70/Existing_Vs_Latest_Acceptance_Comparison/Compare_Latest_Vs_Existing_LD
2_Acceptance_Mass_All_pT_xF_bin12.pdf  used on input line 3701.
(pdftex.def)             Requested size: 216.67201pt x 210.17342pt.
 [280

 </root/github/e906-development/src/NewAcceptanceCorrection/RS70/Existing_Vs_La
test_Acceptance_Comparison/Compare_Latest_Vs_Existing_LH2_Acceptance_Mass_All_p
T_xF_bin12.pdf, page is rotated 90 degrees> </root/github/e906-development/src/
NewAcceptanceCorrection/RS70/Existing_Vs_Latest_Acceptance_Comparison/Compare_L
atest_Vs_Existing_LD2_Acceptance_Mass_All_pT_xF_bin12.pdf, page is rotated 90 d
egrees>]
File: /root/github/e906-development/src/AcceptanceCorrection/acceptance_no_unfo
lding_bins//acceptance_overlay_mass_sliced_by_xF_bin13.pdf Graphic file (type p
df)
<use /root/github/e906-development/src/AcceptanceCorrection/acceptance_no_unfol
ding_bins//acceptance_overlay_mass_sliced_by_xF_bin13.pdf>
Package pdftex.def Info: /root/github/e906-development/src/AcceptanceCorrection
/acceptance_no_unfolding_bins//acceptance_overlay_mass_sliced_by_xF_bin13.pdf  
used on input line 3714.
(pdftex.def)             Requested size: 216.67201pt x 155.52834pt.
</root/github/e906-development/src/NewAcceptanceCorrection/RS70/acceptance_over
lay_mass_sliced_by_xF_bin13.pdf, id=20084, 569.12625pt x 408.52625pt>
File: /root/github/e906-development/src/NewAcceptanceCorrection/RS70/acceptance
_overlay_mass_sliced_by_xF_bin13.pdf Graphic file (type pdf)
<use /root/github/e906-development/src/NewAcceptanceCorrection/RS70/acceptance_
overlay_mass_sliced_by_xF_bin13.pdf>
Package pdftex.def Info: /root/github/e906-development/src/NewAcceptanceCorrect
ion/RS70/acceptance_overlay_mass_sliced_by_xF_bin13.pdf  used on input line 371
4.
(pdftex.def)             Requested size: 216.67201pt x 155.52834pt.
 [281

 </root/github/e906-development/src/NewAcceptanceCorrection/RS70/acceptance_ove
rlay_mass_sliced_by_xF_bin13.pdf, page is rotated 90 degrees>]
File: /root/github/e906-development/src/AcceptanceCorrection/acceptance_no_unfo
lding_bins//Acceptance_Mass_All_pT_xF_bin13.pdf Graphic file (type pdf)
<use /root/github/e906-development/src/AcceptanceCorrection/acceptance_no_unfol
ding_bins//Acceptance_Mass_All_pT_xF_bin13.pdf>
Package pdftex.def Info: /root/github/e906-development/src/AcceptanceCorrection
/acceptance_no_unfolding_bins//Acceptance_Mass_All_pT_xF_bin13.pdf  used on inp
ut line 3727.
(pdftex.def)             Requested size: 216.67201pt x 210.17342pt.
</root/github/e906-development/src/NewAcceptanceCorrection/RS70/Acceptance_Mass
_All_pT_xF_bin13.pdf, id=20136, 569.12625pt x 552.0625pt>
File: /root/github/e906-development/src/NewAcceptanceCorrection/RS70/Acceptance
_Mass_All_pT_xF_bin13.pdf Graphic file (type pdf)
<use /root/github/e906-development/src/NewAcceptanceCorrection/RS70/Acceptance_
Mass_All_pT_xF_bin13.pdf>
Package pdftex.def Info: /root/github/e906-development/src/NewAcceptanceCorrect
ion/RS70/Acceptance_Mass_All_pT_xF_bin13.pdf  used on input line 3727.
(pdftex.def)             Requested size: 216.67201pt x 210.17342pt.
 [282

 </root/github/e906-development/src/NewAcceptanceCorrection/RS70/Acceptance_Mas
s_All_pT_xF_bin13.pdf, page is rotated 90 degrees>]
</root/github/e906-development/src/NewAcceptanceCorrection/RS70/Existing_Vs_Lat
est_Acceptance_Comparison/Compare_Latest_Vs_Existing_LH2_Acceptance_Mass_All_pT
_xF_bin13.pdf, id=20187, 569.12625pt x 552.0625pt>
File: /root/github/e906-development/src/NewAcceptanceCorrection/RS70/Existing_V
s_Latest_Acceptance_Comparison/Compare_Latest_Vs_Existing_LH2_Acceptance_Mass_A
ll_pT_xF_bin13.pdf Graphic file (type pdf)
<use /root/github/e906-development/src/NewAcceptanceCorrection/RS70/Existing_Vs
_Latest_Acceptance_Comparison/Compare_Latest_Vs_Existing_LH2_Acceptance_Mass_Al
l_pT_xF_bin13.pdf>
Package pdftex.def Info: /root/github/e906-development/src/NewAcceptanceCorrect
ion/RS70/Existing_Vs_Latest_Acceptance_Comparison/Compare_Latest_Vs_Existing_LH
2_Acceptance_Mass_All_pT_xF_bin13.pdf  used on input line 3740.
(pdftex.def)             Requested size: 216.67201pt x 210.17342pt.
</root/github/e906-development/src/NewAcceptanceCorrection/RS70/Existing_Vs_Lat
est_Acceptance_Comparison/Compare_Latest_Vs_Existing_LD2_Acceptance_Mass_All_pT
_xF_bin13.pdf, id=20188, 569.12625pt x 552.0625pt>
File: /root/github/e906-development/src/NewAcceptanceCorrection/RS70/Existing_V
s_Latest_Acceptance_Comparison/Compare_Latest_Vs_Existing_LD2_Acceptance_Mass_A
ll_pT_xF_bin13.pdf Graphic file (type pdf)
<use /root/github/e906-development/src/NewAcceptanceCorrection/RS70/Existing_Vs
_Latest_Acceptance_Comparison/Compare_Latest_Vs_Existing_LD2_Acceptance_Mass_Al
l_pT_xF_bin13.pdf>
Package pdftex.def Info: /root/github/e906-development/src/NewAcceptanceCorrect
ion/RS70/Existing_Vs_Latest_Acceptance_Comparison/Compare_Latest_Vs_Existing_LD
2_Acceptance_Mass_All_pT_xF_bin13.pdf  used on input line 3740.
(pdftex.def)             Requested size: 216.67201pt x 210.17342pt.
 [283

 </root/github/e906-development/src/NewAcceptanceCorrection/RS70/Existing_Vs_La
test_Acceptance_Comparison/Compare_Latest_Vs_Existing_LH2_Acceptance_Mass_All_p
T_xF_bin13.pdf, page is rotated 90 degrees> </root/github/e906-development/src/
NewAcceptanceCorrection/RS70/Existing_Vs_Latest_Acceptance_Comparison/Compare_L
atest_Vs_Existing_LD2_Acceptance_Mass_All_pT_xF_bin13.pdf, page is rotated 90 d
egrees>]
File: /root/github/e906-development/src/AcceptanceCorrection/acceptance_no_unfo
lding_bins//acceptance_overlay_mass_sliced_by_xF_bin14.pdf Graphic file (type p
df)
<use /root/github/e906-development/src/AcceptanceCorrection/acceptance_no_unfol
ding_bins//acceptance_overlay_mass_sliced_by_xF_bin14.pdf>
Package pdftex.def Info: /root/github/e906-development/src/AcceptanceCorrection
/acceptance_no_unfolding_bins//acceptance_overlay_mass_sliced_by_xF_bin14.pdf  
used on input line 3753.
(pdftex.def)             Requested size: 216.67201pt x 155.52834pt.
</root/github/e906-development/src/NewAcceptanceCorrection/RS70/acceptance_over
lay_mass_sliced_by_xF_bin14.pdf, id=20283, 569.12625pt x 408.52625pt>
File: /root/github/e906-development/src/NewAcceptanceCorrection/RS70/acceptance
_overlay_mass_sliced_by_xF_bin14.pdf Graphic file (type pdf)
<use /root/github/e906-development/src/NewAcceptanceCorrection/RS70/acceptance_
overlay_mass_sliced_by_xF_bin14.pdf>
Package pdftex.def Info: /root/github/e906-development/src/NewAcceptanceCorrect
ion/RS70/acceptance_overlay_mass_sliced_by_xF_bin14.pdf  used on input line 375
3.
(pdftex.def)             Requested size: 216.67201pt x 155.52834pt.
 [284

 </root/github/e906-development/src/NewAcceptanceCorrection/RS70/acceptance_ove
rlay_mass_sliced_by_xF_bin14.pdf, page is rotated 90 degrees>]
File: /root/github/e906-development/src/AcceptanceCorrection/acceptance_no_unfo
lding_bins//Acceptance_Mass_All_pT_xF_bin14.pdf Graphic file (type pdf)
<use /root/github/e906-development/src/AcceptanceCorrection/acceptance_no_unfol
ding_bins//Acceptance_Mass_All_pT_xF_bin14.pdf>
Package pdftex.def Info: /root/github/e906-development/src/AcceptanceCorrection
/acceptance_no_unfolding_bins//Acceptance_Mass_All_pT_xF_bin14.pdf  used on inp
ut line 3766.
(pdftex.def)             Requested size: 216.67201pt x 210.17342pt.
</root/github/e906-development/src/NewAcceptanceCorrection/RS70/Acceptance_Mass
_All_pT_xF_bin14.pdf, id=20334, 569.12625pt x 552.0625pt>
File: /root/github/e906-development/src/NewAcceptanceCorrection/RS70/Acceptance
_Mass_All_pT_xF_bin14.pdf Graphic file (type pdf)
<use /root/github/e906-development/src/NewAcceptanceCorrection/RS70/Acceptance_
Mass_All_pT_xF_bin14.pdf>
Package pdftex.def Info: /root/github/e906-development/src/NewAcceptanceCorrect
ion/RS70/Acceptance_Mass_All_pT_xF_bin14.pdf  used on input line 3766.
(pdftex.def)             Requested size: 216.67201pt x 210.17342pt.
 [285

 </root/github/e906-development/src/NewAcceptanceCorrection/RS70/Acceptance_Mas
s_All_pT_xF_bin14.pdf, page is rotated 90 degrees>]
</root/github/e906-development/src/NewAcceptanceCorrection/RS70/Existing_Vs_Lat
est_Acceptance_Comparison/Compare_Latest_Vs_Existing_LH2_Acceptance_Mass_All_pT
_xF_bin14.pdf, id=20386, 569.12625pt x 552.0625pt>
File: /root/github/e906-development/src/NewAcceptanceCorrection/RS70/Existing_V
s_Latest_Acceptance_Comparison/Compare_Latest_Vs_Existing_LH2_Acceptance_Mass_A
ll_pT_xF_bin14.pdf Graphic file (type pdf)
<use /root/github/e906-development/src/NewAcceptanceCorrection/RS70/Existing_Vs
_Latest_Acceptance_Comparison/Compare_Latest_Vs_Existing_LH2_Acceptance_Mass_Al
l_pT_xF_bin14.pdf>
Package pdftex.def Info: /root/github/e906-development/src/NewAcceptanceCorrect
ion/RS70/Existing_Vs_Latest_Acceptance_Comparison/Compare_Latest_Vs_Existing_LH
2_Acceptance_Mass_All_pT_xF_bin14.pdf  used on input line 3779.
(pdftex.def)             Requested size: 216.67201pt x 210.17342pt.
</root/github/e906-development/src/NewAcceptanceCorrection/RS70/Existing_Vs_Lat
est_Acceptance_Comparison/Compare_Latest_Vs_Existing_LD2_Acceptance_Mass_All_pT
_xF_bin14.pdf, id=20387, 569.12625pt x 552.0625pt>
File: /root/github/e906-development/src/NewAcceptanceCorrection/RS70/Existing_V
s_Latest_Acceptance_Comparison/Compare_Latest_Vs_Existing_LD2_Acceptance_Mass_A
ll_pT_xF_bin14.pdf Graphic file (type pdf)
<use /root/github/e906-development/src/NewAcceptanceCorrection/RS70/Existing_Vs
_Latest_Acceptance_Comparison/Compare_Latest_Vs_Existing_LD2_Acceptance_Mass_Al
l_pT_xF_bin14.pdf>
Package pdftex.def Info: /root/github/e906-development/src/NewAcceptanceCorrect
ion/RS70/Existing_Vs_Latest_Acceptance_Comparison/Compare_Latest_Vs_Existing_LD
2_Acceptance_Mass_All_pT_xF_bin14.pdf  used on input line 3779.
(pdftex.def)             Requested size: 216.67201pt x 210.17342pt.
 [286

 </root/github/e906-development/src/NewAcceptanceCorrection/RS70/Existing_Vs_La
test_Acceptance_Comparison/Compare_Latest_Vs_Existing_LH2_Acceptance_Mass_All_p
T_xF_bin14.pdf, page is rotated 90 degrees> </root/github/e906-development/src/
NewAcceptanceCorrection/RS70/Existing_Vs_Latest_Acceptance_Comparison/Compare_L
atest_Vs_Existing_LD2_Acceptance_Mass_All_pT_xF_bin14.pdf, page is rotated 90 d
egrees>]
File: /root/github/e906-development/src/AcceptanceCorrection/acceptance_no_unfo
lding_bins//acceptance_overlay_mass_sliced_by_xF_bin15.pdf Graphic file (type p
df)
<use /root/github/e906-development/src/AcceptanceCorrection/acceptance_no_unfol
ding_bins//acceptance_overlay_mass_sliced_by_xF_bin15.pdf>
Package pdftex.def Info: /root/github/e906-development/src/AcceptanceCorrection
/acceptance_no_unfolding_bins//acceptance_overlay_mass_sliced_by_xF_bin15.pdf  
used on input line 3792.
(pdftex.def)             Requested size: 216.67201pt x 155.52834pt.
</root/github/e906-development/src/NewAcceptanceCorrection/RS70/acceptance_over
lay_mass_sliced_by_xF_bin15.pdf, id=20481, 569.12625pt x 408.52625pt>
File: /root/github/e906-development/src/NewAcceptanceCorrection/RS70/acceptance
_overlay_mass_sliced_by_xF_bin15.pdf Graphic file (type pdf)
<use /root/github/e906-development/src/NewAcceptanceCorrection/RS70/acceptance_
overlay_mass_sliced_by_xF_bin15.pdf>
Package pdftex.def Info: /root/github/e906-development/src/NewAcceptanceCorrect
ion/RS70/acceptance_overlay_mass_sliced_by_xF_bin15.pdf  used on input line 379
2.
(pdftex.def)             Requested size: 216.67201pt x 155.52834pt.
 [287

 </root/github/e906-development/src/NewAcceptanceCorrection/RS70/acceptance_ove
rlay_mass_sliced_by_xF_bin15.pdf, page is rotated 90 degrees>]
File: /root/github/e906-development/src/AcceptanceCorrection/acceptance_no_unfo
lding_bins//Acceptance_Mass_All_pT_xF_bin15.pdf Graphic file (type pdf)
<use /root/github/e906-development/src/AcceptanceCorrection/acceptance_no_unfol
ding_bins//Acceptance_Mass_All_pT_xF_bin15.pdf>
Package pdftex.def Info: /root/github/e906-development/src/AcceptanceCorrection
/acceptance_no_unfolding_bins//Acceptance_Mass_All_pT_xF_bin15.pdf  used on inp
ut line 3805.
(pdftex.def)             Requested size: 216.67201pt x 210.17342pt.
</root/github/e906-development/src/NewAcceptanceCorrection/RS70/Acceptance_Mass
_All_pT_xF_bin15.pdf, id=20532, 569.12625pt x 552.0625pt>
File: /root/github/e906-development/src/NewAcceptanceCorrection/RS70/Acceptance
_Mass_All_pT_xF_bin15.pdf Graphic file (type pdf)
<use /root/github/e906-development/src/NewAcceptanceCorrection/RS70/Acceptance_
Mass_All_pT_xF_bin15.pdf>
Package pdftex.def Info: /root/github/e906-development/src/NewAcceptanceCorrect
ion/RS70/Acceptance_Mass_All_pT_xF_bin15.pdf  used on input line 3805.
(pdftex.def)             Requested size: 216.67201pt x 210.17342pt.
 [288

 </root/github/e906-development/src/NewAcceptanceCorrection/RS70/Acceptance_Mas
s_All_pT_xF_bin15.pdf, page is rotated 90 degrees>]
</root/github/e906-development/src/NewAcceptanceCorrection/RS70/Existing_Vs_Lat
est_Acceptance_Comparison/Compare_Latest_Vs_Existing_LH2_Acceptance_Mass_All_pT
_xF_bin15.pdf, id=20583, 569.12625pt x 552.0625pt>
File: /root/github/e906-development/src/NewAcceptanceCorrection/RS70/Existing_V
s_Latest_Acceptance_Comparison/Compare_Latest_Vs_Existing_LH2_Acceptance_Mass_A
ll_pT_xF_bin15.pdf Graphic file (type pdf)
<use /root/github/e906-development/src/NewAcceptanceCorrection/RS70/Existing_Vs
_Latest_Acceptance_Comparison/Compare_Latest_Vs_Existing_LH2_Acceptance_Mass_Al
l_pT_xF_bin15.pdf>
Package pdftex.def Info: /root/github/e906-development/src/NewAcceptanceCorrect
ion/RS70/Existing_Vs_Latest_Acceptance_Comparison/Compare_Latest_Vs_Existing_LH
2_Acceptance_Mass_All_pT_xF_bin15.pdf  used on input line 3818.
(pdftex.def)             Requested size: 216.67201pt x 210.17342pt.
</root/github/e906-development/src/NewAcceptanceCorrection/RS70/Existing_Vs_Lat
est_Acceptance_Comparison/Compare_Latest_Vs_Existing_LD2_Acceptance_Mass_All_pT
_xF_bin15.pdf, id=20584, 569.12625pt x 552.0625pt>
File: /root/github/e906-development/src/NewAcceptanceCorrection/RS70/Existing_V
s_Latest_Acceptance_Comparison/Compare_Latest_Vs_Existing_LD2_Acceptance_Mass_A
ll_pT_xF_bin15.pdf Graphic file (type pdf)
<use /root/github/e906-development/src/NewAcceptanceCorrection/RS70/Existing_Vs
_Latest_Acceptance_Comparison/Compare_Latest_Vs_Existing_LD2_Acceptance_Mass_Al
l_pT_xF_bin15.pdf>
Package pdftex.def Info: /root/github/e906-development/src/NewAcceptanceCorrect
ion/RS70/Existing_Vs_Latest_Acceptance_Comparison/Compare_Latest_Vs_Existing_LD
2_Acceptance_Mass_All_pT_xF_bin15.pdf  used on input line 3818.
(pdftex.def)             Requested size: 216.67201pt x 210.17342pt.
 [289

 </root/github/e906-development/src/NewAcceptanceCorrection/RS70/Existing_Vs_La
test_Acceptance_Comparison/Compare_Latest_Vs_Existing_LH2_Acceptance_Mass_All_p
T_xF_bin15.pdf, page is rotated 90 degrees> </root/github/e906-development/src/
NewAcceptanceCorrection/RS70/Existing_Vs_Latest_Acceptance_Comparison/Compare_L
atest_Vs_Existing_LD2_Acceptance_Mass_All_pT_xF_bin15.pdf, page is rotated 90 d
egrees>] [290

]
\tf@nav=\write6
\openout6 = `acceptance_slides.nav'.

\tf@toc=\write7
\openout7 = `acceptance_slides.toc'.

\tf@snm=\write8
\openout8 = `acceptance_slides.snm'.

 (./acceptance_slides.aux)
 ***********
LaTeX2e <2023-11-01> patch level 1
L3 programming layer <2024-01-22>
 ***********
Package rerunfilecheck Info: File `acceptance_slides.out' has not changed.
(rerunfilecheck)             Checksum: F029E72F09554FD609AF76FBD59F52CD;3312.
 ) 
Here is how much of TeX's memory you used:
 25797 strings out of 476182
 845889 string characters out of 5795595
 1939975 words of memory out of 5000000
 46744 multiletter control sequences out of 15000+600000
 571019 words of font info for 83 fonts, out of 8000000 for 9000
 14 hyphenation exceptions out of 8191
 128i,15n,123p,413b,661s stack positions out of 10000i,1000n,20000p,200000b,200000s
</usr/share/texlive/texmf-dist/fonts/type1/public/amsfonts/cm/cmmi10.pfb></us
r/share/texlive/texmf-dist/fonts/type1/public/amsfonts/cm/cmmi12.pfb></usr/shar
e/texlive/texmf-dist/fonts/type1/public/amsfonts/cm/cmmi8.pfb></usr/share/texli
ve/texmf-dist/fonts/type1/public/amsfonts/cm/cmss10.pfb></usr/share/texlive/tex
mf-dist/fonts/type1/public/amsfonts/cm/cmss12.pfb></usr/share/texlive/texmf-dis
t/fonts/type1/public/amsfonts/cm/cmss8.pfb></usr/share/texlive/texmf-dist/fonts
/type1/public/amsfonts/cm/cmssbx10.pfb></usr/share/texlive/texmf-dist/fonts/typ
e1/public/amsfonts/cm/cmssi10.pfb></usr/share/texlive/texmf-dist/fonts/type1/pu
blic/amsfonts/cm/cmssi12.pfb></usr/share/texlive/texmf-dist/fonts/type1/public/
amsfonts/cm/cmssi8.pfb></usr/share/texlive/texmf-dist/fonts/type1/public/amsfon
ts/cm/cmsy10.pfb></usr/share/texlive/texmf-dist/fonts/type1/public/amsfonts/cm/
cmtt10.pfb>
Output written on acceptance_slides.pdf (290 pages, 7049120 bytes).
PDF statistics:
 20873 PDF objects out of 22161 (max. 8388607)
 9292 compressed objects within 93 object streams
 602 named destinations out of 1000 (max. 500000)
 2343 words of extra memory for PDF output out of 10000 (max. 10000000)

