pT Bin,pT Center,LH2 Mass Centroid,N_LH2_total,N_LH2_mixed,N_flask_total,N_flask_mixed,eps_LH2,eps_LD2,eps_flask,Corrected Total Mass LH2 (num),Corrected Yield LH2 (denom)
"[0.00, 0.32)",0.16,5.026832621002455,4650,151,113,5,0.6914916057460359,0.6789623525992545,0.7058454536653566,29653.02269285372,5898.9476930187275
"[0.32, 0.49)",0.405,4.985256266290109,5117,191,134,16,0.6926412872450457,0.6790089231915324,0.730383644342666,32258.053043072447,6470.691037730345
"[0.49, 0.63)",0.56,5.015398791034235,4719,249,150,14,0.6900586902046474,0.6742489513403089,0.6896373519073958,28562.78415133448,5695.017553219232
"[0.63, 0.77)",0.7,5.008154502086998,4598,269,136,22,0.6879783122120215,0.6750458665080035,0.7114252419879249,28327.93527596478,5656.36209189632
"[0.77, 0.95)",0.86,5.058299455927057,5051,395,152,24,0.686386543172132,0.670430476054431,0.6942524841357897,30610.780445236553,6051.5951481220445
"[0.95, 1.18)",1.065,5.096603723112143,4714,528,148,31,0.6808010775289105,0.664958963012225,0.6568765321989766,27734.245123571938,5441.711113972297
"[1.18, 1.80)",1.49,5.15297421976833,4843,901,240,61,0.6620759715163073,0.6550961702342887,0.6550763709298394,25092.34761773704,4869.488289204977
