pT Bin,pT Center,LD2 Mass Centroid,N_LD2_total,N_LD2_mixed,N_LH2_total,N_LH2_mixed,N_flask_total,N_flask_mixed,eps_LH2,eps_LD2,eps_flask,Corrected Total Mass LD2 (num),Corrected Yield LD2 (denom)
"[0.00, 0.32)",0.16,4.986021275915908,5148,163,4650,151,113,5,0.6914916057460359,0.6789623525992545,0.7058454536653566,34423.979149790415,6904.097925949363
"[0.32, 0.49)",0.405,4.999971936051788,5736,231,5117,191,134,16,0.6926412872450457,0.6790089231915324,0.730383644342666,38207.1837684488,7641.4796437075565
"[0.49, 0.63)",0.56,5.016800580306926,5320,220,4719,249,150,14,0.6900586902046474,0.6742489513403089,0.6896373519073958,35251.72467841817,7026.734292926884
"[0.63, 0.77)",0.7,5.023186713397754,5011,285,4598,269,136,22,0.6879783122120215,0.6750458665080035,0.7114252419879249,32900.68451736326,6549.763406088638
"[0.77, 0.95)",0.86,5.042512049498212,5641,410,5051,395,152,24,0.686386543172132,0.670430476054431,0.6942524841357897,36758.81854117748,7289.782985215753
"[0.95, 1.18)",1.065,5.083964840894593,5060,570,4714,528,148,31,0.6808010775289105,0.664958963012225,0.6568765321989766,31839.881117801575,6262.805136197384
"[1.18, 1.80)",1.49,5.1814463391543795,5020,956,4843,901,240,61,0.6620759715163073,0.6550961702342887,0.6550763709298394,28510.632928645246,5502.446819375577
