recoeff,recoeff_error,hodoeff,hodoeff_error
0.8615261716520889,0.018602519019749273,0.9678092830257888,0.01448466149544185
0.7626142496662066,0.010124839540056848,0.9616392996243471,0.008408377717781801
0.694861861160068,0.007381753058933953,0.9735555111004291,0.0070469212238914065
0.8423940462485822,0.014471824090353653,0.9579545464913248,0.009247349753667753
0.7964574720811988,0.01049191866271363,0.973037277662142,0.005680728965225614
0.8447855619240205,0.014596264902366856,0.9898418746320868,0.00225731512622168
0.3071593746645109,0.01917619411310385,0.9473557304483292,0.026192296359792974
0.7552352833578527,0.008962254514771083,0.9296786977209589,0.026302368228241745
0.4886737690212894,0.0060738322149832226,0.9383924650454101,0.011103239408430068

average recoeff,0.7059675321973131
propagated recoeff_error (without correlations),0.004332708261283675
propagated recoeff_error (with correlations),0.0077687389636197585
average hodoeff,0.9599182984167575
propagated hodoeff_error,0.004911787098040187
total_eff = average recoeff (with correlations) * average hodoeff,0.6776711522443223
total_eff_error = propagated error of total_eff,0.008224118594022837
