recoeff,recoeff_error,hodoeff,hodoeff_error
0.809027855563091,0.011895004664911614,0.9275990527611492,0.027946436962023036
0.5654499848918264,0.007106054089911928,0.9344720039512044,0.017778587893754402
0.8495685932748972,0.015225728753459062,0.9846932806280758,0.002263885610325882
0.7040417639356029,0.007523662464033888,0.9649789582763684,0.006560683282717748
0.4006907197131289,0.008708660117232892,0.9365674832405604,0.03785032086550811
0.6244141165118061,0.00778138789056772,0.9577182013739421,0.009190801039498726
0.5441379036662013,0.005828895414683017,0.9665274653871105,0.015203384120092063
0.6691501051058735,0.008739149231608217,0.9586303070242767,0.01525732770546213
0.6102734808679725,0.006393349424973825,0.9746734167425183,0.0029501506581576993

average recoeff,0.6418616137256
propagated recoeff_error (without correlations),0.003079261335410436
propagated recoeff_error (with correlations),0.005041236615096223
average hodoeff,0.9562066854872451
propagated hodoeff_error,0.006221229295032858
total_eff = average recoeff (with correlations) * average hodoeff,0.6137523662020504
total_eff_error = propagated error of total_eff,0.006259574069728181
