recoeff,recoeff_error,hodoeff,hodoeff_error
0.6627017437482171,0.007524116272524276,0.9702381642251466,0.009429934563730645
0.7063367396294866,0.007677970436977586,0.9759728721778508,0.008524995535889293
0.6994518125478355,0.00735488577417158,0.9521189204811659,0.008513920601815318
0.6627017437482171,0.007524116272524276,0.976839424978573,0.004628012614720959
0.694861861160068,0.007381753058933953,0.9875119583481754,0.0044932845357364476
0.8843089775365149,0.0389301064345675,0.985373353051486,0.002898598900736078
0.7552352833578527,0.008962254514771083,0.9716890226310677,0.004689298363012376

average recoeff,0.7236568802468846
propagated recoeff_error (without correlations),0.006188593354011602
propagated recoeff_error (with correlations),0.008331291611792073
average hodoeff,0.9742491022704952
propagated hodoeff_error,0.0024993287269519404
total_eff = average recoeff (with correlations) * average hodoeff,0.7050220659323946
total_eff_error = propagated error of total_eff,0.008315823675740242
