recoeff,recoeff_error,hodoeff,hodoeff_error
0.644968750014662,0.00702630590725174,0.9752367519265425,0.007343234066147557
0.6765020556089981,0.009227397685515691,0.9624352159648192,0.01654784639815578
0.8006475999084962,0.010692763426442384,0.9483342535810598,0.012362235445329361
0.6481929306934903,0.00674892660117928,0.9608755534191457,0.006569780272655663
0.5512419307414097,0.0059580974252245,0.9468413118474185,0.017155175700345606
0.5654499848918264,0.007106054089911928,0.9599600041181277,0.015234739570890688

average recoeff,0.6478338753098137
propagated recoeff_error (without correlations),0.0032506066629004082
propagated recoeff_error (with correlations),0.004755488759621098
average hodoeff,0.9589471818095189
propagated hodoeff_error,0.005400973492771958
total_eff = average recoeff (with correlations) * average hodoeff,0.6212384690090851
total_eff_error = propagated error of total_eff,0.005747915337479234
